job,role,n,sum,min,median,mean,max,std_population
sft.REP96.0.GOLD_ALL,focus,384,3072,8,8.0,8,8,0.0
sft.REP96.0.GOLD_ALL,replay,64,1024,16,16.0,16,16,0.0
sft.REP96.0.SELF_MIX,focus,279,3072,11,11,11.010752688172044,12,0.10313616179167139
sft.REP96.0.SELF_MIX,replay,64,1024,16,16.0,16,16,0.0
sft.REP96.0.SELF_O0,focus,200,3072,15,15.0,15.36,16,0.48000000000000004
sft.REP96.0.SELF_O0,replay,64,1024,16,16.0,16,16,0.0
sft.REP96.0.SELF_SINGLE,focus,209,3072,14,15,14.698564593301436,15,0.45888135970753435
sft.REP96.0.SELF_SINGLE,replay,64,1024,16,16.0,16,16,0.0
sft.REP96.1.GOLD_ALL,focus,384,3072,8,8.0,8,8,0.0
sft.REP96.1.GOLD_ALL,replay,64,1024,16,16.0,16,16,0.0
sft.REP96.1.SELF_MIX,focus,278,3072,11,11.0,11.050359712230216,12,0.21868610292907428
sft.REP96.1.SELF_MIX,replay,64,1024,16,16.0,16,16,0.0
sft.REP96.1.SELF_O0,focus,196,3072,15,16.0,15.673469387755102,16,0.46894388951330845
sft.REP96.1.SELF_O0,replay,64,1024,16,16.0,16,16,0.0
sft.REP96.1.SELF_SINGLE,focus,204,3072,15,15.0,15.058823529411764,16,0.23529411764705882
sft.REP96.1.SELF_SINGLE,replay,64,1024,16,16.0,16,16,0.0
sft.S96.0.GOLD_ALL,focus,384,3072,8,8.0,8,8,0.0
sft.S96.0.GOLD_ALL,replay,64,1024,16,16.0,16,16,0.0
sft.S96.0.GOLD_MATCH_MIX,focus,290,3072,10,11.0,10.593103448275862,11,0.49125527775194827
sft.S96.0.GOLD_MATCH_MIX,replay,64,1024,16,16.0,16,16,0.0
sft.S96.0.REPLAY_ONLY,focus,0,0,,,,,
sft.S96.0.REPLAY_ONLY,replay,64,1024,16,16.0,16,16,0.0
sft.S96.0.SELF_MIX,focus,290,3072,10,11.0,10.593103448275862,11,0.49125527775194827
sft.S96.0.SELF_MIX,replay,64,1024,16,16.0,16,16,0.0
sft.S96.0.SELF_O0,focus,200,3072,15,15.0,15.36,16,0.48000000000000004
sft.S96.0.SELF_O0,replay,64,1024,16,16.0,16,16,0.0
sft.S96.0.SELF_SINGLE,focus,209,3072,14,15,14.698564593301436,15,0.45888135970753435
sft.S96.0.SELF_SINGLE,replay,64,1024,16,16.0,16,16,0.0
sft.S96.1.GOLD_ALL,focus,384,3072,8,8.0,8,8,0.0
sft.S96.1.GOLD_ALL,replay,64,1024,16,16.0,16,16,0.0
sft.S96.1.GOLD_MATCH_MIX,focus,293,3072,10,10,10.484641638225256,11,0.49976406505829934
sft.S96.1.GOLD_MATCH_MIX,replay,64,1024,16,16.0,16,16,0.0
sft.S96.1.REPLAY_ONLY,focus,0,0,,,,,
sft.S96.1.REPLAY_ONLY,replay,64,1024,16,16.0,16,16,0.0
sft.S96.1.SELF_MIX,focus,293,3072,10,10,10.484641638225256,11,0.49976406505829934
sft.S96.1.SELF_MIX,replay,64,1024,16,16.0,16,16,0.0
sft.S96.1.SELF_O0,focus,202,3072,15,15.0,15.207920792079207,16,0.4058198323152316
sft.S96.1.SELF_O0,replay,64,1024,16,16.0,16,16,0.0
sft.S96.1.SELF_SINGLE,focus,211,3072,14,15,14.559241706161137,15,0.49647801587896867
sft.S96.1.SELF_SINGLE,replay,64,1024,16,16.0,16,16,0.0
