seed,arm,anchor,method,rank_cap,alpha,n,noise,r,k,selection_source,metric_space,full_J_rmse,low_J_rmse,direction_omission_rmse,fit_sampling_rmse,total_rmse,triangle_bound_mean,total_residual_norm_mean,frozen_model_reproduction_max_abs,source_frozen_record,vector_file
301,X_BASE,8,B5_EXACT_SELECTED_DIAGNOSTIC,1,0.01,exact,0,1,23,EXACT_MODEL_SELECTION_FROZEN_BEFORE_LOCKED_TEST,concatenated_per_prompt_helmert,0.00011510849518488333,0.002482855320075767,0.0024027238437961448,0.002232269945365438,0.0011716177973219682,0.06640102506042896,0.014416920086220577,0.0,41,exact_rule_vectors/000041.npz
301,X_BASE,8,B5_EXACT_SELECTED_DIAGNOSTIC,1,0.01,64,0,1,23,EXACT_MODEL_SELECTION_FROZEN_BEFORE_LOCKED_TEST,concatenated_per_prompt_helmert,0.00011510849518488333,0.004009096398375913,0.003908195917853142,0.020578583022616816,0.02090982967006433,0.2850677549691831,0.24710016013833883,0.0,83,exact_rule_vectors/000083.npz
301,X_BASE,8,B5_EXACT_SELECTED_DIAGNOSTIC,1,0.01,16,0,1,23,EXACT_MODEL_SELECTION_FROZEN_BEFORE_LOCKED_TEST,concatenated_per_prompt_helmert,0.00011510849518488333,0.0037642315449123546,0.003660467172992156,0.0857810171359038,0.08542518386265777,1.2786200903958833,1.2196812110241033,0.0,192,exact_rule_vectors/000192.npz
301,X_BASE,8,B5_EXACT_SELECTED_DIAGNOSTIC,1,0.01,256,0,1,23,EXACT_MODEL_SELECTION_FROZEN_BEFORE_LOCKED_TEST,concatenated_per_prompt_helmert,0.00011510849518488333,0.00375898204704752,0.0036551244377944075,0.018665642655101993,0.01856785463845203,0.31140724702443445,0.2568449264575696,0.0,220,exact_rule_vectors/000220.npz
301,X_BASE,24,B5_EXACT_SELECTED_DIAGNOSTIC,1,0.01,exact,0,1,20,EXACT_MODEL_SELECTION_FROZEN_BEFORE_LOCKED_TEST,concatenated_per_prompt_helmert,0.00020735049267123912,0.0034211398620058934,0.003431253566793023,0.0035962250251029945,0.0017858761328016517,0.1022560560154165,0.023998641539991025,0.0,278,exact_rule_vectors/000278.npz
301,X_BASE,24,B5_EXACT_SELECTED_DIAGNOSTIC,1,0.01,64,0,1,20,EXACT_MODEL_SELECTION_FROZEN_BEFORE_LOCKED_TEST,concatenated_per_prompt_helmert,0.00020735049267123912,0.010437512921879818,0.010251103932677315,0.04217805295641556,0.04320320723515469,0.7064102550527789,0.577679899921422,0.0,320,exact_rule_vectors/000320.npz
301,X_BASE,24,B5_EXACT_SELECTED_DIAGNOSTIC,1,0.01,16,0,1,20,EXACT_MODEL_SELECTION_FROZEN_BEFORE_LOCKED_TEST,concatenated_per_prompt_helmert,0.00020735049267123912,0.009587756457252586,0.009401437080207567,0.11721859396995964,0.1158277844153153,1.8478405522026309,1.687586706514707,0.0,429,exact_rule_vectors/000429.npz
301,X_BASE,24,B5_EXACT_SELECTED_DIAGNOSTIC,1,0.01,256,0,1,20,EXACT_MODEL_SELECTION_FROZEN_BEFORE_LOCKED_TEST,concatenated_per_prompt_helmert,0.00020735049267123912,0.009978999938820418,0.009791377595452566,0.016793115556524775,0.01665919682150354,0.3809204312709336,0.23834667889226246,0.0,457,exact_rule_vectors/000457.npz
301,X_BASE,40,B5_EXACT_SELECTED_DIAGNOSTIC,1,0.01,exact,0,1,11,EXACT_MODEL_SELECTION_FROZEN_BEFORE_LOCKED_TEST,concatenated_per_prompt_helmert,0.0002871440207509044,0.003831362227749515,0.0038535324784899857,0.0029353710154199427,0.0020216328231177872,0.1014274375666333,0.02648722827884564,0.0,515,exact_rule_vectors/000515.npz
301,X_BASE,40,B5_EXACT_SELECTED_DIAGNOSTIC,1,0.01,64,0,1,11,EXACT_MODEL_SELECTION_FROZEN_BEFORE_LOCKED_TEST,concatenated_per_prompt_helmert,0.0002871440207509044,0.004275280643222003,0.004356294197830783,0.06298196089253956,0.06257294425573216,0.9720299777324999,0.8983727246678894,0.0,557,exact_rule_vectors/000557.npz
301,X_BASE,40,B5_EXACT_SELECTED_DIAGNOSTIC,1,0.01,16,0,1,11,EXACT_MODEL_SELECTION_FROZEN_BEFORE_LOCKED_TEST,concatenated_per_prompt_helmert,0.0002871440207509044,0.004866585299377529,0.0050007544389841984,0.09003944717545573,0.08962687743515108,1.305176105126024,1.2224751931812967,0.0,666,exact_rule_vectors/000666.npz
301,X_BASE,40,B5_EXACT_SELECTED_DIAGNOSTIC,1,0.01,256,0,1,11,EXACT_MODEL_SELECTION_FROZEN_BEFORE_LOCKED_TEST,concatenated_per_prompt_helmert,0.0002871440207509044,0.004501729864862439,0.00461202225998605,0.029361482332999407,0.028908628193691308,0.48715363657302996,0.40950558165395784,0.0,694,exact_rule_vectors/000694.npz
301,X_VALID,8,B5_EXACT_SELECTED_DIAGNOSTIC,1,0.01,exact,0,1,14,EXACT_MODEL_SELECTION_FROZEN_BEFORE_LOCKED_TEST,concatenated_per_prompt_helmert,8.907056970059459e-05,0.0007424157665381126,0.0007039616664854589,0.0005768542710022264,0.0003325619661416815,0.01954974789199791,0.0040906451149417605,0.0,752,exact_rule_vectors/000752.npz
301,X_VALID,8,B5_EXACT_SELECTED_DIAGNOSTIC,1,0.01,64,0,1,14,EXACT_MODEL_SELECTION_FROZEN_BEFORE_LOCKED_TEST,concatenated_per_prompt_helmert,8.907056970059459e-05,0.005755905116177082,0.00582194459103656,0.04867946222638086,0.048121079230203485,0.7960846938834646,0.7013757576080901,0.0,794,exact_rule_vectors/000794.npz
301,X_VALID,8,B5_EXACT_SELECTED_DIAGNOSTIC,1,0.01,16,0,1,14,EXACT_MODEL_SELECTION_FROZEN_BEFORE_LOCKED_TEST,concatenated_per_prompt_helmert,8.907056970059459e-05,0.0058189249026032895,0.005884678538536015,0.08497442546633154,0.08463680004412791,1.2813060475891245,1.191654034579398,0.0,903,exact_rule_vectors/000903.npz
301,X_VALID,8,B5_EXACT_SELECTED_DIAGNOSTIC,1,0.01,256,0,1,14,EXACT_MODEL_SELECTION_FROZEN_BEFORE_LOCKED_TEST,concatenated_per_prompt_helmert,8.907056970059459e-05,0.005649567369650074,0.005715905779692479,0.02804819559205685,0.027406683293541356,0.4946647676945944,0.40037274694451286,0.0,931,exact_rule_vectors/000931.npz
301,X_VALID,24,B5_EXACT_SELECTED_DIAGNOSTIC,1,0.01,exact,0,1,9,EXACT_MODEL_SELECTION_FROZEN_BEFORE_LOCKED_TEST,concatenated_per_prompt_helmert,5.130199828229941e-05,0.0004166071541663635,0.00040812354805781233,0.0004163998058185881,0.0002767054539849666,0.012652598679668432,0.0032435899845856997,0.0,989,exact_rule_vectors/000989.npz
301,X_VALID,24,B5_EXACT_SELECTED_DIAGNOSTIC,1,0.01,64,0,1,9,EXACT_MODEL_SELECTION_FROZEN_BEFORE_LOCKED_TEST,concatenated_per_prompt_helmert,5.130199828229941e-05,0.0015041639928360011,0.0015507895320234922,0.03583208436162258,0.035807616031402076,0.5020340736286343,0.478504165778551,0.0,1031,exact_rule_vectors/001031.npz
301,X_VALID,24,B5_EXACT_SELECTED_DIAGNOSTIC,1,0.01,16,0,1,9,EXACT_MODEL_SELECTION_FROZEN_BEFORE_LOCKED_TEST,concatenated_per_prompt_helmert,5.130199828229941e-05,0.0015884762851045599,0.0016351205645808795,0.06267287022343056,0.06275045955290726,0.8588843127729516,0.8357961882195087,0.0,1140,exact_rule_vectors/001140.npz
301,X_VALID,24,B5_EXACT_SELECTED_DIAGNOSTIC,1,0.01,256,0,1,9,EXACT_MODEL_SELECTION_FROZEN_BEFORE_LOCKED_TEST,concatenated_per_prompt_helmert,5.130199828229941e-05,0.0015913595031428972,0.001638223192095719,0.016233285121554468,0.016167838636427168,0.23824942735441715,0.2148630170468414,0.0,1168,exact_rule_vectors/001168.npz
301,X_VALID,40,B5_EXACT_SELECTED_DIAGNOSTIC,1,0.01,exact,0,1,9,EXACT_MODEL_SELECTION_FROZEN_BEFORE_LOCKED_TEST,concatenated_per_prompt_helmert,6.1035136964837286e-05,0.0003228709080612167,0.00032822967627217767,0.000358480491699302,0.0002738241340305705,0.010952994789327979,0.003570863836139477,0.0,1226,exact_rule_vectors/001226.npz
301,X_VALID,40,B5_EXACT_SELECTED_DIAGNOSTIC,1,0.01,64,0,1,9,EXACT_MODEL_SELECTION_FROZEN_BEFORE_LOCKED_TEST,concatenated_per_prompt_helmert,6.1035136964837286e-05,0.003497867505076738,0.0034965312149231012,0.04329850606997934,0.043229298649929755,0.678158135722679,0.6250755156284159,0.0,1268,exact_rule_vectors/001268.npz
301,X_VALID,40,B5_EXACT_SELECTED_DIAGNOSTIC,1,0.01,16,0,1,9,EXACT_MODEL_SELECTION_FROZEN_BEFORE_LOCKED_TEST,concatenated_per_prompt_helmert,6.1035136964837286e-05,0.0037009657826208154,0.003698723945818687,0.085966997042994,0.08622335005502231,1.3074058021574224,1.256093398435956,0.0,1377,exact_rule_vectors/001377.npz
301,X_VALID,40,B5_EXACT_SELECTED_DIAGNOSTIC,1,0.01,256,0,1,9,EXACT_MODEL_SELECTION_FROZEN_BEFORE_LOCKED_TEST,concatenated_per_prompt_helmert,6.1035136964837286e-05,0.003180671272132373,0.0031793552976913412,0.023336582493861665,0.02358496150384657,0.3888107714141454,0.345011200034888,0.0,1405,exact_rule_vectors/001405.npz
302,X_BASE,8,B5_EXACT_SELECTED_DIAGNOSTIC,1,0.01,exact,0,1,18,EXACT_MODEL_SELECTION_FROZEN_BEFORE_LOCKED_TEST,concatenated_per_prompt_helmert,4.90902956278168e-05,0.0022091149389149374,0.0021736734514361017,0.00010752351098404122,0.002202750282062359,0.033863060992639166,0.03230688493656478,0.0,1463,exact_rule_vectors/001463.npz
302,X_BASE,8,B5_EXACT_SELECTED_DIAGNOSTIC,1,0.01,64,0,1,18,EXACT_MODEL_SELECTION_FROZEN_BEFORE_LOCKED_TEST,concatenated_per_prompt_helmert,4.90902956278168e-05,0.002607361071859774,0.0025710313277924656,0.03996281051592921,0.03979517055484178,0.6123358876737184,0.5716737385189993,0.0,1505,exact_rule_vectors/001505.npz
302,X_BASE,8,B5_EXACT_SELECTED_DIAGNOSTIC,1,0.01,16,0,1,18,EXACT_MODEL_SELECTION_FROZEN_BEFORE_LOCKED_TEST,concatenated_per_prompt_helmert,4.90902956278168e-05,0.0025643302920861488,0.0025283932952105993,0.059558653373605386,0.05967056417580468,0.7914994246943268,0.7561695583802605,0.0,1614,exact_rule_vectors/001614.npz
302,X_BASE,8,B5_EXACT_SELECTED_DIAGNOSTIC,1,0.01,256,0,1,18,EXACT_MODEL_SELECTION_FROZEN_BEFORE_LOCKED_TEST,concatenated_per_prompt_helmert,4.90902956278168e-05,0.002594585749476968,0.0025573543839248793,0.015361022253679307,0.015432643481836534,0.24545410338696474,0.20966491326794678,0.0,1642,exact_rule_vectors/001642.npz
302,X_BASE,24,B5_EXACT_SELECTED_DIAGNOSTIC,1,0.01,exact,0,1,21,EXACT_MODEL_SELECTION_FROZEN_BEFORE_LOCKED_TEST,concatenated_per_prompt_helmert,8.571651728368009e-05,0.004928929713331039,0.004909442339121454,0.004435093767439185,0.0017628897821298966,0.13613883859002804,0.02152562468478729,0.0,1700,exact_rule_vectors/001700.npz
302,X_BASE,24,B5_EXACT_SELECTED_DIAGNOSTIC,1,0.01,64,0,1,21,EXACT_MODEL_SELECTION_FROZEN_BEFORE_LOCKED_TEST,concatenated_per_prompt_helmert,8.571651728368009e-05,0.006124697871554335,0.00609285130034541,0.05467787535576473,0.05480596916380124,0.873304817932658,0.7848490613920727,0.0,1742,exact_rule_vectors/001742.npz
302,X_BASE,24,B5_EXACT_SELECTED_DIAGNOSTIC,1,0.01,16,0,1,21,EXACT_MODEL_SELECTION_FROZEN_BEFORE_LOCKED_TEST,concatenated_per_prompt_helmert,8.571651728368009e-05,0.006464202637369101,0.00643245068495318,0.10677072977337948,0.1066654175255973,1.6335534299524819,1.5366942187988721,0.0,1851,exact_rule_vectors/001851.npz
302,X_BASE,24,B5_EXACT_SELECTED_DIAGNOSTIC,1,0.01,256,0,1,21,EXACT_MODEL_SELECTION_FROZEN_BEFORE_LOCKED_TEST,concatenated_per_prompt_helmert,8.571651728368009e-05,0.006667620115481325,0.006636827957785386,0.019260537369708477,0.01919964761956398,0.3559314098033122,0.26116524833370974,0.0,1879,exact_rule_vectors/001879.npz
302,X_BASE,40,B5_EXACT_SELECTED_DIAGNOSTIC,1,0.01,exact,0,1,15,EXACT_MODEL_SELECTION_FROZEN_BEFORE_LOCKED_TEST,concatenated_per_prompt_helmert,0.00013084135005507068,0.002715654011546338,0.002696860889273282,0.0028486272373925516,0.0017312120331855123,0.08235875241339531,0.0237867117502939,0.0,1937,exact_rule_vectors/001937.npz
302,X_BASE,40,B5_EXACT_SELECTED_DIAGNOSTIC,1,0.01,64,0,1,15,EXACT_MODEL_SELECTION_FROZEN_BEFORE_LOCKED_TEST,concatenated_per_prompt_helmert,0.00013084135005507068,0.009125868279869994,0.009168541662962736,0.02213151898015818,0.023158149549067912,0.4064439685326086,0.30766725100543324,0.0,1979,exact_rule_vectors/001979.npz
302,X_BASE,40,B5_EXACT_SELECTED_DIAGNOSTIC,1,0.01,16,0,1,15,EXACT_MODEL_SELECTION_FROZEN_BEFORE_LOCKED_TEST,concatenated_per_prompt_helmert,0.00013084135005507068,0.008929907290555998,0.008972178775839544,0.04857944658334565,0.04999836047437992,0.7196922079973147,0.6232831949652274,0.0,2088,exact_rule_vectors/002088.npz
302,X_BASE,40,B5_EXACT_SELECTED_DIAGNOSTIC,1,0.01,256,0,1,15,EXACT_MODEL_SELECTION_FROZEN_BEFORE_LOCKED_TEST,concatenated_per_prompt_helmert,0.00013084135005507068,0.01010066500832661,0.010142844878288794,0.013670173993647412,0.016547612180860503,0.3235976113704039,0.23133312383927818,0.0,2116,exact_rule_vectors/002116.npz
302,X_VALID,8,B5_EXACT_SELECTED_DIAGNOSTIC,1,0.01,exact,0,1,18,EXACT_MODEL_SELECTION_FROZEN_BEFORE_LOCKED_TEST,concatenated_per_prompt_helmert,0.00013252629000378742,0.0005411632080819322,0.0004794635901443014,0.0006575743886081361,0.0003499935931638349,0.018276528594140917,0.003878356375430552,0.0,2174,exact_rule_vectors/002174.npz
302,X_VALID,8,B5_EXACT_SELECTED_DIAGNOSTIC,1,0.01,64,0,1,18,EXACT_MODEL_SELECTION_FROZEN_BEFORE_LOCKED_TEST,concatenated_per_prompt_helmert,0.00013252629000378742,0.00737704602975303,0.007464302075119911,0.010520889788195882,0.013272795967061754,0.2506664801095825,0.18890077497798863,0.0,2216,exact_rule_vectors/002216.npz
302,X_VALID,8,B5_EXACT_SELECTED_DIAGNOSTIC,1,0.01,16,0,1,18,EXACT_MODEL_SELECTION_FROZEN_BEFORE_LOCKED_TEST,concatenated_per_prompt_helmert,0.00013252629000378742,0.007377208337606294,0.007464373319161229,0.017653064011670057,0.0188495733622986,0.3556948071726007,0.2669393926859743,0.0,2325,exact_rule_vectors/002325.npz
302,X_VALID,8,B5_EXACT_SELECTED_DIAGNOSTIC,1,0.01,256,0,1,18,EXACT_MODEL_SELECTION_FROZEN_BEFORE_LOCKED_TEST,concatenated_per_prompt_helmert,0.00013252629000378742,0.007218636435152622,0.007303542138425492,0.020383459443574888,0.019129821791994975,0.4059452427458366,0.2788438490789522,0.0,2353,exact_rule_vectors/002353.npz
302,X_VALID,24,B5_EXACT_SELECTED_DIAGNOSTIC,1,0.01,exact,0,1,9,EXACT_MODEL_SELECTION_FROZEN_BEFORE_LOCKED_TEST,concatenated_per_prompt_helmert,3.411237584710348e-05,0.0008485531724837269,0.0008725377639215982,0.0008086700859126362,0.00033719616313138373,0.024738591225442308,0.0038686199614721816,0.0,2411,exact_rule_vectors/002411.npz
302,X_VALID,24,B5_EXACT_SELECTED_DIAGNOSTIC,1,0.01,64,0,1,9,EXACT_MODEL_SELECTION_FROZEN_BEFORE_LOCKED_TEST,concatenated_per_prompt_helmert,3.411237584710348e-05,0.002078821162578845,0.002053954655218956,0.051627540175414544,0.05165692847588991,0.765463375612824,0.7363579675843778,0.0,2453,exact_rule_vectors/002453.npz
302,X_VALID,24,B5_EXACT_SELECTED_DIAGNOSTIC,1,0.01,16,0,1,9,EXACT_MODEL_SELECTION_FROZEN_BEFORE_LOCKED_TEST,concatenated_per_prompt_helmert,3.411237584710348e-05,0.001961961868188362,0.0019377501285796617,0.10207576563780722,0.10223438819968617,1.4691690723363484,1.4437419180889757,0.0,2562,exact_rule_vectors/002562.npz
302,X_VALID,24,B5_EXACT_SELECTED_DIAGNOSTIC,1,0.01,256,0,1,9,EXACT_MODEL_SELECTION_FROZEN_BEFORE_LOCKED_TEST,concatenated_per_prompt_helmert,3.411237584710348e-05,0.0019245524855699694,0.001900228654486504,0.022743707525227058,0.022846252512693278,0.3373658389665777,0.3119099449191049,0.0,2590,exact_rule_vectors/002590.npz
302,X_VALID,40,B5_EXACT_SELECTED_DIAGNOSTIC,1,0.01,exact,0,1,12,EXACT_MODEL_SELECTION_FROZEN_BEFORE_LOCKED_TEST,concatenated_per_prompt_helmert,3.1771178072398926e-05,0.0005939229414400032,0.0006148262535134151,0.0006100877908404587,0.00020793641590588635,0.0183100112104477,0.0027900698797976,0.0,2648,exact_rule_vectors/002648.npz
302,X_VALID,40,B5_EXACT_SELECTED_DIAGNOSTIC,1,0.01,64,0,1,12,EXACT_MODEL_SELECTION_FROZEN_BEFORE_LOCKED_TEST,concatenated_per_prompt_helmert,3.1771178072398926e-05,0.002610696080605721,0.0025849369099176685,0.03234919704901973,0.03244903958801838,0.5037868047444929,0.46717433913399825,0.0,2690,exact_rule_vectors/002690.npz
302,X_VALID,40,B5_EXACT_SELECTED_DIAGNOSTIC,1,0.01,16,0,1,12,EXACT_MODEL_SELECTION_FROZEN_BEFORE_LOCKED_TEST,concatenated_per_prompt_helmert,3.1771178072398926e-05,0.0025615897088612236,0.0025358659616590996,0.013854641798892361,0.013711834171750545,0.2041912908581028,0.16969741343703423,0.0,2799,exact_rule_vectors/002799.npz
302,X_VALID,40,B5_EXACT_SELECTED_DIAGNOSTIC,1,0.01,256,0,1,12,EXACT_MODEL_SELECTION_FROZEN_BEFORE_LOCKED_TEST,concatenated_per_prompt_helmert,3.1771178072398926e-05,0.0025224537991480923,0.002496784769963042,0.004700465887366003,0.0051573187215791265,0.09098066920418367,0.06841417800914361,0.0,2827,exact_rule_vectors/002827.npz
303,X_BASE,8,B5_EXACT_SELECTED_DIAGNOSTIC,1,0.01,exact,0,1,18,EXACT_MODEL_SELECTION_FROZEN_BEFORE_LOCKED_TEST,concatenated_per_prompt_helmert,4.56204944916682e-05,0.002072389994159586,0.002041680172555112,9.599740523761272e-05,0.0020854550023408254,0.03165511137435796,0.030384973192630994,0.0,2885,exact_rule_vectors/002885.npz
303,X_BASE,8,B5_EXACT_SELECTED_DIAGNOSTIC,1,0.01,64,0,1,18,EXACT_MODEL_SELECTION_FROZEN_BEFORE_LOCKED_TEST,concatenated_per_prompt_helmert,4.56204944916682e-05,0.0024836103832946693,0.0024524170908669474,0.02318560482992466,0.023359718181548788,0.3010156055391425,0.27420769676295037,0.0,2927,exact_rule_vectors/002927.npz
303,X_BASE,8,B5_EXACT_SELECTED_DIAGNOSTIC,1,0.01,16,0,1,18,EXACT_MODEL_SELECTION_FROZEN_BEFORE_LOCKED_TEST,concatenated_per_prompt_helmert,4.56204944916682e-05,0.0024879695255711843,0.0024560405942082083,0.032622446636919204,0.03279357933233645,0.4359648961226539,0.4038590019660122,0.0,3036,exact_rule_vectors/003036.npz
303,X_BASE,8,B5_EXACT_SELECTED_DIAGNOSTIC,1,0.01,256,0,1,18,EXACT_MODEL_SELECTION_FROZEN_BEFORE_LOCKED_TEST,concatenated_per_prompt_helmert,4.56204944916682e-05,0.0024895271119522635,0.002459055757230251,0.02415886269071536,0.024233836740266097,0.3556891748782081,0.3217761121746477,0.0,3064,exact_rule_vectors/003064.npz
303,X_BASE,24,B5_EXACT_SELECTED_DIAGNOSTIC,1,0.01,exact,0,1,17,EXACT_MODEL_SELECTION_FROZEN_BEFORE_LOCKED_TEST,concatenated_per_prompt_helmert,0.00020691548650701662,0.0033587979522442966,0.003413874518791269,0.003194357119863095,0.0009649227454182366,0.0991093435163647,0.013067138584164617,0.0,3122,exact_rule_vectors/003122.npz
303,X_BASE,24,B5_EXACT_SELECTED_DIAGNOSTIC,1,0.01,64,0,1,17,EXACT_MODEL_SELECTION_FROZEN_BEFORE_LOCKED_TEST,concatenated_per_prompt_helmert,0.00020691548650701662,0.010303264092698302,0.010112864801205273,0.019368804328458115,0.021204236179097315,0.38769487604621244,0.2846905969954793,0.0,3164,exact_rule_vectors/003164.npz
303,X_BASE,24,B5_EXACT_SELECTED_DIAGNOSTIC,1,0.01,16,0,1,17,EXACT_MODEL_SELECTION_FROZEN_BEFORE_LOCKED_TEST,concatenated_per_prompt_helmert,0.00020691548650701662,0.010074158009801167,0.009884695441434017,0.015549967819840025,0.018525310738507644,0.3609321341124813,0.2646298858921821,0.0,3273,exact_rule_vectors/003273.npz
303,X_BASE,24,B5_EXACT_SELECTED_DIAGNOSTIC,1,0.01,256,0,1,17,EXACT_MODEL_SELECTION_FROZEN_BEFORE_LOCKED_TEST,concatenated_per_prompt_helmert,0.00020691548650701662,0.010318244807061516,0.010127896443253409,0.013872330262272579,0.014650065898589134,0.33295369610918374,0.2051025835361231,0.0,3301,exact_rule_vectors/003301.npz
303,X_BASE,40,B5_EXACT_SELECTED_DIAGNOSTIC,1,0.01,exact,0,1,12,EXACT_MODEL_SELECTION_FROZEN_BEFORE_LOCKED_TEST,concatenated_per_prompt_helmert,0.00012986400970255144,0.002920552977765152,0.002958812202721928,0.002572288263421644,0.0010650639603675194,0.081582958853911,0.01505045527325044,0.0,3359,exact_rule_vectors/003359.npz
303,X_BASE,40,B5_EXACT_SELECTED_DIAGNOSTIC,1,0.01,64,0,1,12,EXACT_MODEL_SELECTION_FROZEN_BEFORE_LOCKED_TEST,concatenated_per_prompt_helmert,0.00012986400970255144,0.011061906170387457,0.011052756309997335,0.020578869377585844,0.022796874533031586,0.39299529053990073,0.30960915018597795,0.0,3401,exact_rule_vectors/003401.npz
303,X_BASE,40,B5_EXACT_SELECTED_DIAGNOSTIC,1,0.01,16,0,1,12,EXACT_MODEL_SELECTION_FROZEN_BEFORE_LOCKED_TEST,concatenated_per_prompt_helmert,0.00012986400970255144,0.010413371906075946,0.010404877070565652,0.057856627941975554,0.059103968975067714,0.9768105195900186,0.846953292194069,0.0,3510,exact_rule_vectors/003510.npz
303,X_BASE,40,B5_EXACT_SELECTED_DIAGNOSTIC,1,0.01,256,0,1,12,EXACT_MODEL_SELECTION_FROZEN_BEFORE_LOCKED_TEST,concatenated_per_prompt_helmert,0.00012986400970255144,0.009697244514285443,0.009688905678753898,0.03348018129266165,0.031083757332080814,0.6262899013548839,0.4500205739328767,0.0,3538,exact_rule_vectors/003538.npz
303,X_VALID,8,B5_EXACT_SELECTED_DIAGNOSTIC,1,0.01,exact,0,1,17,EXACT_MODEL_SELECTION_FROZEN_BEFORE_LOCKED_TEST,concatenated_per_prompt_helmert,9.917217373259158e-05,0.0005323762689728677,0.0004881014118611796,0.0004779945377700371,0.00026563094993301174,0.015275447249577731,0.003175285784252087,0.0,3596,exact_rule_vectors/003596.npz
303,X_VALID,8,B5_EXACT_SELECTED_DIAGNOSTIC,1,0.01,64,0,1,17,EXACT_MODEL_SELECTION_FROZEN_BEFORE_LOCKED_TEST,concatenated_per_prompt_helmert,9.917217373259158e-05,0.005793777568957937,0.005874304256958739,0.049753252914758274,0.04951239903586863,0.7841679342194121,0.6982637395520187,0.0,3638,exact_rule_vectors/003638.npz
303,X_VALID,8,B5_EXACT_SELECTED_DIAGNOSTIC,1,0.01,16,0,1,17,EXACT_MODEL_SELECTION_FROZEN_BEFORE_LOCKED_TEST,concatenated_per_prompt_helmert,9.917217373259158e-05,0.005718585622089317,0.0057984760563305135,0.03055719181713197,0.030928156203408122,0.48136641565064603,0.40588073099290023,0.0,3747,exact_rule_vectors/003747.npz
303,X_VALID,8,B5_EXACT_SELECTED_DIAGNOSTIC,1,0.01,256,0,1,17,EXACT_MODEL_SELECTION_FROZEN_BEFORE_LOCKED_TEST,concatenated_per_prompt_helmert,9.917217373259158e-05,0.005730923352914107,0.005811197883222435,0.01578541251405689,0.015836472543555052,0.29891621005665797,0.2189033730474381,0.0,3775,exact_rule_vectors/003775.npz
303,X_VALID,24,B5_EXACT_SELECTED_DIAGNOSTIC,1,0.01,exact,0,1,16,EXACT_MODEL_SELECTION_FROZEN_BEFORE_LOCKED_TEST,concatenated_per_prompt_helmert,3.824293598234279e-05,0.0007964945795755026,0.0008118472005692189,0.0005430016976277618,0.0004433165926972456,0.020050696480889543,0.005417153287058059,0.0,3833,exact_rule_vectors/003833.npz
303,X_VALID,24,B5_EXACT_SELECTED_DIAGNOSTIC,1,0.01,64,0,1,16,EXACT_MODEL_SELECTION_FROZEN_BEFORE_LOCKED_TEST,concatenated_per_prompt_helmert,3.824293598234279e-05,0.0010795209564391504,0.0010595610537826557,0.041002129218947775,0.04088850418274457,0.6129477558972206,0.5954383734310349,0.0,3875,exact_rule_vectors/003875.npz
303,X_VALID,24,B5_EXACT_SELECTED_DIAGNOSTIC,1,0.01,16,0,1,16,EXACT_MODEL_SELECTION_FROZEN_BEFORE_LOCKED_TEST,concatenated_per_prompt_helmert,3.824293598234279e-05,0.0010527388053560734,0.0010336302381354185,0.02511835661741315,0.02516578955217113,0.3268279230201634,0.3142711929016513,0.0,3984,exact_rule_vectors/003984.npz
303,X_VALID,24,B5_EXACT_SELECTED_DIAGNOSTIC,1,0.01,256,0,1,16,EXACT_MODEL_SELECTION_FROZEN_BEFORE_LOCKED_TEST,concatenated_per_prompt_helmert,3.824293598234279e-05,0.0010552647937962555,0.0010358591719973206,0.003745644463477187,0.0039048709409851743,0.05948204161984231,0.048383554008455724,0.0,4012,exact_rule_vectors/004012.npz
303,X_VALID,40,B5_EXACT_SELECTED_DIAGNOSTIC,1,0.01,exact,0,1,10,EXACT_MODEL_SELECTION_FROZEN_BEFORE_LOCKED_TEST,concatenated_per_prompt_helmert,1.0339786468462251e-05,0.0004600875885658076,0.0004652330477451301,0.000413645607724748,0.00021850397799528753,0.01291720412726025,0.0030040757115019287,0.0,4070,exact_rule_vectors/004070.npz
303,X_VALID,40,B5_EXACT_SELECTED_DIAGNOSTIC,1,0.01,64,0,1,10,EXACT_MODEL_SELECTION_FROZEN_BEFORE_LOCKED_TEST,concatenated_per_prompt_helmert,1.0339786468462251e-05,0.0021894242103008745,0.002187556631103657,0.036183481316960045,0.03605624820100728,0.5388043688872335,0.504960039075793,0.0,4112,exact_rule_vectors/004112.npz
303,X_VALID,40,B5_EXACT_SELECTED_DIAGNOSTIC,1,0.01,16,0,1,10,EXACT_MODEL_SELECTION_FROZEN_BEFORE_LOCKED_TEST,concatenated_per_prompt_helmert,1.0339786468462251e-05,0.002174377503830034,0.0021725006726237,0.07500279817404118,0.07488664901597515,1.0314898901809917,0.9979099270165012,0.0,4221,exact_rule_vectors/004221.npz
303,X_VALID,40,B5_EXACT_SELECTED_DIAGNOSTIC,1,0.01,256,0,1,10,EXACT_MODEL_SELECTION_FROZEN_BEFORE_LOCKED_TEST,concatenated_per_prompt_helmert,1.0339786468462251e-05,0.0021446549361954603,0.0021428489389966024,0.006297593664576613,0.006648681925346416,0.10168481132986733,0.08347901760369243,0.0,4249,exact_rule_vectors/004249.npz
304,X_BASE,8,B5_EXACT_SELECTED_DIAGNOSTIC,1,0.01,exact,0,1,22,EXACT_MODEL_SELECTION_FROZEN_BEFORE_LOCKED_TEST,concatenated_per_prompt_helmert,6.175297509822791e-05,0.002375153708269632,0.0023346584759016977,0.0008199384644870289,0.0025204591809154485,0.04500854667349254,0.03438352928707323,0.0,4307,exact_rule_vectors/004307.npz
304,X_BASE,8,B5_EXACT_SELECTED_DIAGNOSTIC,1,0.01,64,0,1,22,EXACT_MODEL_SELECTION_FROZEN_BEFORE_LOCKED_TEST,concatenated_per_prompt_helmert,6.175297509822791e-05,0.002854397266694941,0.0028092637206012356,0.015643429977185753,0.015889500463058162,0.22935300263165415,0.19697928125783767,0.0,4349,exact_rule_vectors/004349.npz
304,X_BASE,8,B5_EXACT_SELECTED_DIAGNOSTIC,1,0.01,16,0,1,22,EXACT_MODEL_SELECTION_FROZEN_BEFORE_LOCKED_TEST,concatenated_per_prompt_helmert,6.175297509822791e-05,0.00283150983947535,0.0027840259482143173,0.04503270916197685,0.04514427370966518,0.599307103032715,0.5618423799640968,0.0,4458,exact_rule_vectors/004458.npz
304,X_BASE,8,B5_EXACT_SELECTED_DIAGNOSTIC,1,0.01,256,0,1,22,EXACT_MODEL_SELECTION_FROZEN_BEFORE_LOCKED_TEST,concatenated_per_prompt_helmert,6.175297509822791e-05,0.002739872695497943,0.002701094630164451,0.02879084001479625,0.02885348989087766,0.4598300905940753,0.42190065570631513,0.0,4486,exact_rule_vectors/004486.npz
304,X_BASE,24,B5_EXACT_SELECTED_DIAGNOSTIC,1,0.01,exact,0,1,15,EXACT_MODEL_SELECTION_FROZEN_BEFORE_LOCKED_TEST,concatenated_per_prompt_helmert,0.00012844562947933095,0.003933238606962192,0.0039319258724556504,0.003719246125860644,0.001337982365742308,0.1129885134653074,0.01675795192687576,0.0,4544,exact_rule_vectors/004544.npz
304,X_BASE,24,B5_EXACT_SELECTED_DIAGNOSTIC,1,0.01,64,0,1,15,EXACT_MODEL_SELECTION_FROZEN_BEFORE_LOCKED_TEST,concatenated_per_prompt_helmert,0.00012844562947933095,0.0067219156532415175,0.006625434571590216,0.04337356066971834,0.04444019277363084,0.6982870762331115,0.6168464873582171,0.0,4586,exact_rule_vectors/004586.npz
304,X_BASE,24,B5_EXACT_SELECTED_DIAGNOSTIC,1,0.01,16,0,1,15,EXACT_MODEL_SELECTION_FROZEN_BEFORE_LOCKED_TEST,concatenated_per_prompt_helmert,0.00012844562947933095,0.0072968354393695015,0.007200357966027591,0.07239857915482853,0.0722129099796261,1.0502036462410487,0.9428866199433665,0.0,4695,exact_rule_vectors/004695.npz
304,X_BASE,24,B5_EXACT_SELECTED_DIAGNOSTIC,1,0.01,256,0,1,15,EXACT_MODEL_SELECTION_FROZEN_BEFORE_LOCKED_TEST,concatenated_per_prompt_helmert,0.00012844562947933095,0.007313840280918041,0.007216978658976381,0.004474578877448545,0.008560574741268364,0.16287730604571696,0.12494431032787096,0.0,4723,exact_rule_vectors/004723.npz
304,X_BASE,40,B5_EXACT_SELECTED_DIAGNOSTIC,1,0.01,exact,0,1,13,EXACT_MODEL_SELECTION_FROZEN_BEFORE_LOCKED_TEST,concatenated_per_prompt_helmert,0.00018648912409392662,0.0031355471484525196,0.003061530203290853,0.003526748460860849,0.002912867247917257,0.09723767217460522,0.03489613419659136,0.0,4781,exact_rule_vectors/004781.npz
304,X_BASE,40,B5_EXACT_SELECTED_DIAGNOSTIC,1,0.01,64,0,1,13,EXACT_MODEL_SELECTION_FROZEN_BEFORE_LOCKED_TEST,concatenated_per_prompt_helmert,0.00018648912409392662,0.008278831415084453,0.008348214836376974,0.047231307802984866,0.04652387854579274,0.7975478042741689,0.6747560011719217,0.0,4823,exact_rule_vectors/004823.npz
304,X_BASE,40,B5_EXACT_SELECTED_DIAGNOSTIC,1,0.01,16,0,1,13,EXACT_MODEL_SELECTION_FROZEN_BEFORE_LOCKED_TEST,concatenated_per_prompt_helmert,0.00018648912409392662,0.010492090914604046,0.010575785948638844,0.04175325381078623,0.041841473616953215,0.6845277713543925,0.5421650125336869,0.0,4932,exact_rule_vectors/004932.npz
304,X_BASE,40,B5_EXACT_SELECTED_DIAGNOSTIC,1,0.01,256,0,1,13,EXACT_MODEL_SELECTION_FROZEN_BEFORE_LOCKED_TEST,concatenated_per_prompt_helmert,0.00018648912409392662,0.008013686477215334,0.008089290861370736,0.026065002890211117,0.025662460556715574,0.47273886381638225,0.35522472099050556,0.0,4960,exact_rule_vectors/004960.npz
304,X_VALID,8,B5_EXACT_SELECTED_DIAGNOSTIC,1,0.01,exact,0,1,16,EXACT_MODEL_SELECTION_FROZEN_BEFORE_LOCKED_TEST,concatenated_per_prompt_helmert,0.00012547186189311554,0.00037181309320719275,0.0003225716398341322,0.0005497158823269659,0.0003435612890197079,0.014419527258765844,0.004311577339163877,0.0,5018,exact_rule_vectors/005018.npz
304,X_VALID,8,B5_EXACT_SELECTED_DIAGNOSTIC,1,0.01,64,0,1,16,EXACT_MODEL_SELECTION_FROZEN_BEFORE_LOCKED_TEST,concatenated_per_prompt_helmert,0.00012547186189311554,0.00684371864171298,0.006933107341992906,0.02440486344174302,0.02549219109346524,0.4203662412468466,0.33696968041557,0.0,5060,exact_rule_vectors/005060.npz
304,X_VALID,8,B5_EXACT_SELECTED_DIAGNOSTIC,1,0.01,16,0,1,16,EXACT_MODEL_SELECTION_FROZEN_BEFORE_LOCKED_TEST,concatenated_per_prompt_helmert,0.00012547186189311554,0.006728102215170006,0.006815587525839021,0.07772324704642886,0.076678439246551,1.2310078011440992,1.1141431491106297,0.0,5169,exact_rule_vectors/005169.npz
304,X_VALID,8,B5_EXACT_SELECTED_DIAGNOSTIC,1,0.01,256,0,1,16,EXACT_MODEL_SELECTION_FROZEN_BEFORE_LOCKED_TEST,concatenated_per_prompt_helmert,0.00012547186189311554,0.006957079844346045,0.007046056243883355,0.012137897439569226,0.01178830298429601,0.2715430004178869,0.16878642567295296,0.0,5197,exact_rule_vectors/005197.npz
304,X_VALID,24,B5_EXACT_SELECTED_DIAGNOSTIC,1,0.01,exact,0,1,10,EXACT_MODEL_SELECTION_FROZEN_BEFORE_LOCKED_TEST,concatenated_per_prompt_helmert,6.905083722785196e-05,0.0009431167726127465,0.000985993580651594,0.0011768669541133126,0.0003608037124106268,0.03267551621854355,0.004749890376923593,0.0,5255,exact_rule_vectors/005255.npz
304,X_VALID,24,B5_EXACT_SELECTED_DIAGNOSTIC,1,0.01,64,0,1,10,EXACT_MODEL_SELECTION_FROZEN_BEFORE_LOCKED_TEST,concatenated_per_prompt_helmert,6.905083722785196e-05,0.002374407658574696,0.0023127052257267784,0.023981769487884348,0.023796808747258324,0.33558387618191743,0.3059833255319634,0.0,5297,exact_rule_vectors/005297.npz
304,X_VALID,24,B5_EXACT_SELECTED_DIAGNOSTIC,1,0.01,16,0,1,10,EXACT_MODEL_SELECTION_FROZEN_BEFORE_LOCKED_TEST,concatenated_per_prompt_helmert,6.905083722785196e-05,0.0023915323952344936,0.0023299501050235353,0.04125012789140218,0.041476525146102845,0.5487139045898045,0.5173317270878023,0.0,5406,exact_rule_vectors/005406.npz
304,X_VALID,24,B5_EXACT_SELECTED_DIAGNOSTIC,1,0.01,256,0,1,10,EXACT_MODEL_SELECTION_FROZEN_BEFORE_LOCKED_TEST,concatenated_per_prompt_helmert,6.905083722785196e-05,0.0023408930341687205,0.0022794255152201485,0.008297849671949267,0.008619324345323696,0.13488315446110036,0.1086609807656822,0.0,5434,exact_rule_vectors/005434.npz
304,X_VALID,40,B5_EXACT_SELECTED_DIAGNOSTIC,1,0.01,exact,0,1,11,EXACT_MODEL_SELECTION_FROZEN_BEFORE_LOCKED_TEST,concatenated_per_prompt_helmert,2.5340732698267426e-05,0.0005820839846653774,0.0005920102961835213,0.00082250935663968,0.0004989666871542811,0.020662657328030316,0.006778251818555668,0.0,5492,exact_rule_vectors/005492.npz
304,X_VALID,40,B5_EXACT_SELECTED_DIAGNOSTIC,1,0.01,64,0,1,11,EXACT_MODEL_SELECTION_FROZEN_BEFORE_LOCKED_TEST,concatenated_per_prompt_helmert,2.5340732698267426e-05,0.0026641010205197134,0.00265862374655463,0.04066232028391205,0.0407709589561382,0.592961965311016,0.5559631844101683,0.0,5534,exact_rule_vectors/005534.npz
304,X_VALID,40,B5_EXACT_SELECTED_DIAGNOSTIC,1,0.01,16,0,1,11,EXACT_MODEL_SELECTION_FROZEN_BEFORE_LOCKED_TEST,concatenated_per_prompt_helmert,2.5340732698267426e-05,0.002733128047541591,0.0027274946257694493,0.044683812421911176,0.045116157518173175,0.5281672757407347,0.49817373826494366,0.0,5643,exact_rule_vectors/005643.npz
304,X_VALID,40,B5_EXACT_SELECTED_DIAGNOSTIC,1,0.01,256,0,1,11,EXACT_MODEL_SELECTION_FROZEN_BEFORE_LOCKED_TEST,concatenated_per_prompt_helmert,2.5340732698267426e-05,0.002623414209511637,0.0026178512592211762,0.01986745281945789,0.020200713517434785,0.3204337994392727,0.287129626174522,0.0,5671,exact_rule_vectors/005671.npz
305,X_BASE,8,B5_EXACT_SELECTED_DIAGNOSTIC,1,0.01,exact,0,1,21,EXACT_MODEL_SELECTION_FROZEN_BEFORE_LOCKED_TEST,concatenated_per_prompt_helmert,4.162866173871192e-05,0.0019668045964659725,0.0019530690812579572,0.0006737936547272506,0.0019536146567725675,0.036428698002197855,0.027347393306533557,0.0,5729,exact_rule_vectors/005729.npz
305,X_BASE,8,B5_EXACT_SELECTED_DIAGNOSTIC,1,0.01,64,0,1,21,EXACT_MODEL_SELECTION_FROZEN_BEFORE_LOCKED_TEST,concatenated_per_prompt_helmert,4.162866173871192e-05,0.002703097580976374,0.002697381193748338,0.012038193986487705,0.012312276048044572,0.18162855009567605,0.15137884649524033,0.0,5771,exact_rule_vectors/005771.npz
305,X_BASE,8,B5_EXACT_SELECTED_DIAGNOSTIC,1,0.01,16,0,1,21,EXACT_MODEL_SELECTION_FROZEN_BEFORE_LOCKED_TEST,concatenated_per_prompt_helmert,4.162866173871192e-05,0.002635925112160883,0.002629860793355974,0.03539230121887844,0.03545356377145705,0.4772739581625929,0.44501420786742263,0.0,5880,exact_rule_vectors/005880.npz
305,X_BASE,8,B5_EXACT_SELECTED_DIAGNOSTIC,1,0.01,256,0,1,21,EXACT_MODEL_SELECTION_FROZEN_BEFORE_LOCKED_TEST,concatenated_per_prompt_helmert,4.162866173871192e-05,0.0026244647508865825,0.0026184935165066876,0.016124188666366453,0.01605848032158652,0.25675852197166177,0.21906408888786513,0.0,5908,exact_rule_vectors/005908.npz
305,X_BASE,24,B5_EXACT_SELECTED_DIAGNOSTIC,1,0.01,exact,0,1,22,EXACT_MODEL_SELECTION_FROZEN_BEFORE_LOCKED_TEST,concatenated_per_prompt_helmert,0.00027050561466907864,0.002312519782845084,0.002374825196310662,0.0022621935650545557,0.0010963534430467746,0.07005642891648282,0.013822494197248347,0.0,5966,exact_rule_vectors/005966.npz
305,X_BASE,24,B5_EXACT_SELECTED_DIAGNOSTIC,1,0.01,64,0,1,22,EXACT_MODEL_SELECTION_FROZEN_BEFORE_LOCKED_TEST,concatenated_per_prompt_helmert,0.00027050561466907864,0.008780425145574939,0.008522838850409343,0.05452057560724976,0.05349050355208882,0.917859578150669,0.77479438764111,0.0,6008,exact_rule_vectors/006008.npz
305,X_BASE,24,B5_EXACT_SELECTED_DIAGNOSTIC,1,0.01,16,0,1,22,EXACT_MODEL_SELECTION_FROZEN_BEFORE_LOCKED_TEST,concatenated_per_prompt_helmert,0.00027050561466907864,0.00903943040723513,0.0087839659809965,0.052703689847522384,0.05227059670386812,0.7250931864169258,0.609348377975484,0.0,6117,exact_rule_vectors/006117.npz
305,X_BASE,24,B5_EXACT_SELECTED_DIAGNOSTIC,1,0.01,256,0,1,22,EXACT_MODEL_SELECTION_FROZEN_BEFORE_LOCKED_TEST,concatenated_per_prompt_helmert,0.00027050561466907864,0.009341057017676136,0.009085220808587395,0.02673795272503614,0.026210512942496256,0.5224864036246745,0.3793671245497308,0.0,6145,exact_rule_vectors/006145.npz
305,X_BASE,40,B5_EXACT_SELECTED_DIAGNOSTIC,1,0.01,exact,0,1,12,EXACT_MODEL_SELECTION_FROZEN_BEFORE_LOCKED_TEST,concatenated_per_prompt_helmert,0.0004170344263801855,0.0038835851874719036,0.0036582652614468346,0.003266506168948937,0.002683170494767068,0.10210188430535255,0.03248942148647869,0.0,6203,exact_rule_vectors/006203.npz
305,X_BASE,40,B5_EXACT_SELECTED_DIAGNOSTIC,1,0.01,64,0,1,12,EXACT_MODEL_SELECTION_FROZEN_BEFORE_LOCKED_TEST,concatenated_per_prompt_helmert,0.0004170344263801855,0.005575321329539415,0.005687744990595807,0.03633955687133844,0.036611522235280365,0.5946639906837891,0.5124295254511028,0.0,6245,exact_rule_vectors/006245.npz
305,X_BASE,40,B5_EXACT_SELECTED_DIAGNOSTIC,1,0.01,16,0,1,12,EXACT_MODEL_SELECTION_FROZEN_BEFORE_LOCKED_TEST,concatenated_per_prompt_helmert,0.0004170344263801855,0.006316117359167059,0.006460980897993673,0.024149945863402474,0.02494760317838638,0.39825032391031095,0.3191365393487922,0.0,6354,exact_rule_vectors/006354.npz
305,X_BASE,40,B5_EXACT_SELECTED_DIAGNOSTIC,1,0.01,256,0,1,12,EXACT_MODEL_SELECTION_FROZEN_BEFORE_LOCKED_TEST,concatenated_per_prompt_helmert,0.0004170344263801855,0.006219723764486677,0.0063714046837237874,0.01341550426238542,0.014936376569860885,0.26593458123922226,0.20314421145906705,0.0,6382,exact_rule_vectors/006382.npz
305,X_VALID,8,B5_EXACT_SELECTED_DIAGNOSTIC,1,0.01,exact,0,1,13,EXACT_MODEL_SELECTION_FROZEN_BEFORE_LOCKED_TEST,concatenated_per_prompt_helmert,0.00013336019498691297,0.0003118493101227346,0.0002904741889058399,0.0004014218041884843,0.00035459352953444385,0.011854138633731965,0.0040704075827039206,0.0,6440,exact_rule_vectors/006440.npz
305,X_VALID,8,B5_EXACT_SELECTED_DIAGNOSTIC,1,0.01,64,0,1,13,EXACT_MODEL_SELECTION_FROZEN_BEFORE_LOCKED_TEST,concatenated_per_prompt_helmert,0.00013336019498691297,0.007752505050138739,0.007821973232667877,0.036218710496533364,0.03590624287563249,0.625908606543989,0.5060510559554584,0.0,6482,exact_rule_vectors/006482.npz
305,X_VALID,8,B5_EXACT_SELECTED_DIAGNOSTIC,1,0.01,16,0,1,13,EXACT_MODEL_SELECTION_FROZEN_BEFORE_LOCKED_TEST,concatenated_per_prompt_helmert,0.00013336019498691297,0.007747245558663994,0.007817958959703577,0.020305905392945255,0.021859700509573133,0.3461835678295164,0.2696504032063582,0.0,6591,exact_rule_vectors/006591.npz
305,X_VALID,8,B5_EXACT_SELECTED_DIAGNOSTIC,1,0.01,256,0,1,13,EXACT_MODEL_SELECTION_FROZEN_BEFORE_LOCKED_TEST,concatenated_per_prompt_helmert,0.00013336019498691297,0.007655972713263923,0.007725042277056352,0.018351046806986893,0.019283087381854597,0.3713342037418173,0.27275682646764715,0.0,6619,exact_rule_vectors/006619.npz
305,X_VALID,24,B5_EXACT_SELECTED_DIAGNOSTIC,1,0.01,exact,0,1,10,EXACT_MODEL_SELECTION_FROZEN_BEFORE_LOCKED_TEST,concatenated_per_prompt_helmert,4.389557956842606e-05,0.000847638393809916,0.0008136682042114112,0.0007798695497141469,0.00045736329452931784,0.023542357404561263,0.005631086556699995,0.0,6677,exact_rule_vectors/006677.npz
305,X_VALID,24,B5_EXACT_SELECTED_DIAGNOSTIC,1,0.01,64,0,1,10,EXACT_MODEL_SELECTION_FROZEN_BEFORE_LOCKED_TEST,concatenated_per_prompt_helmert,4.389557956842606e-05,0.0009478200120360668,0.0009768681695872588,0.021754211965762695,0.02180238506047238,0.3221303562736932,0.3091667479459583,0.0,6719,exact_rule_vectors/006719.npz
305,X_VALID,24,B5_EXACT_SELECTED_DIAGNOSTIC,1,0.01,16,0,1,10,EXACT_MODEL_SELECTION_FROZEN_BEFORE_LOCKED_TEST,concatenated_per_prompt_helmert,4.389557956842606e-05,0.0009512504400194504,0.0009802985997918632,0.04757228507645655,0.04756512832945885,0.6743036618836346,0.6606940042846143,0.0,6828,exact_rule_vectors/006828.npz
305,X_VALID,24,B5_EXACT_SELECTED_DIAGNOSTIC,1,0.01,256,0,1,10,EXACT_MODEL_SELECTION_FROZEN_BEFORE_LOCKED_TEST,concatenated_per_prompt_helmert,4.389557956842606e-05,0.0007821354604676153,0.000811207655458416,0.008966239120080476,0.008989396012626981,0.09701858207556487,0.08724805649712813,0.0,6856,exact_rule_vectors/006856.npz
305,X_VALID,40,B5_EXACT_SELECTED_DIAGNOSTIC,1,0.01,exact,0,1,9,EXACT_MODEL_SELECTION_FROZEN_BEFORE_LOCKED_TEST,concatenated_per_prompt_helmert,1.0905175747924719e-05,0.000653199005821568,0.0006602656062396692,0.0005606254272833203,0.00037847014295526194,0.017857982988351628,0.0036328076611349355,0.0,6914,exact_rule_vectors/006914.npz
305,X_VALID,40,B5_EXACT_SELECTED_DIAGNOSTIC,1,0.01,64,0,1,9,EXACT_MODEL_SELECTION_FROZEN_BEFORE_LOCKED_TEST,concatenated_per_prompt_helmert,1.0905175747924719e-05,0.0010065613747192957,0.0010080324412974511,0.043519426126247804,0.04344886828666761,0.6372561057574693,0.621276487402259,0.0,6956,exact_rule_vectors/006956.npz
305,X_VALID,40,B5_EXACT_SELECTED_DIAGNOSTIC,1,0.01,16,0,1,9,EXACT_MODEL_SELECTION_FROZEN_BEFORE_LOCKED_TEST,concatenated_per_prompt_helmert,1.0905175747924719e-05,0.0008908488362034384,0.0008948204490132543,0.048718793431847256,0.048731528073267,0.7113556734317811,0.6987016290867386,0.0,7065,exact_rule_vectors/007065.npz
305,X_VALID,40,B5_EXACT_SELECTED_DIAGNOSTIC,1,0.01,256,0,1,9,EXACT_MODEL_SELECTION_FROZEN_BEFORE_LOCKED_TEST,concatenated_per_prompt_helmert,1.0905175747924719e-05,0.0011305207285842742,0.0011306834947950651,0.023151712736037135,0.023143245916273637,0.3496320688125871,0.33307258428894465,0.0,7093,exact_rule_vectors/007093.npz
306,X_BASE,8,B5_EXACT_SELECTED_DIAGNOSTIC,1,0.01,exact,0,1,22,EXACT_MODEL_SELECTION_FROZEN_BEFORE_LOCKED_TEST,concatenated_per_prompt_helmert,7.200421118058352e-05,0.002587235909303702,0.002544738063609616,0.001528005300589357,0.002382744431792742,0.059342921518830465,0.030558922261644247,0.0,7151,exact_rule_vectors/007151.npz
306,X_BASE,8,B5_EXACT_SELECTED_DIAGNOSTIC,1,0.01,64,0,1,22,EXACT_MODEL_SELECTION_FROZEN_BEFORE_LOCKED_TEST,concatenated_per_prompt_helmert,7.200421118058352e-05,0.003170336219426256,0.0031190861729559656,0.03429832836187076,0.03440676878893465,0.5316091630354075,0.4867934324472345,0.0,7193,exact_rule_vectors/007193.npz
306,X_BASE,8,B5_EXACT_SELECTED_DIAGNOSTIC,1,0.01,16,0,1,22,EXACT_MODEL_SELECTION_FROZEN_BEFORE_LOCKED_TEST,concatenated_per_prompt_helmert,7.200421118058352e-05,0.003071138529023402,0.0030165398050315223,0.06855600156364697,0.06870168945208104,1.0112079863074752,0.9685434882912768,0.0,7302,exact_rule_vectors/007302.npz
306,X_BASE,8,B5_EXACT_SELECTED_DIAGNOSTIC,1,0.01,256,0,1,22,EXACT_MODEL_SELECTION_FROZEN_BEFORE_LOCKED_TEST,concatenated_per_prompt_helmert,7.200421118058352e-05,0.003130177806163714,0.0030787325627949216,0.013407760775244887,0.013217485287039197,0.22815087269640735,0.18344292086471845,0.0,7330,exact_rule_vectors/007330.npz
306,X_BASE,24,B5_EXACT_SELECTED_DIAGNOSTIC,1,0.01,exact,0,1,16,EXACT_MODEL_SELECTION_FROZEN_BEFORE_LOCKED_TEST,concatenated_per_prompt_helmert,0.0002049312754073205,0.0018021516349147949,0.0018461399816841776,0.0009053532588161826,0.0013146602659460636,0.038353120563002004,0.016042857320642336,0.0,7388,exact_rule_vectors/007388.npz
306,X_BASE,24,B5_EXACT_SELECTED_DIAGNOSTIC,1,0.01,64,0,1,16,EXACT_MODEL_SELECTION_FROZEN_BEFORE_LOCKED_TEST,concatenated_per_prompt_helmert,0.0002049312754073205,0.011896110932093893,0.011722911435603873,0.043422740029684354,0.04272289252770539,0.8025389508098715,0.6190254050721408,0.0,7430,exact_rule_vectors/007430.npz
306,X_BASE,24,B5_EXACT_SELECTED_DIAGNOSTIC,1,0.01,16,0,1,16,EXACT_MODEL_SELECTION_FROZEN_BEFORE_LOCKED_TEST,concatenated_per_prompt_helmert,0.0002049312754073205,0.010707321158010145,0.010537536937305358,0.10245169267901644,0.10223933461299763,1.55562388313794,1.3984532878005147,0.0,7539,exact_rule_vectors/007539.npz
306,X_BASE,24,B5_EXACT_SELECTED_DIAGNOSTIC,1,0.01,256,0,1,16,EXACT_MODEL_SELECTION_FROZEN_BEFORE_LOCKED_TEST,concatenated_per_prompt_helmert,0.0002049312754073205,0.01216340177051465,0.011990657616356367,0.022886554513850035,0.02211040730943575,0.5058713191105486,0.31907806804942757,0.0,7567,exact_rule_vectors/007567.npz
306,X_BASE,40,B5_EXACT_SELECTED_DIAGNOSTIC,1,0.01,exact,0,1,14,EXACT_MODEL_SELECTION_FROZEN_BEFORE_LOCKED_TEST,concatenated_per_prompt_helmert,0.0001435667312344289,0.0037714997489764666,0.003781870139087043,0.004398988482694942,0.002971112745756418,0.12099715602681667,0.03832316392692826,0.0,7625,exact_rule_vectors/007625.npz
306,X_BASE,40,B5_EXACT_SELECTED_DIAGNOSTIC,1,0.01,64,0,1,14,EXACT_MODEL_SELECTION_FROZEN_BEFORE_LOCKED_TEST,concatenated_per_prompt_helmert,0.0001435667312344289,0.0084704445498044,0.008556465846097676,0.05186748856031751,0.052350474859073265,0.8505895815074617,0.7332151257311254,0.0,7667,exact_rule_vectors/007667.npz
306,X_BASE,40,B5_EXACT_SELECTED_DIAGNOSTIC,1,0.01,16,0,1,14,EXACT_MODEL_SELECTION_FROZEN_BEFORE_LOCKED_TEST,concatenated_per_prompt_helmert,0.0001435667312344289,0.00894163918251894,0.00902924042884808,0.030831852699197734,0.031486756401175334,0.5309660693282325,0.43470165476348654,0.0,7776,exact_rule_vectors/007776.npz
306,X_BASE,40,B5_EXACT_SELECTED_DIAGNOSTIC,1,0.01,256,0,1,14,EXACT_MODEL_SELECTION_FROZEN_BEFORE_LOCKED_TEST,concatenated_per_prompt_helmert,0.0001435667312344289,0.0077350269953705775,0.007824045059847013,0.024120070428227308,0.023725791318295605,0.44240732825044665,0.3235606340951685,0.0,7804,exact_rule_vectors/007804.npz
306,X_VALID,8,B5_EXACT_SELECTED_DIAGNOSTIC,1,0.01,exact,0,1,19,EXACT_MODEL_SELECTION_FROZEN_BEFORE_LOCKED_TEST,concatenated_per_prompt_helmert,6.724991775923178e-05,0.0007180377250953187,0.0006978633525306807,0.0007138071448090338,0.00036211021972182457,0.021305529414099657,0.004637049219550875,0.0,7862,exact_rule_vectors/007862.npz
306,X_VALID,8,B5_EXACT_SELECTED_DIAGNOSTIC,1,0.01,64,0,1,19,EXACT_MODEL_SELECTION_FROZEN_BEFORE_LOCKED_TEST,concatenated_per_prompt_helmert,6.724991775923178e-05,0.004840161526494556,0.004889341602141741,0.025050280888416827,0.025496686606193652,0.43035613061965255,0.3652489280280789,0.0,7904,exact_rule_vectors/007904.npz
306,X_VALID,8,B5_EXACT_SELECTED_DIAGNOSTIC,1,0.01,16,0,1,19,EXACT_MODEL_SELECTION_FROZEN_BEFORE_LOCKED_TEST,concatenated_per_prompt_helmert,6.724991775923178e-05,0.004897835035752074,0.004946733842544582,0.03888299354452932,0.039052364308639086,0.5638359543266908,0.4960967618619736,0.0,8013,exact_rule_vectors/008013.npz
306,X_VALID,8,B5_EXACT_SELECTED_DIAGNOSTIC,1,0.01,256,0,1,19,EXACT_MODEL_SELECTION_FROZEN_BEFORE_LOCKED_TEST,concatenated_per_prompt_helmert,6.724991775923178e-05,0.005192478464641855,0.00524078690846465,0.024327358959102683,0.024110229372364993,0.41572370933944064,0.336005082086601,0.0,8041,exact_rule_vectors/008041.npz
306,X_VALID,24,B5_EXACT_SELECTED_DIAGNOSTIC,1,0.01,exact,0,1,8,EXACT_MODEL_SELECTION_FROZEN_BEFORE_LOCKED_TEST,concatenated_per_prompt_helmert,6.953872307998706e-05,0.0005701419125712873,0.0005466850066084114,0.00041546558997761625,0.0002987526319516222,0.014866240280843095,0.004185267099313201,0.0,8099,exact_rule_vectors/008099.npz
306,X_VALID,24,B5_EXACT_SELECTED_DIAGNOSTIC,1,0.01,64,0,1,8,EXACT_MODEL_SELECTION_FROZEN_BEFORE_LOCKED_TEST,concatenated_per_prompt_helmert,6.953872307998706e-05,0.0019164591840517386,0.0019782084225688098,0.028901909025015795,0.029059671737477304,0.38966978287127496,0.36340523422513793,0.0,8141,exact_rule_vectors/008141.npz
306,X_VALID,24,B5_EXACT_SELECTED_DIAGNOSTIC,1,0.01,16,0,1,8,EXACT_MODEL_SELECTION_FROZEN_BEFORE_LOCKED_TEST,concatenated_per_prompt_helmert,6.953872307998706e-05,0.0017962028798618433,0.0018571931765847386,0.034433358004132664,0.03442286844659791,0.5019501753065976,0.4751326461918646,0.0,8250,exact_rule_vectors/008250.npz
306,X_VALID,24,B5_EXACT_SELECTED_DIAGNOSTIC,1,0.01,256,0,1,8,EXACT_MODEL_SELECTION_FROZEN_BEFORE_LOCKED_TEST,concatenated_per_prompt_helmert,6.953872307998706e-05,0.0018402839226807986,0.0019007402478808367,0.01775727074602895,0.017861232189298113,0.28103903468371094,0.2549021521058424,0.0,8278,exact_rule_vectors/008278.npz
306,X_VALID,40,B5_EXACT_SELECTED_DIAGNOSTIC,1,0.01,exact,0,1,11,EXACT_MODEL_SELECTION_FROZEN_BEFORE_LOCKED_TEST,concatenated_per_prompt_helmert,1.277309623116797e-05,0.000709024323211078,0.0007167013669987781,0.0007278601269584908,0.0002450652529886478,0.021153285096153135,0.002646006692776715,0.0,8336,exact_rule_vectors/008336.npz
306,X_VALID,40,B5_EXACT_SELECTED_DIAGNOSTIC,1,0.01,64,0,1,11,EXACT_MODEL_SELECTION_FROZEN_BEFORE_LOCKED_TEST,concatenated_per_prompt_helmert,1.277309623116797e-05,0.0020696978007705502,0.0020648651472186326,0.034013644783976386,0.03374612045730369,0.5294889314464816,0.4956242898245928,0.0,8378,exact_rule_vectors/008378.npz
306,X_VALID,40,B5_EXACT_SELECTED_DIAGNOSTIC,1,0.01,16,0,1,11,EXACT_MODEL_SELECTION_FROZEN_BEFORE_LOCKED_TEST,concatenated_per_prompt_helmert,1.277309623116797e-05,0.0020298415024140462,0.0020250721050277458,0.06441038855365275,0.06443347006820206,0.9733126369727755,0.9442632936233116,0.0,8487,exact_rule_vectors/008487.npz
306,X_VALID,40,B5_EXACT_SELECTED_DIAGNOSTIC,1,0.01,256,0,1,11,EXACT_MODEL_SELECTION_FROZEN_BEFORE_LOCKED_TEST,concatenated_per_prompt_helmert,1.277309623116797e-05,0.0020458454358286762,0.002041010533570118,0.01625660195150734,0.016032511268891762,0.2682078787226412,0.23531921325994584,0.0,8515,exact_rule_vectors/008515.npz
307,X_BASE,8,B5_EXACT_SELECTED_DIAGNOSTIC,1,0.01,exact,0,1,23,EXACT_MODEL_SELECTION_FROZEN_BEFORE_LOCKED_TEST,concatenated_per_prompt_helmert,6.884989579321794e-05,0.0024188562067872874,0.002378436013130949,0.0009639208711323263,0.0021460751514354955,0.049001850779010585,0.029548560981149104,0.0,8573,exact_rule_vectors/008573.npz
307,X_BASE,8,B5_EXACT_SELECTED_DIAGNOSTIC,1,0.01,64,0,1,23,EXACT_MODEL_SELECTION_FROZEN_BEFORE_LOCKED_TEST,concatenated_per_prompt_helmert,6.884989579321794e-05,0.002992615158916078,0.0029433599410741197,0.0631727615020705,0.06312505667408033,0.9485492342448021,0.9044314108739314,0.0,8615,exact_rule_vectors/008615.npz
307,X_BASE,8,B5_EXACT_SELECTED_DIAGNOSTIC,1,0.01,16,0,1,23,EXACT_MODEL_SELECTION_FROZEN_BEFORE_LOCKED_TEST,concatenated_per_prompt_helmert,6.884989579321794e-05,0.003193770253134431,0.0031438750306329133,0.11145480776275371,0.11150687479124385,1.527764424289087,1.4821103255438883,0.0,8724,exact_rule_vectors/008724.npz
307,X_BASE,8,B5_EXACT_SELECTED_DIAGNOSTIC,1,0.01,256,0,1,23,EXACT_MODEL_SELECTION_FROZEN_BEFORE_LOCKED_TEST,concatenated_per_prompt_helmert,6.884989579321794e-05,0.002935201009372418,0.0028861144321184985,0.026805819856080423,0.026729360134021288,0.4279695788327582,0.3843613510973701,0.0,8752,exact_rule_vectors/008752.npz
307,X_BASE,24,B5_EXACT_SELECTED_DIAGNOSTIC,1,0.01,exact,0,1,18,EXACT_MODEL_SELECTION_FROZEN_BEFORE_LOCKED_TEST,concatenated_per_prompt_helmert,0.00018529480344311373,0.0035208726223387044,0.0035491613874663597,0.003546309950480183,0.0012861069500169377,0.10554797378102888,0.01821177085887059,0.0,8810,exact_rule_vectors/008810.npz
307,X_BASE,24,B5_EXACT_SELECTED_DIAGNOSTIC,1,0.01,64,0,1,18,EXACT_MODEL_SELECTION_FROZEN_BEFORE_LOCKED_TEST,concatenated_per_prompt_helmert,0.00018529480344311373,0.007808702070308222,0.00764423126943421,0.008394587067679319,0.011502987841571562,0.19512308298535283,0.15436626100026685,0.0,8852,exact_rule_vectors/008852.npz
307,X_BASE,24,B5_EXACT_SELECTED_DIAGNOSTIC,1,0.01,16,0,1,18,EXACT_MODEL_SELECTION_FROZEN_BEFORE_LOCKED_TEST,concatenated_per_prompt_helmert,0.00018529480344311373,0.0076176043847326035,0.007452456561193607,0.07791052519906234,0.07809230493391359,1.2392489078707392,1.131054817113067,0.0,8961,exact_rule_vectors/008961.npz
307,X_BASE,24,B5_EXACT_SELECTED_DIAGNOSTIC,1,0.01,256,0,1,18,EXACT_MODEL_SELECTION_FROZEN_BEFORE_LOCKED_TEST,concatenated_per_prompt_helmert,0.00018529480344311373,0.0078075355243521025,0.007643124632156053,0.002592943125159684,0.008339807147057432,0.14661392781818702,0.12166271768253574,0.0,8989,exact_rule_vectors/008989.npz
307,X_BASE,40,B5_EXACT_SELECTED_DIAGNOSTIC,1,0.01,exact,0,1,17,EXACT_MODEL_SELECTION_FROZEN_BEFORE_LOCKED_TEST,concatenated_per_prompt_helmert,0.0002603341775958219,0.0025669588784520674,0.002460700400978621,0.0017762327618334884,0.0021476910439810937,0.06465571294664983,0.02978293886186337,0.0,9047,exact_rule_vectors/009047.npz
307,X_BASE,40,B5_EXACT_SELECTED_DIAGNOSTIC,1,0.01,64,0,1,17,EXACT_MODEL_SELECTION_FROZEN_BEFORE_LOCKED_TEST,concatenated_per_prompt_helmert,0.0002603341775958219,0.008750592696317195,0.008893418195689623,0.0597261758548546,0.05918704983227458,0.9655362239174501,0.828653484410073,0.0,9089,exact_rule_vectors/009089.npz
307,X_BASE,40,B5_EXACT_SELECTED_DIAGNOSTIC,1,0.01,16,0,1,17,EXACT_MODEL_SELECTION_FROZEN_BEFORE_LOCKED_TEST,concatenated_per_prompt_helmert,0.0002603341775958219,0.00936965870819814,0.009516871437051842,0.02412742735395847,0.025833401858888917,0.4374005273690518,0.3410400329679732,0.0,9198,exact_rule_vectors/009198.npz
307,X_BASE,40,B5_EXACT_SELECTED_DIAGNOSTIC,1,0.01,256,0,1,17,EXACT_MODEL_SELECTION_FROZEN_BEFORE_LOCKED_TEST,concatenated_per_prompt_helmert,0.0002603341775958219,0.009122325277013819,0.009269286152769672,0.015209770740644587,0.016030360883073788,0.3497606543323534,0.229597360107375,0.0,9226,exact_rule_vectors/009226.npz
307,X_VALID,8,B5_EXACT_SELECTED_DIAGNOSTIC,1,0.01,exact,0,1,17,EXACT_MODEL_SELECTION_FROZEN_BEFORE_LOCKED_TEST,concatenated_per_prompt_helmert,8.668822207751989e-05,0.0007342130370851268,0.0007128139789473769,0.000588603288548479,0.00036195238433581146,0.019896184196356293,0.0046147604308353326,0.0,9284,exact_rule_vectors/009284.npz
307,X_VALID,8,B5_EXACT_SELECTED_DIAGNOSTIC,1,0.01,64,0,1,17,EXACT_MODEL_SELECTION_FROZEN_BEFORE_LOCKED_TEST,concatenated_per_prompt_helmert,8.668822207751989e-05,0.005546338424546782,0.005609942222465271,0.017080395076099437,0.017711977647043922,0.32312970655599754,0.2519233624639769,0.0,9326,exact_rule_vectors/009326.npz
307,X_VALID,8,B5_EXACT_SELECTED_DIAGNOSTIC,1,0.01,16,0,1,17,EXACT_MODEL_SELECTION_FROZEN_BEFORE_LOCKED_TEST,concatenated_per_prompt_helmert,8.668822207751989e-05,0.005345674783833467,0.005408337867007338,0.06970888639110756,0.06948233759344227,1.0441756074918167,0.9618445719763504,0.0,9435,exact_rule_vectors/009435.npz
307,X_VALID,8,B5_EXACT_SELECTED_DIAGNOSTIC,1,0.01,256,0,1,17,EXACT_MODEL_SELECTION_FROZEN_BEFORE_LOCKED_TEST,concatenated_per_prompt_helmert,8.668822207751989e-05,0.005565646656151209,0.005628782381614119,0.014182320889157744,0.015016829085201612,0.27422726061781966,0.21089786665870494,0.0,9463,exact_rule_vectors/009463.npz
307,X_VALID,24,B5_EXACT_SELECTED_DIAGNOSTIC,1,0.01,exact,0,1,8,EXACT_MODEL_SELECTION_FROZEN_BEFORE_LOCKED_TEST,concatenated_per_prompt_helmert,6.764601312336943e-05,0.0007654998239892962,0.0007317687379166075,0.0007380053349007596,0.0003884823146052987,0.02188335839856422,0.004579935447150265,0.0,9521,exact_rule_vectors/009521.npz
307,X_VALID,24,B5_EXACT_SELECTED_DIAGNOSTIC,1,0.01,64,0,1,8,EXACT_MODEL_SELECTION_FROZEN_BEFORE_LOCKED_TEST,concatenated_per_prompt_helmert,6.764601312336943e-05,0.000676391829070236,0.0007012612800607684,0.04303498384959579,0.04306727816658022,0.5724250415628657,0.5617909753714464,0.0,9563,exact_rule_vectors/009563.npz
307,X_VALID,24,B5_EXACT_SELECTED_DIAGNOSTIC,1,0.01,16,0,1,8,EXACT_MODEL_SELECTION_FROZEN_BEFORE_LOCKED_TEST,concatenated_per_prompt_helmert,6.764601312336943e-05,0.0007082622215736803,0.0007298127326135014,0.08917928874940323,0.08916534436576395,1.2264103771280765,1.2146908108052312,0.0,9672,exact_rule_vectors/009672.npz
307,X_VALID,24,B5_EXACT_SELECTED_DIAGNOSTIC,1,0.01,256,0,1,8,EXACT_MODEL_SELECTION_FROZEN_BEFORE_LOCKED_TEST,concatenated_per_prompt_helmert,6.764601312336943e-05,0.0006315677871044176,0.0006436701550234414,0.022114962510780697,0.022080113017152007,0.3006580086325901,0.2899562406913347,0.0,9700,exact_rule_vectors/009700.npz
307,X_VALID,40,B5_EXACT_SELECTED_DIAGNOSTIC,1,0.01,exact,0,1,12,EXACT_MODEL_SELECTION_FROZEN_BEFORE_LOCKED_TEST,concatenated_per_prompt_helmert,8.650239970486561e-05,0.0002720863109703427,0.00023924190832163002,0.00020757450730923843,0.00019169033287938446,0.007651303753328349,0.0021334919841210385,0.0,9758,exact_rule_vectors/009758.npz
307,X_VALID,40,B5_EXACT_SELECTED_DIAGNOSTIC,1,0.01,64,0,1,12,EXACT_MODEL_SELECTION_FROZEN_BEFORE_LOCKED_TEST,concatenated_per_prompt_helmert,8.650239970486561e-05,0.0034243529774451724,0.0034602002244825372,0.04266584005472971,0.042794162711996715,0.6740452885609868,0.6240805391433949,0.0,9800,exact_rule_vectors/009800.npz
307,X_VALID,40,B5_EXACT_SELECTED_DIAGNOSTIC,1,0.01,16,0,1,12,EXACT_MODEL_SELECTION_FROZEN_BEFORE_LOCKED_TEST,concatenated_per_prompt_helmert,8.650239970486561e-05,0.003509483265420144,0.0035454789108596103,0.07894524895630727,0.07946276917039265,1.1935672042952719,1.1480985880875496,0.0,9909,exact_rule_vectors/009909.npz
307,X_VALID,40,B5_EXACT_SELECTED_DIAGNOSTIC,1,0.01,256,0,1,12,EXACT_MODEL_SELECTION_FROZEN_BEFORE_LOCKED_TEST,concatenated_per_prompt_helmert,8.650239970486561e-05,0.0034684358560733643,0.0035040847205976885,0.016595017179344355,0.016196431013513545,0.29370870297968243,0.2353936668277937,0.0,9937,exact_rule_vectors/009937.npz
308,X_BASE,8,B5_EXACT_SELECTED_DIAGNOSTIC,1,0.01,exact,0,1,15,EXACT_MODEL_SELECTION_FROZEN_BEFORE_LOCKED_TEST,concatenated_per_prompt_helmert,2.8991825847875546e-05,0.0022359675031994857,0.002226835777111587,0.002083274695355035,0.0010299412007513866,0.061858823841617415,0.014225759603278284,0.0,9995,exact_rule_vectors/009995.npz
308,X_BASE,8,B5_EXACT_SELECTED_DIAGNOSTIC,1,0.01,64,0,1,15,EXACT_MODEL_SELECTION_FROZEN_BEFORE_LOCKED_TEST,concatenated_per_prompt_helmert,2.8991825847875546e-05,0.0032198211975167333,0.003208606953056176,0.0419252074326215,0.04190157931979786,0.5277777829631555,0.48583007854790905,0.0,10037,exact_rule_vectors/010037.npz
308,X_BASE,8,B5_EXACT_SELECTED_DIAGNOSTIC,1,0.01,16,0,1,15,EXACT_MODEL_SELECTION_FROZEN_BEFORE_LOCKED_TEST,concatenated_per_prompt_helmert,2.8991825847875546e-05,0.0032109464442728226,0.0031996369272824948,0.07093760974164828,0.07111058680785486,0.8986916035570061,0.8582792578456493,0.0,10146,exact_rule_vectors/010146.npz
308,X_BASE,8,B5_EXACT_SELECTED_DIAGNOSTIC,1,0.01,256,0,1,15,EXACT_MODEL_SELECTION_FROZEN_BEFORE_LOCKED_TEST,concatenated_per_prompt_helmert,2.8991825847875546e-05,0.0031826325728838765,0.0031713607483813606,0.023052492796847675,0.023145292938733575,0.3503999907178554,0.3070017079063468,0.0,10174,exact_rule_vectors/010174.npz
308,X_BASE,24,B5_EXACT_SELECTED_DIAGNOSTIC,1,0.01,exact,0,1,20,EXACT_MODEL_SELECTION_FROZEN_BEFORE_LOCKED_TEST,concatenated_per_prompt_helmert,0.0002144421088450127,0.0018368827888817086,0.00187303686785202,0.0014750909414187007,0.0010292291079807988,0.04987835513798311,0.012985950711244766,0.0,10232,exact_rule_vectors/010232.npz
308,X_BASE,24,B5_EXACT_SELECTED_DIAGNOSTIC,1,0.01,64,0,1,20,EXACT_MODEL_SELECTION_FROZEN_BEFORE_LOCKED_TEST,concatenated_per_prompt_helmert,0.0002144421088450127,0.008809549029166112,0.008608286224419956,0.011616143139776557,0.014579507037544038,0.2837025918972777,0.2086183555509711,0.0,10274,exact_rule_vectors/010274.npz
308,X_BASE,24,B5_EXACT_SELECTED_DIAGNOSTIC,1,0.01,16,0,1,20,EXACT_MODEL_SELECTION_FROZEN_BEFORE_LOCKED_TEST,concatenated_per_prompt_helmert,0.0002144421088450127,0.008764625822579305,0.008563552540018303,0.021869628529550246,0.02317467605563212,0.3898975279697919,0.30124961625483526,0.0,10383,exact_rule_vectors/010383.npz
308,X_BASE,24,B5_EXACT_SELECTED_DIAGNOSTIC,1,0.01,256,0,1,20,EXACT_MODEL_SELECTION_FROZEN_BEFORE_LOCKED_TEST,concatenated_per_prompt_helmert,0.0002144421088450127,0.00880601611318192,0.008604624734027394,0.005428964098131011,0.010327288258688073,0.20309699866684383,0.14932543973463838,0.0,10411,exact_rule_vectors/010411.npz
308,X_BASE,40,B5_EXACT_SELECTED_DIAGNOSTIC,1,0.01,exact,0,1,15,EXACT_MODEL_SELECTION_FROZEN_BEFORE_LOCKED_TEST,concatenated_per_prompt_helmert,0.00031328505363344416,0.0037936247120428646,0.003607030843520895,0.001321256778180002,0.002943936960930685,0.07348563812709612,0.038380243720631264,0.0,10469,exact_rule_vectors/010469.npz
308,X_BASE,40,B5_EXACT_SELECTED_DIAGNOSTIC,1,0.01,64,0,1,15,EXACT_MODEL_SELECTION_FROZEN_BEFORE_LOCKED_TEST,concatenated_per_prompt_helmert,0.00031328505363344416,0.005010954676642368,0.005134721497267527,0.017260794680476074,0.017452998637695165,0.2907380013010435,0.2240041421073777,0.0,10511,exact_rule_vectors/010511.npz
308,X_BASE,40,B5_EXACT_SELECTED_DIAGNOSTIC,1,0.01,16,0,1,15,EXACT_MODEL_SELECTION_FROZEN_BEFORE_LOCKED_TEST,concatenated_per_prompt_helmert,0.00031328505363344416,0.005064479952024152,0.005190179738617077,0.03697516379983798,0.036853939744751416,0.5567775129911138,0.4799503793606741,0.0,10620,exact_rule_vectors/010620.npz
308,X_BASE,40,B5_EXACT_SELECTED_DIAGNOSTIC,1,0.01,256,0,1,15,EXACT_MODEL_SELECTION_FROZEN_BEFORE_LOCKED_TEST,concatenated_per_prompt_helmert,0.00031328505363344416,0.004812034701578186,0.004924126238951432,0.02867019418167611,0.028271945407799075,0.47143022535038237,0.38840169323708623,0.0,10648,exact_rule_vectors/010648.npz
308,X_VALID,8,B5_EXACT_SELECTED_DIAGNOSTIC,1,0.01,exact,0,1,18,EXACT_MODEL_SELECTION_FROZEN_BEFORE_LOCKED_TEST,concatenated_per_prompt_helmert,9.49969324264369e-05,0.0005000185099471178,0.0004796463064741953,0.0006170768187264128,0.00039163425009274585,0.017043457698816145,0.00460251014691362,0.0,10706,exact_rule_vectors/010706.npz
308,X_VALID,8,B5_EXACT_SELECTED_DIAGNOSTIC,1,0.01,64,0,1,18,EXACT_MODEL_SELECTION_FROZEN_BEFORE_LOCKED_TEST,concatenated_per_prompt_helmert,9.49969324264369e-05,0.006398523809402809,0.006456969982750545,0.008920315752481174,0.010659355638693612,0.2101605484507658,0.1454873973326841,0.0,10748,exact_rule_vectors/010748.npz
308,X_VALID,8,B5_EXACT_SELECTED_DIAGNOSTIC,1,0.01,16,0,1,18,EXACT_MODEL_SELECTION_FROZEN_BEFORE_LOCKED_TEST,concatenated_per_prompt_helmert,9.49969324264369e-05,0.006319470143437225,0.006378121659304006,0.03752918069802661,0.03758715441649709,0.5439915474725118,0.4559481035614066,0.0,10857,exact_rule_vectors/010857.npz
308,X_VALID,8,B5_EXACT_SELECTED_DIAGNOSTIC,1,0.01,256,0,1,18,EXACT_MODEL_SELECTION_FROZEN_BEFORE_LOCKED_TEST,concatenated_per_prompt_helmert,9.49969324264369e-05,0.006349529086956552,0.006407940560509624,0.013849651178276698,0.013662562853065515,0.29138064877685016,0.19746343296471072,0.0,10885,exact_rule_vectors/010885.npz
308,X_VALID,24,B5_EXACT_SELECTED_DIAGNOSTIC,1,0.01,exact,0,1,11,EXACT_MODEL_SELECTION_FROZEN_BEFORE_LOCKED_TEST,concatenated_per_prompt_helmert,3.8343585636082125e-05,0.0006902546472847222,0.0006826475561355433,0.0005409354948986685,0.000261981535689951,0.018388462002294232,0.0034422785573060507,0.0,10943,exact_rule_vectors/010943.npz
308,X_VALID,24,B5_EXACT_SELECTED_DIAGNOSTIC,1,0.01,64,0,1,11,EXACT_MODEL_SELECTION_FROZEN_BEFORE_LOCKED_TEST,concatenated_per_prompt_helmert,3.8343585636082125e-05,0.0013074447522386408,0.00134321675719648,0.011798897971168664,0.01186543419126484,0.15554496876363927,0.13889936785536777,0.0,10985,exact_rule_vectors/010985.npz
308,X_VALID,24,B5_EXACT_SELECTED_DIAGNOSTIC,1,0.01,16,0,1,11,EXACT_MODEL_SELECTION_FROZEN_BEFORE_LOCKED_TEST,concatenated_per_prompt_helmert,3.8343585636082125e-05,0.001244650036616629,0.0012808842015869556,0.07287481554211954,0.07298390818969269,0.8704453657351601,0.8528489768220636,0.0,11094,exact_rule_vectors/011094.npz
308,X_VALID,24,B5_EXACT_SELECTED_DIAGNOSTIC,1,0.01,256,0,1,11,EXACT_MODEL_SELECTION_FROZEN_BEFORE_LOCKED_TEST,concatenated_per_prompt_helmert,3.8343585636082125e-05,0.0012903022630496811,0.0013262797574614899,0.015237308622709934,0.015190807389377682,0.20806937991756883,0.18975237976639225,0.0,11122,exact_rule_vectors/011122.npz
308,X_VALID,40,B5_EXACT_SELECTED_DIAGNOSTIC,1,0.01,exact,0,1,13,EXACT_MODEL_SELECTION_FROZEN_BEFORE_LOCKED_TEST,concatenated_per_prompt_helmert,1.3881721617620848e-05,0.00048279292490194237,0.0004917787851880741,0.0004476290604973865,0.00016158018832256987,0.013957660001622185,0.002171758075250711,0.0,11180,exact_rule_vectors/011180.npz
308,X_VALID,40,B5_EXACT_SELECTED_DIAGNOSTIC,1,0.01,64,0,1,13,EXACT_MODEL_SELECTION_FROZEN_BEFORE_LOCKED_TEST,concatenated_per_prompt_helmert,1.3881721617620848e-05,0.0017854722297577946,0.0017753545670864815,0.004468046287304994,0.004619018729113497,0.0696460687166435,0.05420905546952629,0.0,11222,exact_rule_vectors/011222.npz
308,X_VALID,40,B5_EXACT_SELECTED_DIAGNOSTIC,1,0.01,16,0,1,13,EXACT_MODEL_SELECTION_FROZEN_BEFORE_LOCKED_TEST,concatenated_per_prompt_helmert,1.3881721617620848e-05,0.0019012508244060117,0.0018909773757480315,0.0904804288239601,0.09029305725112802,1.3539944304424438,1.3233679020240279,0.0,11331,exact_rule_vectors/011331.npz
308,X_VALID,40,B5_EXACT_SELECTED_DIAGNOSTIC,1,0.01,256,0,1,13,EXACT_MODEL_SELECTION_FROZEN_BEFORE_LOCKED_TEST,concatenated_per_prompt_helmert,1.3881721617620848e-05,0.0017965561929211998,0.001786415843930428,0.0013057617790208159,0.0021234839190828127,0.041468886660717866,0.03097705539557323,0.0,11359,exact_rule_vectors/011359.npz
309,X_BASE,8,B5_EXACT_SELECTED_DIAGNOSTIC,1,0.01,exact,0,1,20,EXACT_MODEL_SELECTION_FROZEN_BEFORE_LOCKED_TEST,concatenated_per_prompt_helmert,7.083318172880531e-05,0.002114100938671958,0.002077915009452275,0.0011921493782522774,0.0015223257033854702,0.046259191204364496,0.018951798132353193,0.0,11417,exact_rule_vectors/011417.npz
309,X_BASE,8,B5_EXACT_SELECTED_DIAGNOSTIC,1,0.01,64,0,1,20,EXACT_MODEL_SELECTION_FROZEN_BEFORE_LOCKED_TEST,concatenated_per_prompt_helmert,7.083318172880531e-05,0.0026535107437954835,0.002590672824234899,0.007171907984368152,0.007519240051522624,0.12502325217297292,0.09652393695913808,0.0,11459,exact_rule_vectors/011459.npz
309,X_BASE,8,B5_EXACT_SELECTED_DIAGNOSTIC,1,0.01,16,0,1,20,EXACT_MODEL_SELECTION_FROZEN_BEFORE_LOCKED_TEST,concatenated_per_prompt_helmert,7.083318172880531e-05,0.002691612216690082,0.0026285674685049124,0.020974155389227672,0.021411504076700758,0.3299456724335003,0.29862930330958587,0.0,11568,exact_rule_vectors/011568.npz
309,X_BASE,8,B5_EXACT_SELECTED_DIAGNOSTIC,1,0.01,256,0,1,20,EXACT_MODEL_SELECTION_FROZEN_BEFORE_LOCKED_TEST,concatenated_per_prompt_helmert,7.083318172880531e-05,0.002680415410864742,0.002618102024346172,0.006955922178946883,0.007338277844823606,0.11873280249428798,0.09260399710827011,0.0,11596,exact_rule_vectors/011596.npz
309,X_BASE,24,B5_EXACT_SELECTED_DIAGNOSTIC,1,0.01,exact,0,1,18,EXACT_MODEL_SELECTION_FROZEN_BEFORE_LOCKED_TEST,concatenated_per_prompt_helmert,0.00024333120690711685,0.0031650107226731334,0.003186630261592536,0.0026942468707809304,0.0010881873671848346,0.0886946965024945,0.01398781559460311,0.0,11654,exact_rule_vectors/011654.npz
309,X_BASE,24,B5_EXACT_SELECTED_DIAGNOSTIC,1,0.01,64,0,1,18,EXACT_MODEL_SELECTION_FROZEN_BEFORE_LOCKED_TEST,concatenated_per_prompt_helmert,0.00024333120690711685,0.011308438980899584,0.011084375926158695,0.041548692302149644,0.04138916049086759,0.7715505976910259,0.6045163195940654,0.0,11696,exact_rule_vectors/011696.npz
309,X_BASE,24,B5_EXACT_SELECTED_DIAGNOSTIC,1,0.01,16,0,1,18,EXACT_MODEL_SELECTION_FROZEN_BEFORE_LOCKED_TEST,concatenated_per_prompt_helmert,0.00024333120690711685,0.011012166477372047,0.01078780764684616,0.1019100796635191,0.10154027072276176,1.6447474164057034,1.4788428854683586,0.0,11805,exact_rule_vectors/011805.npz
309,X_BASE,24,B5_EXACT_SELECTED_DIAGNOSTIC,1,0.01,256,0,1,18,EXACT_MODEL_SELECTION_FROZEN_BEFORE_LOCKED_TEST,concatenated_per_prompt_helmert,0.00024333120690711685,0.011039526934006862,0.010814764617374226,0.007155481201549873,0.01210002447370082,0.24493859186636802,0.17518580325792033,0.0,11833,exact_rule_vectors/011833.npz
309,X_BASE,40,B5_EXACT_SELECTED_DIAGNOSTIC,1,0.01,exact,0,1,13,EXACT_MODEL_SELECTION_FROZEN_BEFORE_LOCKED_TEST,concatenated_per_prompt_helmert,0.0005924243834946351,0.004335304491370823,0.004593224812284999,0.004526035726867853,0.0022805748624054037,0.14145011134504074,0.02880122105190325,0.0,11891,exact_rule_vectors/011891.npz
309,X_BASE,40,B5_EXACT_SELECTED_DIAGNOSTIC,1,0.01,64,0,1,13,EXACT_MODEL_SELECTION_FROZEN_BEFORE_LOCKED_TEST,concatenated_per_prompt_helmert,0.0005924243834946351,0.008874156599466169,0.008408412880171877,0.010960432527863356,0.014752944176951537,0.2509312443465363,0.20724761745025147,0.0,11933,exact_rule_vectors/011933.npz
309,X_BASE,40,B5_EXACT_SELECTED_DIAGNOSTIC,1,0.01,16,0,1,13,EXACT_MODEL_SELECTION_FROZEN_BEFORE_LOCKED_TEST,concatenated_per_prompt_helmert,0.0005924243834946351,0.009340180746201058,0.00886477095127174,0.03274148722548934,0.03455972692071367,0.5410267460282775,0.46108588586557286,0.0,12042,exact_rule_vectors/012042.npz
309,X_BASE,40,B5_EXACT_SELECTED_DIAGNOSTIC,1,0.01,256,0,1,13,EXACT_MODEL_SELECTION_FROZEN_BEFORE_LOCKED_TEST,concatenated_per_prompt_helmert,0.0005924243834946351,0.008321281344349162,0.007842894726155876,0.02643390302899033,0.026420805344850442,0.4976816530895611,0.3797063669949406,0.0,12070,exact_rule_vectors/012070.npz
309,X_VALID,8,B5_EXACT_SELECTED_DIAGNOSTIC,1,0.01,exact,0,1,19,EXACT_MODEL_SELECTION_FROZEN_BEFORE_LOCKED_TEST,concatenated_per_prompt_helmert,0.00010011622385516456,0.0005255886556886558,0.000494051898540693,0.0006342043602840822,0.0003700321734648093,0.01771854944312219,0.004262517640469729,0.0,12128,exact_rule_vectors/012128.npz
309,X_VALID,8,B5_EXACT_SELECTED_DIAGNOSTIC,1,0.01,64,0,1,19,EXACT_MODEL_SELECTION_FROZEN_BEFORE_LOCKED_TEST,concatenated_per_prompt_helmert,0.00010011622385516456,0.006277732183134565,0.006354006581208003,0.03571920874181206,0.035726010757824486,0.6038221733098112,0.5102525636264575,0.0,12170,exact_rule_vectors/012170.npz
309,X_VALID,8,B5_EXACT_SELECTED_DIAGNOSTIC,1,0.01,16,0,1,19,EXACT_MODEL_SELECTION_FROZEN_BEFORE_LOCKED_TEST,concatenated_per_prompt_helmert,0.00010011622385516456,0.00615203650974458,0.0062278059125717225,0.08730886901833879,0.08683026360737311,1.3606296097443016,1.2610926832266196,0.0,12279,exact_rule_vectors/012279.npz
309,X_VALID,8,B5_EXACT_SELECTED_DIAGNOSTIC,1,0.01,256,0,1,19,EXACT_MODEL_SELECTION_FROZEN_BEFORE_LOCKED_TEST,concatenated_per_prompt_helmert,0.00010011622385516456,0.006227215462303115,0.006303791764444471,0.015529353405659741,0.0156353269598321,0.31336172373262455,0.22362133622114114,0.0,12307,exact_rule_vectors/012307.npz
309,X_VALID,24,B5_EXACT_SELECTED_DIAGNOSTIC,1,0.01,exact,0,1,12,EXACT_MODEL_SELECTION_FROZEN_BEFORE_LOCKED_TEST,concatenated_per_prompt_helmert,4.621599486745799e-05,0.0007631907666497902,0.000784570725683926,0.0006783691340144328,0.00041342028171913436,0.021703362672077283,0.005245666205397712,0.0,12365,exact_rule_vectors/012365.npz
309,X_VALID,24,B5_EXACT_SELECTED_DIAGNOSTIC,1,0.01,64,0,1,12,EXACT_MODEL_SELECTION_FROZEN_BEFORE_LOCKED_TEST,concatenated_per_prompt_helmert,4.621599486745799e-05,0.0020051614665747854,0.0019708039837578726,0.02180565411797934,0.02185664844573728,0.3226635268382127,0.2958612420846392,0.0,12407,exact_rule_vectors/012407.npz
309,X_VALID,24,B5_EXACT_SELECTED_DIAGNOSTIC,1,0.01,16,0,1,12,EXACT_MODEL_SELECTION_FROZEN_BEFORE_LOCKED_TEST,concatenated_per_prompt_helmert,4.621599486745799e-05,0.0019747393156191776,0.0019407547687297923,0.016958699295353895,0.017078094073092395,0.22004667743592543,0.1963385065421275,0.0,12516,exact_rule_vectors/012516.npz
309,X_VALID,24,B5_EXACT_SELECTED_DIAGNOSTIC,1,0.01,256,0,1,12,EXACT_MODEL_SELECTION_FROZEN_BEFORE_LOCKED_TEST,concatenated_per_prompt_helmert,4.621599486745799e-05,0.002391745230838151,0.0023537819174582883,0.024059804168435072,0.02393779200589789,0.3851794464252576,0.3494290683911385,0.0,12544,exact_rule_vectors/012544.npz
309,X_VALID,40,B5_EXACT_SELECTED_DIAGNOSTIC,1,0.01,exact,0,1,10,EXACT_MODEL_SELECTION_FROZEN_BEFORE_LOCKED_TEST,concatenated_per_prompt_helmert,1.720458141422418e-05,0.0007971904155776969,0.000807526613840601,0.0006003135652621354,0.0004947300701146225,0.020491188962923925,0.0048809343308315704,0.0,12602,exact_rule_vectors/012602.npz
309,X_VALID,40,B5_EXACT_SELECTED_DIAGNOSTIC,1,0.01,64,0,1,10,EXACT_MODEL_SELECTION_FROZEN_BEFORE_LOCKED_TEST,concatenated_per_prompt_helmert,1.720458141422418e-05,0.0016641449116275764,0.0016583177218865886,0.060118027083374874,0.06019762643835063,0.8445336803609845,0.8219957878074515,0.0,12644,exact_rule_vectors/012644.npz
309,X_VALID,40,B5_EXACT_SELECTED_DIAGNOSTIC,1,0.01,16,0,1,10,EXACT_MODEL_SELECTION_FROZEN_BEFORE_LOCKED_TEST,concatenated_per_prompt_helmert,1.720458141422418e-05,0.0014100226724251947,0.0014055948473870375,0.061230838400687236,0.061241264159720664,0.7193920656097516,0.698883537037459,0.0,12753,exact_rule_vectors/012753.npz
309,X_VALID,40,B5_EXACT_SELECTED_DIAGNOSTIC,1,0.01,256,0,1,10,EXACT_MODEL_SELECTION_FROZEN_BEFORE_LOCKED_TEST,concatenated_per_prompt_helmert,1.720458141422418e-05,0.0015654152849521922,0.0015602251616911918,0.03248363707051974,0.03244620854629574,0.43904162340993785,0.41536491131491937,0.0,12781,exact_rule_vectors/012781.npz
310,X_BASE,8,B5_EXACT_SELECTED_DIAGNOSTIC,1,0.01,exact,0,1,20,EXACT_MODEL_SELECTION_FROZEN_BEFORE_LOCKED_TEST,concatenated_per_prompt_helmert,3.1846564289328026e-05,0.0018678696757504366,0.001853225598815346,0.0004342423890011324,0.0017850180528026637,0.03275529050567333,0.025449344873831412,0.0,12839,exact_rule_vectors/012839.npz
310,X_BASE,8,B5_EXACT_SELECTED_DIAGNOSTIC,1,0.01,64,0,1,20,EXACT_MODEL_SELECTION_FROZEN_BEFORE_LOCKED_TEST,concatenated_per_prompt_helmert,3.1846564289328026e-05,0.0022187443288027675,0.0022003726286728338,0.016796002178314843,0.016941891305741523,0.25271437974031563,0.2264558702864945,0.0,12881,exact_rule_vectors/012881.npz
310,X_BASE,8,B5_EXACT_SELECTED_DIAGNOSTIC,1,0.01,16,0,1,20,EXACT_MODEL_SELECTION_FROZEN_BEFORE_LOCKED_TEST,concatenated_per_prompt_helmert,3.1846564289328026e-05,0.0022461641824289952,0.00222763019594949,0.01814178174874892,0.018245187788985612,0.2495762686598069,0.22141883578075525,0.0,12990,exact_rule_vectors/012990.npz
310,X_BASE,8,B5_EXACT_SELECTED_DIAGNOSTIC,1,0.01,256,0,1,20,EXACT_MODEL_SELECTION_FROZEN_BEFORE_LOCKED_TEST,concatenated_per_prompt_helmert,3.1846564289328026e-05,0.002250854655742957,0.002232488689511268,0.007086561901737177,0.00757470030393512,0.10783429018867896,0.0880133869976852,0.0,13018,exact_rule_vectors/013018.npz
310,X_BASE,24,B5_EXACT_SELECTED_DIAGNOSTIC,1,0.01,exact,0,1,21,EXACT_MODEL_SELECTION_FROZEN_BEFORE_LOCKED_TEST,concatenated_per_prompt_helmert,0.00016628427396958286,0.0037998788152202394,0.003754601341271679,0.003077627589617707,0.0014740310997888961,0.10105979365895736,0.019503947587835437,0.0,13076,exact_rule_vectors/013076.npz
310,X_BASE,24,B5_EXACT_SELECTED_DIAGNOSTIC,1,0.01,64,0,1,21,EXACT_MODEL_SELECTION_FROZEN_BEFORE_LOCKED_TEST,concatenated_per_prompt_helmert,0.00016628427396958286,0.007027370313010267,0.006870715120187693,0.02727380060092322,0.02766841418720937,0.4417977225778466,0.3629901785401057,0.0,13118,exact_rule_vectors/013118.npz
310,X_BASE,24,B5_EXACT_SELECTED_DIAGNOSTIC,1,0.01,16,0,1,21,EXACT_MODEL_SELECTION_FROZEN_BEFORE_LOCKED_TEST,concatenated_per_prompt_helmert,0.00016628427396958286,0.007203705215898417,0.0070474776735655,0.07128798859562743,0.0721939938289736,1.0273515486080484,0.9408681878024425,0.0,13227,exact_rule_vectors/013227.npz
310,X_BASE,24,B5_EXACT_SELECTED_DIAGNOSTIC,1,0.01,256,0,1,21,EXACT_MODEL_SELECTION_FROZEN_BEFORE_LOCKED_TEST,concatenated_per_prompt_helmert,0.00016628427396958286,0.0063849788341845655,0.0062283510438137365,0.02709170190661091,0.02637352120560425,0.47738449474630823,0.37520354895190106,0.0,13255,exact_rule_vectors/013255.npz
310,X_BASE,40,B5_EXACT_SELECTED_DIAGNOSTIC,1,0.01,exact,0,1,11,EXACT_MODEL_SELECTION_FROZEN_BEFORE_LOCKED_TEST,concatenated_per_prompt_helmert,0.00022870407777448744,0.003976412413059455,0.0038323426887877164,0.0021253710169802285,0.002512753745139025,0.08576630596204028,0.03091008573098317,0.0,13313,exact_rule_vectors/013313.npz
310,X_BASE,40,B5_EXACT_SELECTED_DIAGNOSTIC,1,0.01,64,0,1,11,EXACT_MODEL_SELECTION_FROZEN_BEFORE_LOCKED_TEST,concatenated_per_prompt_helmert,0.00022870407777448744,0.006627895128637435,0.0067189766798074835,0.04152124938627976,0.04143365434106053,0.635303567447014,0.5368543182274016,0.0,13355,exact_rule_vectors/013355.npz
310,X_BASE,40,B5_EXACT_SELECTED_DIAGNOSTIC,1,0.01,16,0,1,11,EXACT_MODEL_SELECTION_FROZEN_BEFORE_LOCKED_TEST,concatenated_per_prompt_helmert,0.00022870407777448744,0.006867193670882069,0.006959619781004454,0.0913870620577281,0.09094767765630758,1.393254354054636,1.283849637717792,0.0,13464,exact_rule_vectors/013464.npz
310,X_BASE,40,B5_EXACT_SELECTED_DIAGNOSTIC,1,0.01,256,0,1,11,EXACT_MODEL_SELECTION_FROZEN_BEFORE_LOCKED_TEST,concatenated_per_prompt_helmert,0.00022870407777448744,0.007236434165087914,0.007336232282689665,0.027598612256765895,0.027310862430732608,0.4705117168689852,0.36264426680206396,0.0,13492,exact_rule_vectors/013492.npz
310,X_VALID,8,B5_EXACT_SELECTED_DIAGNOSTIC,1,0.01,exact,0,1,20,EXACT_MODEL_SELECTION_FROZEN_BEFORE_LOCKED_TEST,concatenated_per_prompt_helmert,8.049823999099249e-05,0.0005033665326421499,0.000483943449348604,0.0005362172917818601,0.00028090558542451385,0.015695699336990217,0.0034484529768645023,0.0,13550,exact_rule_vectors/013550.npz
310,X_VALID,8,B5_EXACT_SELECTED_DIAGNOSTIC,1,0.01,64,0,1,20,EXACT_MODEL_SELECTION_FROZEN_BEFORE_LOCKED_TEST,concatenated_per_prompt_helmert,8.049823999099249e-05,0.005812915591338921,0.0058654442550492335,0.03923293262461814,0.03933937794819047,0.6453226062087467,0.5608338628057399,0.0,13592,exact_rule_vectors/013592.npz
310,X_VALID,8,B5_EXACT_SELECTED_DIAGNOSTIC,1,0.01,16,0,1,20,EXACT_MODEL_SELECTION_FROZEN_BEFORE_LOCKED_TEST,concatenated_per_prompt_helmert,8.049823999099249e-05,0.005614930948506257,0.005667287139777492,0.09292767553279678,0.09287571209941574,1.4460419767866217,1.361208503049113,0.0,13701,exact_rule_vectors/013701.npz
310,X_VALID,8,B5_EXACT_SELECTED_DIAGNOSTIC,1,0.01,256,0,1,20,EXACT_MODEL_SELECTION_FROZEN_BEFORE_LOCKED_TEST,concatenated_per_prompt_helmert,8.049823999099249e-05,0.005797745113826291,0.005850146488279002,0.017153016973427623,0.01672019257306867,0.33569067743335523,0.24283777090840586,0.0,13729,exact_rule_vectors/013729.npz
310,X_VALID,24,B5_EXACT_SELECTED_DIAGNOSTIC,1,0.01,exact,0,1,9,EXACT_MODEL_SELECTION_FROZEN_BEFORE_LOCKED_TEST,concatenated_per_prompt_helmert,5.0583980258887964e-05,0.0004012048850435549,0.0004004689664770611,0.0004215670279979263,0.00035184175612208295,0.012124945001689225,0.003520494086467395,0.0,13787,exact_rule_vectors/013787.npz
310,X_VALID,24,B5_EXACT_SELECTED_DIAGNOSTIC,1,0.01,64,0,1,9,EXACT_MODEL_SELECTION_FROZEN_BEFORE_LOCKED_TEST,concatenated_per_prompt_helmert,5.0583980258887964e-05,0.0015474390148126264,0.001588014484235713,0.05202325628613829,0.05213597547102606,0.7261837230829555,0.7060450023024534,0.0,13829,exact_rule_vectors/013829.npz
310,X_VALID,24,B5_EXACT_SELECTED_DIAGNOSTIC,1,0.01,16,0,1,9,EXACT_MODEL_SELECTION_FROZEN_BEFORE_LOCKED_TEST,concatenated_per_prompt_helmert,5.0583980258887964e-05,0.001861969901846363,0.0019027535300570194,0.02956550846347489,0.029827724350448715,0.4225943660960288,0.4000927646978334,0.0,13938,exact_rule_vectors/013938.npz
310,X_VALID,24,B5_EXACT_SELECTED_DIAGNOSTIC,1,0.01,256,0,1,9,EXACT_MODEL_SELECTION_FROZEN_BEFORE_LOCKED_TEST,concatenated_per_prompt_helmert,5.0583980258887964e-05,0.001679749674539268,0.0017196859064185846,0.02204973932872921,0.02191236407090371,0.3336088493441762,0.3084901457705594,0.0,13966,exact_rule_vectors/013966.npz
310,X_VALID,40,B5_EXACT_SELECTED_DIAGNOSTIC,1,0.01,exact,0,1,8,EXACT_MODEL_SELECTION_FROZEN_BEFORE_LOCKED_TEST,concatenated_per_prompt_helmert,1.723763147062163e-05,0.000507307668832486,0.0005147700482092187,0.0004321930393613231,0.00018843196626333974,0.014127205755686384,0.0025453114592120783,0.0,14024,exact_rule_vectors/014024.npz
310,X_VALID,40,B5_EXACT_SELECTED_DIAGNOSTIC,1,0.01,64,0,1,8,EXACT_MODEL_SELECTION_FROZEN_BEFORE_LOCKED_TEST,concatenated_per_prompt_helmert,1.723763147062163e-05,0.0019559529750594992,0.0019481163017913271,0.00506892781342785,0.005433517369384951,0.08023557300972885,0.06344120636415151,0.0,14066,exact_rule_vectors/014066.npz
310,X_VALID,40,B5_EXACT_SELECTED_DIAGNOSTIC,1,0.01,16,0,1,8,EXACT_MODEL_SELECTION_FROZEN_BEFORE_LOCKED_TEST,concatenated_per_prompt_helmert,1.723763147062163e-05,0.0020425558764465353,0.0020345466598155246,0.034155022967097326,0.03415324627329407,0.3998501191814527,0.37834883598316776,0.0,14175,exact_rule_vectors/014175.npz
310,X_VALID,40,B5_EXACT_SELECTED_DIAGNOSTIC,1,0.01,256,0,1,8,EXACT_MODEL_SELECTION_FROZEN_BEFORE_LOCKED_TEST,concatenated_per_prompt_helmert,1.723763147062163e-05,0.002128453735885638,0.002120433478611187,0.021859790838320677,0.021705919790652197,0.3523225802340128,0.31883917069086526,0.0,14203,exact_rule_vectors/014203.npz
