seed,arm,anchor,method,rank_cap,alpha,n,noise,r,k,selection_source,fixed_path_prediction_change_from_exact_rmse,anchor_measurement_rmse,scope
301,X_BASE,8,B5_EXACT_SELECTED_DIAGNOSTIC,1,0.01,64,0,1,23,EXACT_MODEL_SELECTION_FROZEN_BEFORE_LOCKED_TEST,0.018058991716361352,0.04385277535800566,Fixed path/rule/checkpoint; measurement affects U and response estimates
301,X_BASE,8,B5_EXACT_SELECTED_DIAGNOSTIC,1,0.01,16,0,1,23,EXACT_MODEL_SELECTION_FROZEN_BEFORE_LOCKED_TEST,0.07400236353574803,0.0964158298475606,Fixed path/rule/checkpoint; measurement affects U and response estimates
301,X_BASE,8,B5_EXACT_SELECTED_DIAGNOSTIC,1,0.01,256,0,1,23,EXACT_MODEL_SELECTION_FROZEN_BEFORE_LOCKED_TEST,0.01604942482172843,0.022135951646679353,Fixed path/rule/checkpoint; measurement affects U and response estimates
301,X_BASE,24,B5_EXACT_SELECTED_DIAGNOSTIC,1,0.01,64,0,1,20,EXACT_MODEL_SELECTION_FROZEN_BEFORE_LOCKED_TEST,0.03738770345052276,0.048518079918143345,Fixed path/rule/checkpoint; measurement affects U and response estimates
301,X_BASE,24,B5_EXACT_SELECTED_DIAGNOSTIC,1,0.01,16,0,1,20,EXACT_MODEL_SELECTION_FROZEN_BEFORE_LOCKED_TEST,0.1002891484619877,0.0908992782444537,Fixed path/rule/checkpoint; measurement affects U and response estimates
301,X_BASE,24,B5_EXACT_SELECTED_DIAGNOSTIC,1,0.01,256,0,1,20,EXACT_MODEL_SELECTION_FROZEN_BEFORE_LOCKED_TEST,0.014394685938507505,0.025328587012252317,Fixed path/rule/checkpoint; measurement affects U and response estimates
301,X_BASE,40,B5_EXACT_SELECTED_DIAGNOSTIC,1,0.01,64,0,1,11,EXACT_MODEL_SELECTION_FROZEN_BEFORE_LOCKED_TEST,0.05428045438408208,0.049422907388593264,Fixed path/rule/checkpoint; measurement affects U and response estimates
301,X_BASE,40,B5_EXACT_SELECTED_DIAGNOSTIC,1,0.01,16,0,1,11,EXACT_MODEL_SELECTION_FROZEN_BEFORE_LOCKED_TEST,0.07765712598546391,0.08790674050960698,Fixed path/rule/checkpoint; measurement affects U and response estimates
301,X_BASE,40,B5_EXACT_SELECTED_DIAGNOSTIC,1,0.01,256,0,1,11,EXACT_MODEL_SELECTION_FROZEN_BEFORE_LOCKED_TEST,0.02503312251016725,0.023460308110864973,Fixed path/rule/checkpoint; measurement affects U and response estimates
301,X_VALID,8,B5_EXACT_SELECTED_DIAGNOSTIC,1,0.01,64,0,1,14,EXACT_MODEL_SELECTION_FROZEN_BEFORE_LOCKED_TEST,0.0416673050576717,0.03894786838354385,Fixed path/rule/checkpoint; measurement affects U and response estimates
301,X_VALID,8,B5_EXACT_SELECTED_DIAGNOSTIC,1,0.01,16,0,1,14,EXACT_MODEL_SELECTION_FROZEN_BEFORE_LOCKED_TEST,0.07329669940380529,0.07619121626259008,Fixed path/rule/checkpoint; measurement affects U and response estimates
301,X_VALID,8,B5_EXACT_SELECTED_DIAGNOSTIC,1,0.01,256,0,1,14,EXACT_MODEL_SELECTION_FROZEN_BEFORE_LOCKED_TEST,0.023725925560304395,0.019924415855348057,Fixed path/rule/checkpoint; measurement affects U and response estimates
301,X_VALID,24,B5_EXACT_SELECTED_DIAGNOSTIC,1,0.01,64,0,1,9,EXACT_MODEL_SELECTION_FROZEN_BEFORE_LOCKED_TEST,0.03100077376284584,0.028424810546538885,Fixed path/rule/checkpoint; measurement affects U and response estimates
301,X_VALID,24,B5_EXACT_SELECTED_DIAGNOSTIC,1,0.01,16,0,1,9,EXACT_MODEL_SELECTION_FROZEN_BEFORE_LOCKED_TEST,0.0543354975991185,0.05668325727566901,Fixed path/rule/checkpoint; measurement affects U and response estimates
301,X_VALID,24,B5_EXACT_SELECTED_DIAGNOSTIC,1,0.01,256,0,1,9,EXACT_MODEL_SELECTION_FROZEN_BEFORE_LOCKED_TEST,0.013999669772517096,0.013959141629088671,Fixed path/rule/checkpoint; measurement affects U and response estimates
301,X_VALID,40,B5_EXACT_SELECTED_DIAGNOSTIC,1,0.01,64,0,1,9,EXACT_MODEL_SELECTION_FROZEN_BEFORE_LOCKED_TEST,0.03743943105281518,0.033940710675956824,Fixed path/rule/checkpoint; measurement affects U and response estimates
301,X_VALID,40,B5_EXACT_SELECTED_DIAGNOSTIC,1,0.01,16,0,1,9,EXACT_MODEL_SELECTION_FROZEN_BEFORE_LOCKED_TEST,0.0746587980826828,0.06660394078868746,Fixed path/rule/checkpoint; measurement affects U and response estimates
301,X_VALID,40,B5_EXACT_SELECTED_DIAGNOSTIC,1,0.01,256,0,1,9,EXACT_MODEL_SELECTION_FROZEN_BEFORE_LOCKED_TEST,0.020417277165034494,0.018507486766919254,Fixed path/rule/checkpoint; measurement affects U and response estimates
302,X_BASE,8,B5_EXACT_SELECTED_DIAGNOSTIC,1,0.01,64,0,1,18,EXACT_MODEL_SELECTION_FROZEN_BEFORE_LOCKED_TEST,0.034624479601358144,0.044083552245331795,Fixed path/rule/checkpoint; measurement affects U and response estimates
302,X_BASE,8,B5_EXACT_SELECTED_DIAGNOSTIC,1,0.01,16,0,1,18,EXACT_MODEL_SELECTION_FROZEN_BEFORE_LOCKED_TEST,0.051616683679941606,0.09597076632347105,Fixed path/rule/checkpoint; measurement affects U and response estimates
302,X_BASE,8,B5_EXACT_SELECTED_DIAGNOSTIC,1,0.01,256,0,1,18,EXACT_MODEL_SELECTION_FROZEN_BEFORE_LOCKED_TEST,0.0133247542998671,0.01992740444215782,Fixed path/rule/checkpoint; measurement affects U and response estimates
302,X_BASE,24,B5_EXACT_SELECTED_DIAGNOSTIC,1,0.01,64,0,1,21,EXACT_MODEL_SELECTION_FROZEN_BEFORE_LOCKED_TEST,0.047451084527724854,0.0475460320106116,Fixed path/rule/checkpoint; measurement affects U and response estimates
302,X_BASE,24,B5_EXACT_SELECTED_DIAGNOSTIC,1,0.01,16,0,1,21,EXACT_MODEL_SELECTION_FROZEN_BEFORE_LOCKED_TEST,0.09235744419907337,0.10452430951616627,Fixed path/rule/checkpoint; measurement affects U and response estimates
302,X_BASE,24,B5_EXACT_SELECTED_DIAGNOSTIC,1,0.01,256,0,1,21,EXACT_MODEL_SELECTION_FROZEN_BEFORE_LOCKED_TEST,0.016562735807739964,0.02539995252394315,Fixed path/rule/checkpoint; measurement affects U and response estimates
302,X_BASE,40,B5_EXACT_SELECTED_DIAGNOSTIC,1,0.01,64,0,1,15,EXACT_MODEL_SELECTION_FROZEN_BEFORE_LOCKED_TEST,0.019782768413755106,0.047225583853119514,Fixed path/rule/checkpoint; measurement affects U and response estimates
302,X_BASE,40,B5_EXACT_SELECTED_DIAGNOSTIC,1,0.01,16,0,1,15,EXACT_MODEL_SELECTION_FROZEN_BEFORE_LOCKED_TEST,0.04307312157831842,0.08837427099751113,Fixed path/rule/checkpoint; measurement affects U and response estimates
302,X_BASE,40,B5_EXACT_SELECTED_DIAGNOSTIC,1,0.01,256,0,1,15,EXACT_MODEL_SELECTION_FROZEN_BEFORE_LOCKED_TEST,0.01399135429189096,0.022357147231101833,Fixed path/rule/checkpoint; measurement affects U and response estimates
302,X_VALID,8,B5_EXACT_SELECTED_DIAGNOSTIC,1,0.01,64,0,1,18,EXACT_MODEL_SELECTION_FROZEN_BEFORE_LOCKED_TEST,0.011400119244060026,0.041309955157285,Fixed path/rule/checkpoint; measurement affects U and response estimates
302,X_VALID,8,B5_EXACT_SELECTED_DIAGNOSTIC,1,0.01,16,0,1,18,EXACT_MODEL_SELECTION_FROZEN_BEFORE_LOCKED_TEST,0.016260913681322528,0.07707058516578369,Fixed path/rule/checkpoint; measurement affects U and response estimates
302,X_VALID,8,B5_EXACT_SELECTED_DIAGNOSTIC,1,0.01,256,0,1,18,EXACT_MODEL_SELECTION_FROZEN_BEFORE_LOCKED_TEST,0.016564215810147928,0.020602471129807978,Fixed path/rule/checkpoint; measurement affects U and response estimates
302,X_VALID,24,B5_EXACT_SELECTED_DIAGNOSTIC,1,0.01,64,0,1,9,EXACT_MODEL_SELECTION_FROZEN_BEFORE_LOCKED_TEST,0.04472985166384937,0.03634907918917569,Fixed path/rule/checkpoint; measurement affects U and response estimates
302,X_VALID,24,B5_EXACT_SELECTED_DIAGNOSTIC,1,0.01,16,0,1,9,EXACT_MODEL_SELECTION_FROZEN_BEFORE_LOCKED_TEST,0.08852888532903831,0.065129305534336,Fixed path/rule/checkpoint; measurement affects U and response estimates
302,X_VALID,24,B5_EXACT_SELECTED_DIAGNOSTIC,1,0.01,256,0,1,9,EXACT_MODEL_SELECTION_FROZEN_BEFORE_LOCKED_TEST,0.019801953970801187,0.018581318251536097,Fixed path/rule/checkpoint; measurement affects U and response estimates
302,X_VALID,40,B5_EXACT_SELECTED_DIAGNOSTIC,1,0.01,64,0,1,12,EXACT_MODEL_SELECTION_FROZEN_BEFORE_LOCKED_TEST,0.028086484101774924,0.036323708503727445,Fixed path/rule/checkpoint; measurement affects U and response estimates
302,X_VALID,40,B5_EXACT_SELECTED_DIAGNOSTIC,1,0.01,16,0,1,12,EXACT_MODEL_SELECTION_FROZEN_BEFORE_LOCKED_TEST,0.011874123489614663,0.0772470014354182,Fixed path/rule/checkpoint; measurement affects U and response estimates
302,X_VALID,40,B5_EXACT_SELECTED_DIAGNOSTIC,1,0.01,256,0,1,12,EXACT_MODEL_SELECTION_FROZEN_BEFORE_LOCKED_TEST,0.004454789191302695,0.01964152017005647,Fixed path/rule/checkpoint; measurement affects U and response estimates
303,X_BASE,8,B5_EXACT_SELECTED_DIAGNOSTIC,1,0.01,64,0,1,18,EXACT_MODEL_SELECTION_FROZEN_BEFORE_LOCKED_TEST,0.02015425606799176,0.042464744178623864,Fixed path/rule/checkpoint; measurement affects U and response estimates
303,X_BASE,8,B5_EXACT_SELECTED_DIAGNOSTIC,1,0.01,16,0,1,18,EXACT_MODEL_SELECTION_FROZEN_BEFORE_LOCKED_TEST,0.028325836443446478,0.08514566530219583,Fixed path/rule/checkpoint; measurement affects U and response estimates
303,X_BASE,8,B5_EXACT_SELECTED_DIAGNOSTIC,1,0.01,256,0,1,18,EXACT_MODEL_SELECTION_FROZEN_BEFORE_LOCKED_TEST,0.020951697624214453,0.023017593351827778,Fixed path/rule/checkpoint; measurement affects U and response estimates
303,X_BASE,24,B5_EXACT_SELECTED_DIAGNOSTIC,1,0.01,64,0,1,17,EXACT_MODEL_SELECTION_FROZEN_BEFORE_LOCKED_TEST,0.018306028143648335,0.04015604244745746,Fixed path/rule/checkpoint; measurement affects U and response estimates
303,X_BASE,24,B5_EXACT_SELECTED_DIAGNOSTIC,1,0.01,16,0,1,17,EXACT_MODEL_SELECTION_FROZEN_BEFORE_LOCKED_TEST,0.015899755740471342,0.09600276975942293,Fixed path/rule/checkpoint; measurement affects U and response estimates
303,X_BASE,24,B5_EXACT_SELECTED_DIAGNOSTIC,1,0.01,256,0,1,17,EXACT_MODEL_SELECTION_FROZEN_BEFORE_LOCKED_TEST,0.012541568024749065,0.02285323332508528,Fixed path/rule/checkpoint; measurement affects U and response estimates
303,X_BASE,40,B5_EXACT_SELECTED_DIAGNOSTIC,1,0.01,64,0,1,12,EXACT_MODEL_SELECTION_FROZEN_BEFORE_LOCKED_TEST,0.01967965100868525,0.04886684180074694,Fixed path/rule/checkpoint; measurement affects U and response estimates
303,X_BASE,40,B5_EXACT_SELECTED_DIAGNOSTIC,1,0.01,16,0,1,12,EXACT_MODEL_SELECTION_FROZEN_BEFORE_LOCKED_TEST,0.05123522279996053,0.08810226545878164,Fixed path/rule/checkpoint; measurement affects U and response estimates
303,X_BASE,40,B5_EXACT_SELECTED_DIAGNOSTIC,1,0.01,256,0,1,12,EXACT_MODEL_SELECTION_FROZEN_BEFORE_LOCKED_TEST,0.02695454894631726,0.022066064015427763,Fixed path/rule/checkpoint; measurement affects U and response estimates
303,X_VALID,8,B5_EXACT_SELECTED_DIAGNOSTIC,1,0.01,64,0,1,17,EXACT_MODEL_SELECTION_FROZEN_BEFORE_LOCKED_TEST,0.04286927302736447,0.03852982378738347,Fixed path/rule/checkpoint; measurement affects U and response estimates
303,X_VALID,8,B5_EXACT_SELECTED_DIAGNOSTIC,1,0.01,16,0,1,17,EXACT_MODEL_SELECTION_FROZEN_BEFORE_LOCKED_TEST,0.02677862940555776,0.07944278082254151,Fixed path/rule/checkpoint; measurement affects U and response estimates
303,X_VALID,8,B5_EXACT_SELECTED_DIAGNOSTIC,1,0.01,256,0,1,17,EXACT_MODEL_SELECTION_FROZEN_BEFORE_LOCKED_TEST,0.013698141624216533,0.017680879170408448,Fixed path/rule/checkpoint; measurement affects U and response estimates
303,X_VALID,24,B5_EXACT_SELECTED_DIAGNOSTIC,1,0.01,64,0,1,16,EXACT_MODEL_SELECTION_FROZEN_BEFORE_LOCKED_TEST,0.03543210754074876,0.03394050032972934,Fixed path/rule/checkpoint; measurement affects U and response estimates
303,X_VALID,24,B5_EXACT_SELECTED_DIAGNOSTIC,1,0.01,16,0,1,16,EXACT_MODEL_SELECTION_FROZEN_BEFORE_LOCKED_TEST,0.021780129560029147,0.0777105596133461,Fixed path/rule/checkpoint; measurement affects U and response estimates
303,X_VALID,24,B5_EXACT_SELECTED_DIAGNOSTIC,1,0.01,256,0,1,16,EXACT_MODEL_SELECTION_FROZEN_BEFORE_LOCKED_TEST,0.0033394016999180784,0.014516444131915416,Fixed path/rule/checkpoint; measurement affects U and response estimates
303,X_VALID,40,B5_EXACT_SELECTED_DIAGNOSTIC,1,0.01,64,0,1,10,EXACT_MODEL_SELECTION_FROZEN_BEFORE_LOCKED_TEST,0.03122424573176501,0.03191182473633001,Fixed path/rule/checkpoint; measurement affects U and response estimates
303,X_VALID,40,B5_EXACT_SELECTED_DIAGNOSTIC,1,0.01,16,0,1,10,EXACT_MODEL_SELECTION_FROZEN_BEFORE_LOCKED_TEST,0.06485249089096996,0.06211904778141735,Fixed path/rule/checkpoint; measurement affects U and response estimates
303,X_VALID,40,B5_EXACT_SELECTED_DIAGNOSTIC,1,0.01,256,0,1,10,EXACT_MODEL_SELECTION_FROZEN_BEFORE_LOCKED_TEST,0.005752346972160455,0.01701597673103659,Fixed path/rule/checkpoint; measurement affects U and response estimates
304,X_BASE,8,B5_EXACT_SELECTED_DIAGNOSTIC,1,0.01,64,0,1,22,EXACT_MODEL_SELECTION_FROZEN_BEFORE_LOCKED_TEST,0.013643416487685623,0.04294214279672243,Fixed path/rule/checkpoint; measurement affects U and response estimates
304,X_BASE,8,B5_EXACT_SELECTED_DIAGNOSTIC,1,0.01,16,0,1,22,EXACT_MODEL_SELECTION_FROZEN_BEFORE_LOCKED_TEST,0.03897006004177222,0.08964327263908442,Fixed path/rule/checkpoint; measurement affects U and response estimates
304,X_BASE,8,B5_EXACT_SELECTED_DIAGNOSTIC,1,0.01,256,0,1,22,EXACT_MODEL_SELECTION_FROZEN_BEFORE_LOCKED_TEST,0.025073143916865204,0.023996682273549785,Fixed path/rule/checkpoint; measurement affects U and response estimates
304,X_BASE,24,B5_EXACT_SELECTED_DIAGNOSTIC,1,0.01,64,0,1,15,EXACT_MODEL_SELECTION_FROZEN_BEFORE_LOCKED_TEST,0.03841541078962867,0.046692290076216926,Fixed path/rule/checkpoint; measurement affects U and response estimates
304,X_BASE,24,B5_EXACT_SELECTED_DIAGNOSTIC,1,0.01,16,0,1,15,EXACT_MODEL_SELECTION_FROZEN_BEFORE_LOCKED_TEST,0.06250193675425873,0.10046752225074526,Fixed path/rule/checkpoint; measurement affects U and response estimates
304,X_BASE,24,B5_EXACT_SELECTED_DIAGNOSTIC,1,0.01,256,0,1,15,EXACT_MODEL_SELECTION_FROZEN_BEFORE_LOCKED_TEST,0.007176905201823556,0.02253405003272589,Fixed path/rule/checkpoint; measurement affects U and response estimates
304,X_BASE,40,B5_EXACT_SELECTED_DIAGNOSTIC,1,0.01,64,0,1,13,EXACT_MODEL_SELECTION_FROZEN_BEFORE_LOCKED_TEST,0.04017756972451955,0.04729227616840211,Fixed path/rule/checkpoint; measurement affects U and response estimates
304,X_BASE,40,B5_EXACT_SELECTED_DIAGNOSTIC,1,0.01,16,0,1,13,EXACT_MODEL_SELECTION_FROZEN_BEFORE_LOCKED_TEST,0.036176938733623744,0.08505774365129663,Fixed path/rule/checkpoint; measurement affects U and response estimates
304,X_BASE,40,B5_EXACT_SELECTED_DIAGNOSTIC,1,0.01,256,0,1,13,EXACT_MODEL_SELECTION_FROZEN_BEFORE_LOCKED_TEST,0.0220323203399394,0.023956421039533195,Fixed path/rule/checkpoint; measurement affects U and response estimates
304,X_VALID,8,B5_EXACT_SELECTED_DIAGNOSTIC,1,0.01,64,0,1,16,EXACT_MODEL_SELECTION_FROZEN_BEFORE_LOCKED_TEST,0.0220155684097382,0.03728926078102574,Fixed path/rule/checkpoint; measurement affects U and response estimates
304,X_VALID,8,B5_EXACT_SELECTED_DIAGNOSTIC,1,0.01,16,0,1,16,EXACT_MODEL_SELECTION_FROZEN_BEFORE_LOCKED_TEST,0.06642473901973282,0.08112560191171869,Fixed path/rule/checkpoint; measurement affects U and response estimates
304,X_VALID,8,B5_EXACT_SELECTED_DIAGNOSTIC,1,0.01,256,0,1,16,EXACT_MODEL_SELECTION_FROZEN_BEFORE_LOCKED_TEST,0.010153270359029475,0.019489375107051857,Fixed path/rule/checkpoint; measurement affects U and response estimates
304,X_VALID,24,B5_EXACT_SELECTED_DIAGNOSTIC,1,0.01,64,0,1,10,EXACT_MODEL_SELECTION_FROZEN_BEFORE_LOCKED_TEST,0.02061702906511287,0.03035590148009711,Fixed path/rule/checkpoint; measurement affects U and response estimates
304,X_VALID,24,B5_EXACT_SELECTED_DIAGNOSTIC,1,0.01,16,0,1,10,EXACT_MODEL_SELECTION_FROZEN_BEFORE_LOCKED_TEST,0.03588767172696362,0.06776472584376872,Fixed path/rule/checkpoint; measurement affects U and response estimates
304,X_VALID,24,B5_EXACT_SELECTED_DIAGNOSTIC,1,0.01,256,0,1,10,EXACT_MODEL_SELECTION_FROZEN_BEFORE_LOCKED_TEST,0.007406152975156871,0.015965988033229534,Fixed path/rule/checkpoint; measurement affects U and response estimates
304,X_VALID,40,B5_EXACT_SELECTED_DIAGNOSTIC,1,0.01,64,0,1,11,EXACT_MODEL_SELECTION_FROZEN_BEFORE_LOCKED_TEST,0.035340326725906174,0.03448111873333282,Fixed path/rule/checkpoint; measurement affects U and response estimates
304,X_VALID,40,B5_EXACT_SELECTED_DIAGNOSTIC,1,0.01,16,0,1,11,EXACT_MODEL_SELECTION_FROZEN_BEFORE_LOCKED_TEST,0.03897154664306425,0.06424088932274429,Fixed path/rule/checkpoint; measurement affects U and response estimates
304,X_VALID,40,B5_EXACT_SELECTED_DIAGNOSTIC,1,0.01,256,0,1,11,EXACT_MODEL_SELECTION_FROZEN_BEFORE_LOCKED_TEST,0.017458423270171355,0.015354831865831085,Fixed path/rule/checkpoint; measurement affects U and response estimates
305,X_BASE,8,B5_EXACT_SELECTED_DIAGNOSTIC,1,0.01,64,0,1,21,EXACT_MODEL_SELECTION_FROZEN_BEFORE_LOCKED_TEST,0.010460613197191394,0.04621047740336079,Fixed path/rule/checkpoint; measurement affects U and response estimates
305,X_BASE,8,B5_EXACT_SELECTED_DIAGNOSTIC,1,0.01,16,0,1,21,EXACT_MODEL_SELECTION_FROZEN_BEFORE_LOCKED_TEST,0.030668708012114798,0.09106962690226136,Fixed path/rule/checkpoint; measurement affects U and response estimates
305,X_BASE,8,B5_EXACT_SELECTED_DIAGNOSTIC,1,0.01,256,0,1,21,EXACT_MODEL_SELECTION_FROZEN_BEFORE_LOCKED_TEST,0.013936090614366129,0.020579413952079,Fixed path/rule/checkpoint; measurement affects U and response estimates
305,X_BASE,24,B5_EXACT_SELECTED_DIAGNOSTIC,1,0.01,64,0,1,22,EXACT_MODEL_SELECTION_FROZEN_BEFORE_LOCKED_TEST,0.04632176453065148,0.04998237567296657,Fixed path/rule/checkpoint; measurement affects U and response estimates
305,X_BASE,24,B5_EXACT_SELECTED_DIAGNOSTIC,1,0.01,16,0,1,22,EXACT_MODEL_SELECTION_FROZEN_BEFORE_LOCKED_TEST,0.045267509298164116,0.0883149104326682,Fixed path/rule/checkpoint; measurement affects U and response estimates
305,X_BASE,24,B5_EXACT_SELECTED_DIAGNOSTIC,1,0.01,256,0,1,22,EXACT_MODEL_SELECTION_FROZEN_BEFORE_LOCKED_TEST,0.022628165059519766,0.025609297128353237,Fixed path/rule/checkpoint; measurement affects U and response estimates
305,X_BASE,40,B5_EXACT_SELECTED_DIAGNOSTIC,1,0.01,64,0,1,12,EXACT_MODEL_SELECTION_FROZEN_BEFORE_LOCKED_TEST,0.03154518569594952,0.04596495997560384,Fixed path/rule/checkpoint; measurement affects U and response estimates
305,X_BASE,40,B5_EXACT_SELECTED_DIAGNOSTIC,1,0.01,16,0,1,12,EXACT_MODEL_SELECTION_FROZEN_BEFORE_LOCKED_TEST,0.021387350734149112,0.08501996178441275,Fixed path/rule/checkpoint; measurement affects U and response estimates
305,X_BASE,40,B5_EXACT_SELECTED_DIAGNOSTIC,1,0.01,256,0,1,12,EXACT_MODEL_SELECTION_FROZEN_BEFORE_LOCKED_TEST,0.01235921473125491,0.02423071366285486,Fixed path/rule/checkpoint; measurement affects U and response estimates
305,X_VALID,8,B5_EXACT_SELECTED_DIAGNOSTIC,1,0.01,64,0,1,13,EXACT_MODEL_SELECTION_FROZEN_BEFORE_LOCKED_TEST,0.031088398666997294,0.036856428130953536,Fixed path/rule/checkpoint; measurement affects U and response estimates
305,X_VALID,8,B5_EXACT_SELECTED_DIAGNOSTIC,1,0.01,16,0,1,13,EXACT_MODEL_SELECTION_FROZEN_BEFORE_LOCKED_TEST,0.01885271217370785,0.07565320533438338,Fixed path/rule/checkpoint; measurement affects U and response estimates
305,X_VALID,8,B5_EXACT_SELECTED_DIAGNOSTIC,1,0.01,256,0,1,13,EXACT_MODEL_SELECTION_FROZEN_BEFORE_LOCKED_TEST,0.01663366845426061,0.01970094814004693,Fixed path/rule/checkpoint; measurement affects U and response estimates
305,X_VALID,24,B5_EXACT_SELECTED_DIAGNOSTIC,1,0.01,64,0,1,10,EXACT_MODEL_SELECTION_FROZEN_BEFORE_LOCKED_TEST,0.01887493672173995,0.03003811519306229,Fixed path/rule/checkpoint; measurement affects U and response estimates
305,X_VALID,24,B5_EXACT_SELECTED_DIAGNOSTIC,1,0.01,16,0,1,10,EXACT_MODEL_SELECTION_FROZEN_BEFORE_LOCKED_TEST,0.041188862827631775,0.06687903145966698,Fixed path/rule/checkpoint; measurement affects U and response estimates
305,X_VALID,24,B5_EXACT_SELECTED_DIAGNOSTIC,1,0.01,256,0,1,10,EXACT_MODEL_SELECTION_FROZEN_BEFORE_LOCKED_TEST,0.0077779603714643545,0.014693838121773623,Fixed path/rule/checkpoint; measurement affects U and response estimates
305,X_VALID,40,B5_EXACT_SELECTED_DIAGNOSTIC,1,0.01,64,0,1,9,EXACT_MODEL_SELECTION_FROZEN_BEFORE_LOCKED_TEST,0.03764402390124809,0.034333883486985566,Fixed path/rule/checkpoint; measurement affects U and response estimates
305,X_VALID,40,B5_EXACT_SELECTED_DIAGNOSTIC,1,0.01,16,0,1,9,EXACT_MODEL_SELECTION_FROZEN_BEFORE_LOCKED_TEST,0.0421948452009023,0.07071711087702671,Fixed path/rule/checkpoint; measurement affects U and response estimates
305,X_VALID,40,B5_EXACT_SELECTED_DIAGNOSTIC,1,0.01,256,0,1,9,EXACT_MODEL_SELECTION_FROZEN_BEFORE_LOCKED_TEST,0.020043174213147025,0.01630668185162993,Fixed path/rule/checkpoint; measurement affects U and response estimates
306,X_BASE,8,B5_EXACT_SELECTED_DIAGNOSTIC,1,0.01,64,0,1,22,EXACT_MODEL_SELECTION_FROZEN_BEFORE_LOCKED_TEST,0.02977863529407925,0.04443941844120644,Fixed path/rule/checkpoint; measurement affects U and response estimates
306,X_BASE,8,B5_EXACT_SELECTED_DIAGNOSTIC,1,0.01,16,0,1,22,EXACT_MODEL_SELECTION_FROZEN_BEFORE_LOCKED_TEST,0.059533098953049424,0.08377865143963606,Fixed path/rule/checkpoint; measurement affects U and response estimates
306,X_BASE,8,B5_EXACT_SELECTED_DIAGNOSTIC,1,0.01,256,0,1,22,EXACT_MODEL_SELECTION_FROZEN_BEFORE_LOCKED_TEST,0.01150282958052572,0.021702350280617667,Fixed path/rule/checkpoint; measurement affects U and response estimates
306,X_BASE,24,B5_EXACT_SELECTED_DIAGNOSTIC,1,0.01,64,0,1,16,EXACT_MODEL_SELECTION_FROZEN_BEFORE_LOCKED_TEST,0.03699202964897172,0.047637467035584836,Fixed path/rule/checkpoint; measurement affects U and response estimates
306,X_BASE,24,B5_EXACT_SELECTED_DIAGNOSTIC,1,0.01,16,0,1,16,EXACT_MODEL_SELECTION_FROZEN_BEFORE_LOCKED_TEST,0.08858470089646346,0.10040791818085336,Fixed path/rule/checkpoint; measurement affects U and response estimates
306,X_BASE,24,B5_EXACT_SELECTED_DIAGNOSTIC,1,0.01,256,0,1,16,EXACT_MODEL_SELECTION_FROZEN_BEFORE_LOCKED_TEST,0.019080335936459216,0.023086151386152356,Fixed path/rule/checkpoint; measurement affects U and response estimates
306,X_BASE,40,B5_EXACT_SELECTED_DIAGNOSTIC,1,0.01,64,0,1,14,EXACT_MODEL_SELECTION_FROZEN_BEFORE_LOCKED_TEST,0.04513340870640989,0.04768997900237085,Fixed path/rule/checkpoint; measurement affects U and response estimates
306,X_BASE,40,B5_EXACT_SELECTED_DIAGNOSTIC,1,0.01,16,0,1,14,EXACT_MODEL_SELECTION_FROZEN_BEFORE_LOCKED_TEST,0.02698431613447267,0.09069241754992965,Fixed path/rule/checkpoint; measurement affects U and response estimates
306,X_BASE,40,B5_EXACT_SELECTED_DIAGNOSTIC,1,0.01,256,0,1,14,EXACT_MODEL_SELECTION_FROZEN_BEFORE_LOCKED_TEST,0.020437667601740032,0.024201332258463187,Fixed path/rule/checkpoint; measurement affects U and response estimates
306,X_VALID,8,B5_EXACT_SELECTED_DIAGNOSTIC,1,0.01,64,0,1,19,EXACT_MODEL_SELECTION_FROZEN_BEFORE_LOCKED_TEST,0.022056811801804754,0.037179122702893565,Fixed path/rule/checkpoint; measurement affects U and response estimates
306,X_VALID,8,B5_EXACT_SELECTED_DIAGNOSTIC,1,0.01,16,0,1,19,EXACT_MODEL_SELECTION_FROZEN_BEFORE_LOCKED_TEST,0.03381667570198061,0.08765394195690998,Fixed path/rule/checkpoint; measurement affects U and response estimates
306,X_VALID,8,B5_EXACT_SELECTED_DIAGNOSTIC,1,0.01,256,0,1,19,EXACT_MODEL_SELECTION_FROZEN_BEFORE_LOCKED_TEST,0.020849333686759387,0.01982718214542311,Fixed path/rule/checkpoint; measurement affects U and response estimates
306,X_VALID,24,B5_EXACT_SELECTED_DIAGNOSTIC,1,0.01,64,0,1,8,EXACT_MODEL_SELECTION_FROZEN_BEFORE_LOCKED_TEST,0.02516887469546539,0.03215777034729033,Fixed path/rule/checkpoint; measurement affects U and response estimates
306,X_VALID,24,B5_EXACT_SELECTED_DIAGNOSTIC,1,0.01,16,0,1,8,EXACT_MODEL_SELECTION_FROZEN_BEFORE_LOCKED_TEST,0.02982036994184988,0.06525598383303044,Fixed path/rule/checkpoint; measurement affects U and response estimates
306,X_VALID,24,B5_EXACT_SELECTED_DIAGNOSTIC,1,0.01,256,0,1,8,EXACT_MODEL_SELECTION_FROZEN_BEFORE_LOCKED_TEST,0.015457875196782362,0.017695519059563507,Fixed path/rule/checkpoint; measurement affects U and response estimates
306,X_VALID,40,B5_EXACT_SELECTED_DIAGNOSTIC,1,0.01,64,0,1,11,EXACT_MODEL_SELECTION_FROZEN_BEFORE_LOCKED_TEST,0.029227148675038825,0.03188672205110077,Fixed path/rule/checkpoint; measurement affects U and response estimates
306,X_VALID,40,B5_EXACT_SELECTED_DIAGNOSTIC,1,0.01,16,0,1,11,EXACT_MODEL_SELECTION_FROZEN_BEFORE_LOCKED_TEST,0.055797320643257944,0.0653033897876151,Fixed path/rule/checkpoint; measurement affects U and response estimates
306,X_VALID,40,B5_EXACT_SELECTED_DIAGNOSTIC,1,0.01,256,0,1,11,EXACT_MODEL_SELECTION_FROZEN_BEFORE_LOCKED_TEST,0.013876356389846035,0.014157216752149381,Fixed path/rule/checkpoint; measurement affects U and response estimates
307,X_BASE,8,B5_EXACT_SELECTED_DIAGNOSTIC,1,0.01,64,0,1,23,EXACT_MODEL_SELECTION_FROZEN_BEFORE_LOCKED_TEST,0.054707767557193074,0.049688608643315556,Fixed path/rule/checkpoint; measurement affects U and response estimates
307,X_BASE,8,B5_EXACT_SELECTED_DIAGNOSTIC,1,0.01,16,0,1,23,EXACT_MODEL_SELECTION_FROZEN_BEFORE_LOCKED_TEST,0.09655160525589282,0.0831583479827247,Fixed path/rule/checkpoint; measurement affects U and response estimates
307,X_BASE,8,B5_EXACT_SELECTED_DIAGNOSTIC,1,0.01,256,0,1,23,EXACT_MODEL_SELECTION_FROZEN_BEFORE_LOCKED_TEST,0.023237432668174737,0.022748894438812242,Fixed path/rule/checkpoint; measurement affects U and response estimates
307,X_BASE,24,B5_EXACT_SELECTED_DIAGNOSTIC,1,0.01,64,0,1,18,EXACT_MODEL_SELECTION_FROZEN_BEFORE_LOCKED_TEST,0.009635398978305294,0.046044718104547765,Fixed path/rule/checkpoint; measurement affects U and response estimates
307,X_BASE,24,B5_EXACT_SELECTED_DIAGNOSTIC,1,0.01,16,0,1,18,EXACT_MODEL_SELECTION_FROZEN_BEFORE_LOCKED_TEST,0.06757243205886812,0.09574197310522886,Fixed path/rule/checkpoint; measurement affects U and response estimates
307,X_BASE,24,B5_EXACT_SELECTED_DIAGNOSTIC,1,0.01,256,0,1,18,EXACT_MODEL_SELECTION_FROZEN_BEFORE_LOCKED_TEST,0.006802495528866079,0.022124228577940552,Fixed path/rule/checkpoint; measurement affects U and response estimates
307,X_BASE,40,B5_EXACT_SELECTED_DIAGNOSTIC,1,0.01,64,0,1,17,EXACT_MODEL_SELECTION_FROZEN_BEFORE_LOCKED_TEST,0.051252503897529555,0.04879173563575828,Fixed path/rule/checkpoint; measurement affects U and response estimates
307,X_BASE,40,B5_EXACT_SELECTED_DIAGNOSTIC,1,0.01,16,0,1,17,EXACT_MODEL_SELECTION_FROZEN_BEFORE_LOCKED_TEST,0.022118918298481494,0.09429524406926203,Fixed path/rule/checkpoint; measurement affects U and response estimates
307,X_BASE,40,B5_EXACT_SELECTED_DIAGNOSTIC,1,0.01,256,0,1,17,EXACT_MODEL_SELECTION_FROZEN_BEFORE_LOCKED_TEST,0.013652693881600342,0.022941519957483683,Fixed path/rule/checkpoint; measurement affects U and response estimates
307,X_VALID,8,B5_EXACT_SELECTED_DIAGNOSTIC,1,0.01,64,0,1,17,EXACT_MODEL_SELECTION_FROZEN_BEFORE_LOCKED_TEST,0.01529850547304273,0.04149093882697644,Fixed path/rule/checkpoint; measurement affects U and response estimates
307,X_VALID,8,B5_EXACT_SELECTED_DIAGNOSTIC,1,0.01,16,0,1,17,EXACT_MODEL_SELECTION_FROZEN_BEFORE_LOCKED_TEST,0.06014843393199239,0.08805259843315463,Fixed path/rule/checkpoint; measurement affects U and response estimates
307,X_VALID,8,B5_EXACT_SELECTED_DIAGNOSTIC,1,0.01,256,0,1,17,EXACT_MODEL_SELECTION_FROZEN_BEFORE_LOCKED_TEST,0.013000854937840147,0.019196414336074892,Fixed path/rule/checkpoint; measurement affects U and response estimates
307,X_VALID,24,B5_EXACT_SELECTED_DIAGNOSTIC,1,0.01,64,0,1,8,EXACT_MODEL_SELECTION_FROZEN_BEFORE_LOCKED_TEST,0.037299287067592043,0.02941929653480943,Fixed path/rule/checkpoint; measurement affects U and response estimates
307,X_VALID,24,B5_EXACT_SELECTED_DIAGNOSTIC,1,0.01,16,0,1,8,EXACT_MODEL_SELECTION_FROZEN_BEFORE_LOCKED_TEST,0.07721846555362294,0.0598590183237885,Fixed path/rule/checkpoint; measurement affects U and response estimates
307,X_VALID,24,B5_EXACT_SELECTED_DIAGNOSTIC,1,0.01,256,0,1,8,EXACT_MODEL_SELECTION_FROZEN_BEFORE_LOCKED_TEST,0.019128067408308694,0.015041288471459729,Fixed path/rule/checkpoint; measurement affects U and response estimates
307,X_VALID,40,B5_EXACT_SELECTED_DIAGNOSTIC,1,0.01,64,0,1,12,EXACT_MODEL_SELECTION_FROZEN_BEFORE_LOCKED_TEST,0.0370635740793318,0.038476982695830525,Fixed path/rule/checkpoint; measurement affects U and response estimates
307,X_VALID,40,B5_EXACT_SELECTED_DIAGNOSTIC,1,0.01,16,0,1,12,EXACT_MODEL_SELECTION_FROZEN_BEFORE_LOCKED_TEST,0.06881533970110983,0.07104586005115737,Fixed path/rule/checkpoint; measurement affects U and response estimates
307,X_VALID,40,B5_EXACT_SELECTED_DIAGNOSTIC,1,0.01,256,0,1,12,EXACT_MODEL_SELECTION_FROZEN_BEFORE_LOCKED_TEST,0.014024760455543718,0.0161841014519222,Fixed path/rule/checkpoint; measurement affects U and response estimates
308,X_BASE,8,B5_EXACT_SELECTED_DIAGNOSTIC,1,0.01,64,0,1,15,EXACT_MODEL_SELECTION_FROZEN_BEFORE_LOCKED_TEST,0.03628910805718815,0.04485399392563926,Fixed path/rule/checkpoint; measurement affects U and response estimates
308,X_BASE,8,B5_EXACT_SELECTED_DIAGNOSTIC,1,0.01,16,0,1,15,EXACT_MODEL_SELECTION_FROZEN_BEFORE_LOCKED_TEST,0.06154816926843535,0.08119932147891476,Fixed path/rule/checkpoint; measurement affects U and response estimates
308,X_BASE,8,B5_EXACT_SELECTED_DIAGNOSTIC,1,0.01,256,0,1,15,EXACT_MODEL_SELECTION_FROZEN_BEFORE_LOCKED_TEST,0.02004104779195467,0.02028748634757538,Fixed path/rule/checkpoint; measurement affects U and response estimates
308,X_BASE,24,B5_EXACT_SELECTED_DIAGNOSTIC,1,0.01,64,0,1,20,EXACT_MODEL_SELECTION_FROZEN_BEFORE_LOCKED_TEST,0.01252505243347713,0.04472410494422774,Fixed path/rule/checkpoint; measurement affects U and response estimates
308,X_BASE,24,B5_EXACT_SELECTED_DIAGNOSTIC,1,0.01,16,0,1,20,EXACT_MODEL_SELECTION_FROZEN_BEFORE_LOCKED_TEST,0.019990655933982592,0.09050408705720986,Fixed path/rule/checkpoint; measurement affects U and response estimates
308,X_BASE,24,B5_EXACT_SELECTED_DIAGNOSTIC,1,0.01,256,0,1,20,EXACT_MODEL_SELECTION_FROZEN_BEFORE_LOCKED_TEST,0.008770149113892936,0.023545908428596767,Fixed path/rule/checkpoint; measurement affects U and response estimates
308,X_BASE,40,B5_EXACT_SELECTED_DIAGNOSTIC,1,0.01,64,0,1,15,EXACT_MODEL_SELECTION_FROZEN_BEFORE_LOCKED_TEST,0.01477920597227417,0.04838760197143108,Fixed path/rule/checkpoint; measurement affects U and response estimates
308,X_BASE,40,B5_EXACT_SELECTED_DIAGNOSTIC,1,0.01,16,0,1,15,EXACT_MODEL_SELECTION_FROZEN_BEFORE_LOCKED_TEST,0.03200568922574921,0.09839667466905924,Fixed path/rule/checkpoint; measurement affects U and response estimates
308,X_BASE,40,B5_EXACT_SELECTED_DIAGNOSTIC,1,0.01,256,0,1,15,EXACT_MODEL_SELECTION_FROZEN_BEFORE_LOCKED_TEST,0.023881945680375945,0.023361413572334122,Fixed path/rule/checkpoint; measurement affects U and response estimates
308,X_VALID,8,B5_EXACT_SELECTED_DIAGNOSTIC,1,0.01,64,0,1,18,EXACT_MODEL_SELECTION_FROZEN_BEFORE_LOCKED_TEST,0.009119531960079887,0.03632886339297897,Fixed path/rule/checkpoint; measurement affects U and response estimates
308,X_VALID,8,B5_EXACT_SELECTED_DIAGNOSTIC,1,0.01,16,0,1,18,EXACT_MODEL_SELECTION_FROZEN_BEFORE_LOCKED_TEST,0.03253133947389693,0.08384554613332243,Fixed path/rule/checkpoint; measurement affects U and response estimates
308,X_VALID,8,B5_EXACT_SELECTED_DIAGNOSTIC,1,0.01,256,0,1,18,EXACT_MODEL_SELECTION_FROZEN_BEFORE_LOCKED_TEST,0.011783386294045212,0.018361885658638423,Fixed path/rule/checkpoint; measurement affects U and response estimates
308,X_VALID,24,B5_EXACT_SELECTED_DIAGNOSTIC,1,0.01,64,0,1,11,EXACT_MODEL_SELECTION_FROZEN_BEFORE_LOCKED_TEST,0.010281656110933382,0.033379508017323783,Fixed path/rule/checkpoint; measurement affects U and response estimates
308,X_VALID,24,B5_EXACT_SELECTED_DIAGNOSTIC,1,0.01,16,0,1,11,EXACT_MODEL_SELECTION_FROZEN_BEFORE_LOCKED_TEST,0.0632131948327405,0.06495575532622119,Fixed path/rule/checkpoint; measurement affects U and response estimates
308,X_VALID,24,B5_EXACT_SELECTED_DIAGNOSTIC,1,0.01,256,0,1,11,EXACT_MODEL_SELECTION_FROZEN_BEFORE_LOCKED_TEST,0.013149052249145653,0.016758279519884768,Fixed path/rule/checkpoint; measurement affects U and response estimates
308,X_VALID,40,B5_EXACT_SELECTED_DIAGNOSTIC,1,0.01,64,0,1,13,EXACT_MODEL_SELECTION_FROZEN_BEFORE_LOCKED_TEST,0.004007780101930318,0.03673510484670889,Fixed path/rule/checkpoint; measurement affects U and response estimates
308,X_VALID,40,B5_EXACT_SELECTED_DIAGNOSTIC,1,0.01,16,0,1,13,EXACT_MODEL_SELECTION_FROZEN_BEFORE_LOCKED_TEST,0.07819564183285592,0.06783345875542775,Fixed path/rule/checkpoint; measurement affects U and response estimates
308,X_VALID,40,B5_EXACT_SELECTED_DIAGNOSTIC,1,0.01,256,0,1,13,EXACT_MODEL_SELECTION_FROZEN_BEFORE_LOCKED_TEST,0.0018176007716352342,0.018856186164655796,Fixed path/rule/checkpoint; measurement affects U and response estimates
309,X_BASE,8,B5_EXACT_SELECTED_DIAGNOSTIC,1,0.01,64,0,1,20,EXACT_MODEL_SELECTION_FROZEN_BEFORE_LOCKED_TEST,0.006359353108754818,0.046643276723594494,Fixed path/rule/checkpoint; measurement affects U and response estimates
309,X_BASE,8,B5_EXACT_SELECTED_DIAGNOSTIC,1,0.01,16,0,1,20,EXACT_MODEL_SELECTION_FROZEN_BEFORE_LOCKED_TEST,0.01839890923020949,0.09030629055985145,Fixed path/rule/checkpoint; measurement affects U and response estimates
309,X_BASE,8,B5_EXACT_SELECTED_DIAGNOSTIC,1,0.01,256,0,1,20,EXACT_MODEL_SELECTION_FROZEN_BEFORE_LOCKED_TEST,0.006164157224328544,0.021334110844665438,Fixed path/rule/checkpoint; measurement affects U and response estimates
309,X_BASE,24,B5_EXACT_SELECTED_DIAGNOSTIC,1,0.01,64,0,1,18,EXACT_MODEL_SELECTION_FROZEN_BEFORE_LOCKED_TEST,0.03578993682571316,0.05274668686194767,Fixed path/rule/checkpoint; measurement affects U and response estimates
309,X_BASE,24,B5_EXACT_SELECTED_DIAGNOSTIC,1,0.01,16,0,1,18,EXACT_MODEL_SELECTION_FROZEN_BEFORE_LOCKED_TEST,0.08796406292778448,0.09262683689239995,Fixed path/rule/checkpoint; measurement affects U and response estimates
309,X_BASE,24,B5_EXACT_SELECTED_DIAGNOSTIC,1,0.01,256,0,1,18,EXACT_MODEL_SELECTION_FROZEN_BEFORE_LOCKED_TEST,0.010382172865838101,0.02120299916628491,Fixed path/rule/checkpoint; measurement affects U and response estimates
309,X_BASE,40,B5_EXACT_SELECTED_DIAGNOSTIC,1,0.01,64,0,1,13,EXACT_MODEL_SELECTION_FROZEN_BEFORE_LOCKED_TEST,0.012144379543615118,0.04953750918942163,Fixed path/rule/checkpoint; measurement affects U and response estimates
309,X_BASE,40,B5_EXACT_SELECTED_DIAGNOSTIC,1,0.01,16,0,1,13,EXACT_MODEL_SELECTION_FROZEN_BEFORE_LOCKED_TEST,0.029668532141577098,0.09917984234499758,Fixed path/rule/checkpoint; measurement affects U and response estimates
309,X_BASE,40,B5_EXACT_SELECTED_DIAGNOSTIC,1,0.01,256,0,1,13,EXACT_MODEL_SELECTION_FROZEN_BEFORE_LOCKED_TEST,0.02262882652043393,0.023875559897912152,Fixed path/rule/checkpoint; measurement affects U and response estimates
309,X_VALID,8,B5_EXACT_SELECTED_DIAGNOSTIC,1,0.01,64,0,1,19,EXACT_MODEL_SELECTION_FROZEN_BEFORE_LOCKED_TEST,0.03092399866335113,0.03804195785791801,Fixed path/rule/checkpoint; measurement affects U and response estimates
309,X_VALID,8,B5_EXACT_SELECTED_DIAGNOSTIC,1,0.01,16,0,1,19,EXACT_MODEL_SELECTION_FROZEN_BEFORE_LOCKED_TEST,0.07520140353127923,0.09016075589924828,Fixed path/rule/checkpoint; measurement affects U and response estimates
309,X_VALID,8,B5_EXACT_SELECTED_DIAGNOSTIC,1,0.01,256,0,1,19,EXACT_MODEL_SELECTION_FROZEN_BEFORE_LOCKED_TEST,0.013485360104989725,0.018377687184495364,Fixed path/rule/checkpoint; measurement affects U and response estimates
309,X_VALID,24,B5_EXACT_SELECTED_DIAGNOSTIC,1,0.01,64,0,1,12,EXACT_MODEL_SELECTION_FROZEN_BEFORE_LOCKED_TEST,0.018915300333849385,0.03300249978113336,Fixed path/rule/checkpoint; measurement affects U and response estimates
309,X_VALID,24,B5_EXACT_SELECTED_DIAGNOSTIC,1,0.01,16,0,1,12,EXACT_MODEL_SELECTION_FROZEN_BEFORE_LOCKED_TEST,0.014771867677749247,0.06497443329586831,Fixed path/rule/checkpoint; measurement affects U and response estimates
309,X_VALID,24,B5_EXACT_SELECTED_DIAGNOSTIC,1,0.01,256,0,1,12,EXACT_MODEL_SELECTION_FROZEN_BEFORE_LOCKED_TEST,0.020716099523817366,0.019721906545875946,Fixed path/rule/checkpoint; measurement affects U and response estimates
309,X_VALID,40,B5_EXACT_SELECTED_DIAGNOSTIC,1,0.01,64,0,1,10,EXACT_MODEL_SELECTION_FROZEN_BEFORE_LOCKED_TEST,0.05216024259094022,0.03592176199788092,Fixed path/rule/checkpoint; measurement affects U and response estimates
309,X_VALID,40,B5_EXACT_SELECTED_DIAGNOSTIC,1,0.01,16,0,1,10,EXACT_MODEL_SELECTION_FROZEN_BEFORE_LOCKED_TEST,0.05303617728248077,0.06486172423710863,Fixed path/rule/checkpoint; measurement affects U and response estimates
309,X_VALID,40,B5_EXACT_SELECTED_DIAGNOSTIC,1,0.01,256,0,1,10,EXACT_MODEL_SELECTION_FROZEN_BEFORE_LOCKED_TEST,0.028040833312402084,0.01895320567286573,Fixed path/rule/checkpoint; measurement affects U and response estimates
310,X_BASE,8,B5_EXACT_SELECTED_DIAGNOSTIC,1,0.01,64,0,1,20,EXACT_MODEL_SELECTION_FROZEN_BEFORE_LOCKED_TEST,0.014570817943448205,0.04148590610801754,Fixed path/rule/checkpoint; measurement affects U and response estimates
310,X_BASE,8,B5_EXACT_SELECTED_DIAGNOSTIC,1,0.01,16,0,1,20,EXACT_MODEL_SELECTION_FROZEN_BEFORE_LOCKED_TEST,0.01572686354139537,0.08423832090625541,Fixed path/rule/checkpoint; measurement affects U and response estimates
310,X_BASE,8,B5_EXACT_SELECTED_DIAGNOSTIC,1,0.01,256,0,1,20,EXACT_MODEL_SELECTION_FROZEN_BEFORE_LOCKED_TEST,0.006314843319355663,0.021719932453587727,Fixed path/rule/checkpoint; measurement affects U and response estimates
310,X_BASE,24,B5_EXACT_SELECTED_DIAGNOSTIC,1,0.01,64,0,1,21,EXACT_MODEL_SELECTION_FROZEN_BEFORE_LOCKED_TEST,0.02386301850119211,0.04691363873531381,Fixed path/rule/checkpoint; measurement affects U and response estimates
310,X_BASE,24,B5_EXACT_SELECTED_DIAGNOSTIC,1,0.01,16,0,1,21,EXACT_MODEL_SELECTION_FROZEN_BEFORE_LOCKED_TEST,0.062424899642319884,0.10766679075180258,Fixed path/rule/checkpoint; measurement affects U and response estimates
310,X_BASE,24,B5_EXACT_SELECTED_DIAGNOSTIC,1,0.01,256,0,1,21,EXACT_MODEL_SELECTION_FROZEN_BEFORE_LOCKED_TEST,0.022760223283711523,0.02599484318509402,Fixed path/rule/checkpoint; measurement affects U and response estimates
310,X_BASE,40,B5_EXACT_SELECTED_DIAGNOSTIC,1,0.01,64,0,1,11,EXACT_MODEL_SELECTION_FROZEN_BEFORE_LOCKED_TEST,0.0356714077153491,0.04816756979289959,Fixed path/rule/checkpoint; measurement affects U and response estimates
310,X_BASE,40,B5_EXACT_SELECTED_DIAGNOSTIC,1,0.01,16,0,1,11,EXACT_MODEL_SELECTION_FROZEN_BEFORE_LOCKED_TEST,0.07872281059519662,0.10313980165821308,Fixed path/rule/checkpoint; measurement affects U and response estimates
310,X_BASE,40,B5_EXACT_SELECTED_DIAGNOSTIC,1,0.01,256,0,1,11,EXACT_MODEL_SELECTION_FROZEN_BEFORE_LOCKED_TEST,0.023552921095615853,0.021226632297323415,Fixed path/rule/checkpoint; measurement affects U and response estimates
310,X_VALID,8,B5_EXACT_SELECTED_DIAGNOSTIC,1,0.01,64,0,1,20,EXACT_MODEL_SELECTION_FROZEN_BEFORE_LOCKED_TEST,0.03405586938854064,0.037261002632573974,Fixed path/rule/checkpoint; measurement affects U and response estimates
310,X_VALID,8,B5_EXACT_SELECTED_DIAGNOSTIC,1,0.01,16,0,1,20,EXACT_MODEL_SELECTION_FROZEN_BEFORE_LOCKED_TEST,0.08042624844894826,0.07556749054121968,Fixed path/rule/checkpoint; measurement affects U and response estimates
310,X_VALID,8,B5_EXACT_SELECTED_DIAGNOSTIC,1,0.01,256,0,1,20,EXACT_MODEL_SELECTION_FROZEN_BEFORE_LOCKED_TEST,0.014468658424038354,0.017914473540233854,Fixed path/rule/checkpoint; measurement affects U and response estimates
310,X_VALID,24,B5_EXACT_SELECTED_DIAGNOSTIC,1,0.01,64,0,1,9,EXACT_MODEL_SELECTION_FROZEN_BEFORE_LOCKED_TEST,0.045156265808694314,0.031979171576480135,Fixed path/rule/checkpoint; measurement affects U and response estimates
310,X_VALID,24,B5_EXACT_SELECTED_DIAGNOSTIC,1,0.01,16,0,1,9,EXACT_MODEL_SELECTION_FROZEN_BEFORE_LOCKED_TEST,0.02581144386324683,0.05313815121502839,Fixed path/rule/checkpoint; measurement affects U and response estimates
310,X_VALID,24,B5_EXACT_SELECTED_DIAGNOSTIC,1,0.01,256,0,1,9,EXACT_MODEL_SELECTION_FROZEN_BEFORE_LOCKED_TEST,0.018974355045597885,0.01458483808826891,Fixed path/rule/checkpoint; measurement affects U and response estimates
310,X_VALID,40,B5_EXACT_SELECTED_DIAGNOSTIC,1,0.01,64,0,1,8,EXACT_MODEL_SELECTION_FROZEN_BEFORE_LOCKED_TEST,0.004722411264010693,0.03164978845303533,Fixed path/rule/checkpoint; measurement affects U and response estimates
310,X_VALID,40,B5_EXACT_SELECTED_DIAGNOSTIC,1,0.01,16,0,1,8,EXACT_MODEL_SELECTION_FROZEN_BEFORE_LOCKED_TEST,0.029577860643317206,0.06173459598626901,Fixed path/rule/checkpoint; measurement affects U and response estimates
310,X_VALID,40,B5_EXACT_SELECTED_DIAGNOSTIC,1,0.01,256,0,1,8,EXACT_MODEL_SELECTION_FROZEN_BEFORE_LOCKED_TEST,0.018794037089918395,0.015235803598762759,Fixed path/rule/checkpoint; measurement affects U and response estimates
