seed,arm,anchor,n,noise,r,k,full_J_rmse,direction_omission_rmse,fit_sampling_rmse,total_rmse,triangle_bound_mean,total_norm_mean,max_triangle_violation
301,X_BASE,8,exact,0,0,23,0.00011510849518488333,0.003866966861569355,0.0,0.003969150421134566,0.056834010360237525,0.05665972224413732,-8.390442379981045e-05
301,X_BASE,8,16,0,0,23,0.00011510849518488333,0.003866966861569355,0.0,0.003969150421134566,0.056834010360237525,0.05665972224413732,-8.390442379981045e-05
301,X_BASE,8,64,0,0,23,0.00011510849518488333,0.003866966861569355,0.0,0.003969150421134566,0.056834010360237525,0.05665972224413732,-8.390442379981045e-05
301,X_BASE,8,256,0,0,23,0.00011510849518488333,0.003866966861569355,0.0,0.003969150421134566,0.056834010360237525,0.05665972224413732,-8.390442379981045e-05
301,X_BASE,24,exact,0,0,20,0.00020735049267123912,0.010204627370993733,0.0,0.01039153886716536,0.15154337791931097,0.15128127538340874,-0.00015404159008966523
301,X_BASE,24,16,0,0,20,0.00020735049267123912,0.010204627370993733,0.0,0.01039153886716536,0.15154337791931097,0.15128127538340874,-0.00015404159008966523
301,X_BASE,24,64,0,0,20,0.00020735049267123912,0.010204627370993733,0.0,0.01039153886716536,0.15154337791931097,0.15128127538340874,-0.00015404159008966523
301,X_BASE,24,256,0,0,20,0.00020735049267123912,0.010204627370993733,0.0,0.01039153886716536,0.15154337791931097,0.15128127538340874,-0.00015404159008966523
301,X_BASE,40,exact,0,0,11,0.0002871440207509044,0.0057135746848109995,0.0,0.005561844444778411,0.08748560726676784,0.08109088510588215,-0.004760785343051521
301,X_BASE,40,16,0,0,11,0.0002871440207509044,0.0057135746848109995,0.0,0.005561844444778411,0.08748560726676784,0.08109088510588215,-0.004760785343051521
301,X_BASE,40,64,0,0,11,0.0002871440207509044,0.0057135746848109995,0.0,0.005561844444778411,0.08748560726676784,0.08109088510588215,-0.004760785343051521
301,X_BASE,40,256,0,0,11,0.0002871440207509044,0.0057135746848109995,0.0,0.005561844444778411,0.08748560726676784,0.08109088510588215,-0.004760785343051521
301,X_VALID,8,exact,0,0,14,8.907056970059459e-05,0.005868153217072535,0.0,0.005803106922918901,0.08720590872296545,0.08492374378364374,-0.001919898625963784
301,X_VALID,8,16,0,0,14,8.907056970059459e-05,0.005868153217072535,0.0,0.005803106922918901,0.08720590872296545,0.08492374378364374,-0.001919898625963784
301,X_VALID,8,64,0,0,14,8.907056970059459e-05,0.005868153217072535,0.0,0.005803106922918901,0.08720590872296545,0.08492374378364374,-0.001919898625963784
301,X_VALID,8,256,0,0,14,8.907056970059459e-05,0.005868153217072535,0.0,0.005803106922918901,0.08720590872296545,0.08492374378364374,-0.001919898625963784
301,X_VALID,24,exact,0,0,9,5.130199828229941e-05,0.00191021337304951,0.0,0.0018640621358880375,0.028531787175918782,0.027092100704508525,-0.0012746841539627955
301,X_VALID,24,16,0,0,9,5.130199828229941e-05,0.00191021337304951,0.0,0.0018640621358880375,0.028531787175918782,0.027092100704508525,-0.0012746841539627955
301,X_VALID,24,64,0,0,9,5.130199828229941e-05,0.00191021337304951,0.0,0.0018640621358880375,0.028531787175918782,0.027092100704508525,-0.0012746841539627955
301,X_VALID,24,256,0,0,9,5.130199828229941e-05,0.00191021337304951,0.0,0.0018640621358880375,0.028531787175918782,0.027092100704508525,-0.0012746841539627955
301,X_VALID,40,exact,0,0,9,6.1035136964837286e-05,0.0036391352664716043,0.0,0.003640018798138069,0.05425684768422396,0.05338072774720462,-0.0006727317453843404
301,X_VALID,40,16,0,0,9,6.1035136964837286e-05,0.0036391352664716043,0.0,0.003640018798138069,0.05425684768422396,0.05338072774720462,-0.0006727317453843404
301,X_VALID,40,64,0,0,9,6.1035136964837286e-05,0.0036391352664716043,0.0,0.003640018798138069,0.05425684768422396,0.05338072774720462,-0.0006727317453843404
301,X_VALID,40,256,0,0,9,6.1035136964837286e-05,0.0036391352664716043,0.0,0.003640018798138069,0.05425684768422396,0.05338072774720462,-0.0006727317453843404
302,X_BASE,8,exact,0,0,18,4.90902956278168e-05,0.0025842256281262852,0.0,0.0026209532103766615,0.0384115954925457,0.038341685565328194,-1.0479952861804087e-05
302,X_BASE,8,16,0,0,18,4.90902956278168e-05,0.0025842256281262852,0.0,0.0026209532103766615,0.0384115954925457,0.038341685565328194,-1.0479952861804087e-05
302,X_BASE,8,64,0,0,18,4.90902956278168e-05,0.0025842256281262852,0.0,0.0026209532103766615,0.0384115954925457,0.038341685565328194,-1.0479952861804087e-05
302,X_BASE,8,256,0,0,18,4.90902956278168e-05,0.0025842256281262852,0.0,0.0026209532103766615,0.0384115954925457,0.038341685565328194,-1.0479952861804087e-05
302,X_BASE,24,exact,0,0,21,8.571651728368009e-05,0.006943695632991402,0.0,0.006974124130890259,0.10223985700180555,0.10138059135432483,-0.00023138787632788482
302,X_BASE,24,16,0,0,21,8.571651728368009e-05,0.006943695632991402,0.0,0.006974124130890259,0.10223985700180555,0.10138059135432483,-0.00023138787632788482
302,X_BASE,24,64,0,0,21,8.571651728368009e-05,0.006943695632991402,0.0,0.006974124130890259,0.10223985700180555,0.10138059135432483,-0.00023138787632788482
302,X_BASE,24,256,0,0,21,8.571651728368009e-05,0.006943695632991402,0.0,0.006974124130890259,0.10223985700180555,0.10138059135432483,-0.00023138787632788482
302,X_BASE,40,exact,0,0,15,0.00013084135005507068,0.010055073653370664,0.0,0.010014749373580618,0.14748761801597943,0.144900176338541,-0.0018472669942388442
302,X_BASE,40,16,0,0,15,0.00013084135005507068,0.010055073653370664,0.0,0.010014749373580618,0.14748761801597943,0.144900176338541,-0.0018472669942388442
302,X_BASE,40,64,0,0,15,0.00013084135005507068,0.010055073653370664,0.0,0.010014749373580618,0.14748761801597943,0.144900176338541,-0.0018472669942388442
302,X_BASE,40,256,0,0,15,0.00013084135005507068,0.010055073653370664,0.0,0.010014749373580618,0.14748761801597943,0.144900176338541,-0.0018472669942388442
302,X_VALID,8,exact,0,0,18,0.00013252629000378742,0.007467743632440979,0.0,0.007380583703312033,0.11131948395915292,0.1080828218853047,-0.002996408415287505
302,X_VALID,8,16,0,0,18,0.00013252629000378742,0.007467743632440979,0.0,0.007380583703312033,0.11131948395915292,0.1080828218853047,-0.002996408415287505
302,X_VALID,8,64,0,0,18,0.00013252629000378742,0.007467743632440979,0.0,0.007380583703312033,0.11131948395915292,0.1080828218853047,-0.002996408415287505
302,X_VALID,8,256,0,0,18,0.00013252629000378742,0.007467743632440979,0.0,0.007380583703312033,0.11131948395915292,0.1080828218853047,-0.002996408415287505
302,X_VALID,24,exact,0,0,9,3.411237584710348e-05,0.0017180653470638921,0.0,0.0017415213876252331,0.024752543789684278,0.024582411024281006,-9.611836111383248e-05
302,X_VALID,24,16,0,0,9,3.411237584710348e-05,0.0017180653470638921,0.0,0.0017415213876252331,0.024752543789684278,0.024582411024281006,-9.611836111383248e-05
302,X_VALID,24,64,0,0,9,3.411237584710348e-05,0.0017180653470638921,0.0,0.0017415213876252331,0.024752543789684278,0.024582411024281006,-9.611836111383248e-05
302,X_VALID,24,256,0,0,9,3.411237584710348e-05,0.0017180653470638921,0.0,0.0017415213876252331,0.024752543789684278,0.024582411024281006,-9.611836111383248e-05
302,X_VALID,40,exact,0,0,12,3.1771178072398926e-05,0.002529842852991106,0.0,0.002555568462314804,0.037393478926534156,0.037304780259841824,-8.155561202015382e-05
302,X_VALID,40,16,0,0,12,3.1771178072398926e-05,0.002529842852991106,0.0,0.002555568462314804,0.037393478926534156,0.037304780259841824,-8.155561202015382e-05
302,X_VALID,40,64,0,0,12,3.1771178072398926e-05,0.002529842852991106,0.0,0.002555568462314804,0.037393478926534156,0.037304780259841824,-8.155561202015382e-05
302,X_VALID,40,256,0,0,12,3.1771178072398926e-05,0.002529842852991106,0.0,0.002555568462314804,0.037393478926534156,0.037304780259841824,-8.155561202015382e-05
303,X_BASE,8,exact,0,0,18,4.56204944916682e-05,0.002473753519458275,0.0,0.002505457546166664,0.03640998874057196,0.03630402729364884,-1.1153172453114146e-05
303,X_BASE,8,16,0,0,18,4.56204944916682e-05,0.002473753519458275,0.0,0.002505457546166664,0.03640998874057196,0.03630402729364884,-1.1153172453114146e-05
303,X_BASE,8,64,0,0,18,4.56204944916682e-05,0.002473753519458275,0.0,0.002505457546166664,0.03640998874057196,0.03630402729364884,-1.1153172453114146e-05
303,X_BASE,8,256,0,0,18,4.56204944916682e-05,0.002473753519458275,0.0,0.002505457546166664,0.03640998874057196,0.03630402729364884,-1.1153172453114146e-05
303,X_BASE,24,exact,0,0,17,0.00020691548650701662,0.009854535265351466,0.0,0.010043990193103338,0.14723482164366594,0.14698924454685555,-0.00017079538123682125
303,X_BASE,24,16,0,0,17,0.00020691548650701662,0.009854535265351466,0.0,0.010043990193103338,0.14723482164366594,0.14698924454685555,-0.00017079538123682125
303,X_BASE,24,64,0,0,17,0.00020691548650701662,0.009854535265351466,0.0,0.010043990193103338,0.14723482164366594,0.14698924454685555,-0.00017079538123682125
303,X_BASE,24,256,0,0,17,0.00020691548650701662,0.009854535265351466,0.0,0.010043990193103338,0.14723482164366594,0.14698924454685555,-0.00017079538123682125
303,X_BASE,40,exact,0,0,12,0.00012986400970255144,0.011145796342511845,0.0,0.011154978819968093,0.1627875799176282,0.1610888200808868,-0.0012551273065432023
303,X_BASE,40,16,0,0,12,0.00012986400970255144,0.011145796342511845,0.0,0.011154978819968093,0.1627875799176282,0.1610888200808868,-0.0012551273065432023
303,X_BASE,40,64,0,0,12,0.00012986400970255144,0.011145796342511845,0.0,0.011154978819968093,0.1627875799176282,0.1610888200808868,-0.0012551273065432023
303,X_BASE,40,256,0,0,12,0.00012986400970255144,0.011145796342511845,0.0,0.011154978819968093,0.1627875799176282,0.1610888200808868,-0.0012551273065432023
303,X_VALID,8,exact,0,0,17,9.917217373259158e-05,0.005819041348435029,0.0,0.005739065226222703,0.08653255226247918,0.08389560518002882,-0.0024704244492751992
303,X_VALID,8,16,0,0,17,9.917217373259158e-05,0.005819041348435029,0.0,0.005739065226222703,0.08653255226247918,0.08389560518002882,-0.0024704244492751992
303,X_VALID,8,64,0,0,17,9.917217373259158e-05,0.005819041348435029,0.0,0.005739065226222703,0.08653255226247918,0.08389560518002882,-0.0024704244492751992
303,X_VALID,8,256,0,0,17,9.917217373259158e-05,0.005819041348435029,0.0,0.005739065226222703,0.08653255226247918,0.08389560518002882,-0.0024704244492751992
303,X_VALID,24,exact,0,0,16,3.824293598234279e-05,0.0010318656361937946,0.0,0.0010510816067980412,0.015486755795344344,0.01518756880641009,-0.00014086708036138013
303,X_VALID,24,16,0,0,16,3.824293598234279e-05,0.0010318656361937946,0.0,0.0010510816067980412,0.015486755795344344,0.01518756880641009,-0.00014086708036138013
303,X_VALID,24,64,0,0,16,3.824293598234279e-05,0.0010318656361937946,0.0,0.0010510816067980412,0.015486755795344344,0.01518756880641009,-0.00014086708036138013
303,X_VALID,24,256,0,0,16,3.824293598234279e-05,0.0010318656361937946,0.0,0.0010510816067980412,0.015486755795344344,0.01518756880641009,-0.00014086708036138013
303,X_VALID,40,exact,0,0,10,1.0339786468462251e-05,0.002142667286269496,0.0,0.00214446452048336,0.03138188493145315,0.03126037924281267,-7.131253385620623e-05
303,X_VALID,40,16,0,0,10,1.0339786468462251e-05,0.002142667286269496,0.0,0.00214446452048336,0.03138188493145315,0.03126037924281267,-7.131253385620623e-05
303,X_VALID,40,64,0,0,10,1.0339786468462251e-05,0.002142667286269496,0.0,0.00214446452048336,0.03138188493145315,0.03126037924281267,-7.131253385620623e-05
303,X_VALID,40,256,0,0,10,1.0339786468462251e-05,0.002142667286269496,0.0,0.00214446452048336,0.03138188493145315,0.03126037924281267,-7.131253385620623e-05
304,X_BASE,8,exact,0,0,22,6.175297509822791e-05,0.002882675342695199,0.0,0.0029287794090945276,0.04270305817515513,0.04258539596620689,-2.313320702906907e-05
304,X_BASE,8,16,0,0,22,6.175297509822791e-05,0.002882675342695199,0.0,0.0029287794090945276,0.04270305817515513,0.04258539596620689,-2.313320702906907e-05
304,X_BASE,8,64,0,0,22,6.175297509822791e-05,0.002882675342695199,0.0,0.0029287794090945276,0.04270305817515513,0.04258539596620689,-2.313320702906907e-05
304,X_BASE,8,256,0,0,22,6.175297509822791e-05,0.002882675342695199,0.0,0.0029287794090945276,0.04270305817515513,0.04258539596620689,-2.313320702906907e-05
304,X_BASE,24,exact,0,0,15,0.00012844562947933095,0.007218123935464399,0.0,0.00731507121311961,0.10708461835206312,0.10661617772346023,-0.0001606581541266916
304,X_BASE,24,16,0,0,15,0.00012844562947933095,0.007218123935464399,0.0,0.00731507121311961,0.10708461835206312,0.10661617772346023,-0.0001606581541266916
304,X_BASE,24,64,0,0,15,0.00012844562947933095,0.007218123935464399,0.0,0.00731507121311961,0.10708461835206312,0.10661617772346023,-0.0001606581541266916
304,X_BASE,24,256,0,0,15,0.00012844562947933095,0.007218123935464399,0.0,0.00731507121311961,0.10708461835206312,0.10661617772346023,-0.0001606581541266916
304,X_BASE,40,exact,0,0,13,0.00018648912409392662,0.010084741898559837,0.0,0.010001027757234469,0.1398756627135323,0.13567522836222676,-0.0034697653928446454
304,X_BASE,40,16,0,0,13,0.00018648912409392662,0.010084741898559837,0.0,0.010001027757234469,0.1398756627135323,0.13567522836222676,-0.0034697653928446454
304,X_BASE,40,64,0,0,13,0.00018648912409392662,0.010084741898559837,0.0,0.010001027757234469,0.1398756627135323,0.13567522836222676,-0.0034697653928446454
304,X_BASE,40,256,0,0,13,0.00018648912409392662,0.010084741898559837,0.0,0.010001027757234469,0.1398756627135323,0.13567522836222676,-0.0034697653928446454
304,X_VALID,8,exact,0,0,16,0.00012547186189311554,0.007068581119976958,0.0,0.006978739845614137,0.10517158666947263,0.10199084902336912,-0.0030025818710344987
304,X_VALID,8,16,0,0,16,0.00012547186189311554,0.007068581119976958,0.0,0.006978739845614137,0.10517158666947263,0.10199084902336912,-0.0030025818710344987
304,X_VALID,8,64,0,0,16,0.00012547186189311554,0.007068581119976958,0.0,0.006978739845614137,0.10517158666947263,0.10199084902336912,-0.0030025818710344987
304,X_VALID,8,256,0,0,16,0.00012547186189311554,0.007068581119976958,0.0,0.006978739845614137,0.10517158666947263,0.10199084902336912,-0.0030025818710344987
304,X_VALID,24,exact,0,0,10,6.905083722785196e-05,0.002287536142346422,0.0,0.0023491184301739527,0.03415556615379053,0.03404900647196183,-7.908258517818484e-05
304,X_VALID,24,16,0,0,10,6.905083722785196e-05,0.002287536142346422,0.0,0.0023491184301739527,0.03415556615379053,0.03404900647196183,-7.908258517818484e-05
304,X_VALID,24,64,0,0,10,6.905083722785196e-05,0.002287536142346422,0.0,0.0023491184301739527,0.03415556615379053,0.03404900647196183,-7.908258517818484e-05
304,X_VALID,24,256,0,0,10,6.905083722785196e-05,0.002287536142346422,0.0,0.0023491184301739527,0.03415556615379053,0.03404900647196183,-7.908258517818484e-05
304,X_VALID,40,exact,0,0,11,2.5340732698267426e-05,0.002692215972749939,0.0,0.002697813468279845,0.0393314955730062,0.039055836326925886,-0.00014845350384709577
304,X_VALID,40,16,0,0,11,2.5340732698267426e-05,0.002692215972749939,0.0,0.002697813468279845,0.0393314955730062,0.039055836326925886,-0.00014845350384709577
304,X_VALID,40,64,0,0,11,2.5340732698267426e-05,0.002692215972749939,0.0,0.002697813468279845,0.0393314955730062,0.039055836326925886,-0.00014845350384709577
304,X_VALID,40,256,0,0,11,2.5340732698267426e-05,0.002692215972749939,0.0,0.002697813468279845,0.0393314955730062,0.039055836326925886,-0.00014845350384709577
305,X_BASE,8,exact,0,0,21,4.162866173871192e-05,0.002662590540604241,0.0,0.0026683858377347597,0.03806578728346812,0.03772773627476025,-1.3459032077195454e-05
305,X_BASE,8,16,0,0,21,4.162866173871192e-05,0.002662590540604241,0.0,0.0026683858377347597,0.03806578728346812,0.03772773627476025,-1.3459032077195454e-05
305,X_BASE,8,64,0,0,21,4.162866173871192e-05,0.002662590540604241,0.0,0.0026683858377347597,0.03806578728346812,0.03772773627476025,-1.3459032077195454e-05
305,X_BASE,8,256,0,0,21,4.162866173871192e-05,0.002662590540604241,0.0,0.0026683858377347597,0.03806578728346812,0.03772773627476025,-1.3459032077195454e-05
305,X_BASE,24,exact,0,0,22,0.00027050561466907864,0.008907042620506747,0.0,0.009162267859705944,0.13379072891952562,0.13359295137921878,-0.00013586065141346637
305,X_BASE,24,16,0,0,22,0.00027050561466907864,0.008907042620506747,0.0,0.009162267859705944,0.13379072891952562,0.13359295137921878,-0.00013586065141346637
305,X_BASE,24,64,0,0,22,0.00027050561466907864,0.008907042620506747,0.0,0.009162267859705944,0.13379072891952562,0.13359295137921878,-0.00013586065141346637
305,X_BASE,24,256,0,0,22,0.00027050561466907864,0.008907042620506747,0.0,0.009162267859705944,0.13379072891952562,0.13359295137921878,-0.00013586065141346637
305,X_BASE,40,exact,0,0,12,0.0004170344263801855,0.006430650773644118,0.0,0.006283223230314379,0.09711687301644806,0.08991345890767588,-0.004938446481882262
305,X_BASE,40,16,0,0,12,0.0004170344263801855,0.006430650773644118,0.0,0.006283223230314379,0.09711687301644806,0.08991345890767588,-0.004938446481882262
305,X_BASE,40,64,0,0,12,0.0004170344263801855,0.006430650773644118,0.0,0.006283223230314379,0.09711687301644806,0.08991345890767588,-0.004938446481882262
305,X_BASE,40,256,0,0,12,0.0004170344263801855,0.006430650773644118,0.0,0.006283223230314379,0.09711687301644806,0.08991345890767588,-0.004938446481882262
305,X_VALID,8,exact,0,0,13,0.00013336019498691297,0.007836300668449448,0.0,0.007765533944625748,0.11676821090555933,0.11377784765055494,-0.0027792351768641532
305,X_VALID,8,16,0,0,13,0.00013336019498691297,0.007836300668449448,0.0,0.007765533944625748,0.11676821090555933,0.11377784765055494,-0.0027792351768641532
305,X_VALID,8,64,0,0,13,0.00013336019498691297,0.007836300668449448,0.0,0.007765533944625748,0.11676821090555933,0.11377784765055494,-0.0027792351768641532
305,X_VALID,8,256,0,0,13,0.00013336019498691297,0.007836300668449448,0.0,0.007765533944625748,0.11676821090555933,0.11377784765055494,-0.0027792351768641532
305,X_VALID,24,exact,0,0,10,4.389557956842606e-05,0.0009992764412932568,0.0,0.0009697204644910074,0.013939750463649049,0.012845335617596236,-0.0010221389532215188
305,X_VALID,24,16,0,0,10,4.389557956842606e-05,0.0009992764412932568,0.0,0.0009697204644910074,0.013939750463649049,0.012845335617596236,-0.0010221389532215188
305,X_VALID,24,64,0,0,10,4.389557956842606e-05,0.0009992764412932568,0.0,0.0009697204644910074,0.013939750463649049,0.012845335617596236,-0.0010221389532215188
305,X_VALID,24,256,0,0,10,4.389557956842606e-05,0.0009992764412932568,0.0,0.0009697204644910074,0.013939750463649049,0.012845335617596236,-0.0010221389532215188
305,X_VALID,40,exact,0,0,9,1.0905175747924719e-05,0.0008340152635181402,0.0,0.0008291069487874287,0.011873863138008062,0.011678110144602369,-0.00013311133940798262
305,X_VALID,40,16,0,0,9,1.0905175747924719e-05,0.0008340152635181402,0.0,0.0008291069487874287,0.011873863138008062,0.011678110144602369,-0.00013311133940798262
305,X_VALID,40,64,0,0,9,1.0905175747924719e-05,0.0008340152635181402,0.0,0.0008291069487874287,0.011873863138008062,0.011678110144602369,-0.00013311133940798262
305,X_VALID,40,256,0,0,9,1.0905175747924719e-05,0.0008340152635181402,0.0,0.0008291069487874287,0.011873863138008062,0.011678110144602369,-0.00013311133940798262
306,X_BASE,8,exact,0,0,22,7.200421118058352e-05,0.0031021923488090326,0.0,0.0031552766663365123,0.04622682003487295,0.04607991331272754,-1.4844913586803399e-05
306,X_BASE,8,16,0,0,22,7.200421118058352e-05,0.0031021923488090326,0.0,0.0031552766663365123,0.04622682003487295,0.04607991331272754,-1.4844913586803399e-05
306,X_BASE,8,64,0,0,22,7.200421118058352e-05,0.0031021923488090326,0.0,0.0031552766663365123,0.04622682003487295,0.04607991331272754,-1.4844913586803399e-05
306,X_BASE,8,256,0,0,22,7.200421118058352e-05,0.0031021923488090326,0.0,0.0031552766663365123,0.04622682003487295,0.04607991331272754,-1.4844913586803399e-05
306,X_BASE,24,exact,0,0,16,0.0002049312754073205,0.011767409818876088,0.0,0.011939836327639172,0.17456201301606045,0.17411118697863948,-0.00033874674615652633
306,X_BASE,24,16,0,0,16,0.0002049312754073205,0.011767409818876088,0.0,0.011939836327639172,0.17456201301606045,0.17411118697863948,-0.00033874674615652633
306,X_BASE,24,64,0,0,16,0.0002049312754073205,0.011767409818876088,0.0,0.011939836327639172,0.17456201301606045,0.17411118697863948,-0.00033874674615652633
306,X_BASE,24,256,0,0,16,0.0002049312754073205,0.011767409818876088,0.0,0.011939836327639172,0.17456201301606045,0.17411118697863948,-0.00033874674615652633
306,X_BASE,40,exact,0,0,14,0.0001435667312344289,0.008982150452864055,0.0,0.008894606310216581,0.13045190340926524,0.12709827765806456,-0.0026647250533267802
306,X_BASE,40,16,0,0,14,0.0001435667312344289,0.008982150452864055,0.0,0.008894606310216581,0.13045190340926524,0.12709827765806456,-0.0026647250533267802
306,X_BASE,40,64,0,0,14,0.0001435667312344289,0.008982150452864055,0.0,0.008894606310216581,0.13045190340926524,0.12709827765806456,-0.0026647250533267802
306,X_BASE,40,256,0,0,14,0.0001435667312344289,0.008982150452864055,0.0,0.008894606310216581,0.13045190340926524,0.12709827765806456,-0.0026647250533267802
306,X_VALID,8,exact,0,0,19,6.724991775923178e-05,0.004982892430678074,0.0,0.004934434601322173,0.07335155754867125,0.07162406230950558,-0.0015481728467525574
306,X_VALID,8,16,0,0,19,6.724991775923178e-05,0.004982892430678074,0.0,0.004934434601322173,0.07335155754867125,0.07162406230950558,-0.0015481728467525574
306,X_VALID,8,64,0,0,19,6.724991775923178e-05,0.004982892430678074,0.0,0.004934434601322173,0.07335155754867125,0.07162406230950558,-0.0015481728467525574
306,X_VALID,8,256,0,0,19,6.724991775923178e-05,0.004982892430678074,0.0,0.004934434601322173,0.07335155754867125,0.07162406230950558,-0.0015481728467525574
306,X_VALID,24,exact,0,0,8,6.953872307998706e-05,0.0018814753424974977,0.0,0.001820845512753997,0.02757207084181311,0.025622618438886524,-0.0017459409606899734
306,X_VALID,24,16,0,0,8,6.953872307998706e-05,0.0018814753424974977,0.0,0.001820845512753997,0.02757207084181311,0.025622618438886524,-0.0017459409606899734
306,X_VALID,24,64,0,0,8,6.953872307998706e-05,0.0018814753424974977,0.0,0.001820845512753997,0.02757207084181311,0.025622618438886524,-0.0017459409606899734
306,X_VALID,24,256,0,0,8,6.953872307998706e-05,0.0018814753424974977,0.0,0.001820845512753997,0.02757207084181311,0.025622618438886524,-0.0017459409606899734
306,X_VALID,40,exact,0,0,11,1.277309623116797e-05,0.0021339209053580035,0.0,0.0021387579034213783,0.03095308220992588,0.0308436184755479,-8.559495653556737e-05
306,X_VALID,40,16,0,0,11,1.277309623116797e-05,0.0021339209053580035,0.0,0.0021387579034213783,0.03095308220992588,0.0308436184755479,-8.559495653556737e-05
306,X_VALID,40,64,0,0,11,1.277309623116797e-05,0.0021339209053580035,0.0,0.0021387579034213783,0.03095308220992588,0.0308436184755479,-8.559495653556737e-05
306,X_VALID,40,256,0,0,11,1.277309623116797e-05,0.0021339209053580035,0.0,0.0021387579034213783,0.03095308220992588,0.0308436184755479,-8.559495653556737e-05
307,X_BASE,8,exact,0,0,23,6.884989579321794e-05,0.003171352452914359,0.0,0.003222847200337878,0.04711250806328818,0.046950413337676127,-2.997225137420928e-05
307,X_BASE,8,16,0,0,23,6.884989579321794e-05,0.003171352452914359,0.0,0.003222847200337878,0.04711250806328818,0.046950413337676127,-2.997225137420928e-05
307,X_BASE,8,64,0,0,23,6.884989579321794e-05,0.003171352452914359,0.0,0.003222847200337878,0.04711250806328818,0.046950413337676127,-2.997225137420928e-05
307,X_BASE,8,256,0,0,23,6.884989579321794e-05,0.003171352452914359,0.0,0.003222847200337878,0.04711250806328818,0.046950413337676127,-2.997225137420928e-05
307,X_BASE,24,exact,0,0,18,0.00018529480344311373,0.0076482295761855605,0.0,0.007812649953893632,0.11415230097317651,0.11385427865396675,-0.00014065194338216958
307,X_BASE,24,16,0,0,18,0.00018529480344311373,0.0076482295761855605,0.0,0.007812649953893632,0.11415230097317651,0.11385427865396675,-0.00014065194338216958
307,X_BASE,24,64,0,0,18,0.00018529480344311373,0.0076482295761855605,0.0,0.007812649953893632,0.11415230097317651,0.11385427865396675,-0.00014065194338216958
307,X_BASE,24,256,0,0,18,0.00018529480344311373,0.0076482295761855605,0.0,0.007812649953893632,0.11415230097317651,0.11385427865396675,-0.00014065194338216958
307,X_BASE,40,exact,0,0,17,0.0002603341775958219,0.009494938265215611,0.0,0.009346917743969263,0.13898297933183046,0.13279467583781393,-0.0036066996563119402
307,X_BASE,40,16,0,0,17,0.0002603341775958219,0.009494938265215611,0.0,0.009346917743969263,0.13898297933183046,0.13279467583781393,-0.0036066996563119402
307,X_BASE,40,64,0,0,17,0.0002603341775958219,0.009494938265215611,0.0,0.009346917743969263,0.13898297933183046,0.13279467583781393,-0.0036066996563119402
307,X_BASE,40,256,0,0,17,0.0002603341775958219,0.009494938265215611,0.0,0.009346917743969263,0.13898297933183046,0.13279467583781393,-0.0036066996563119402
307,X_VALID,8,exact,0,0,17,8.668822207751989e-05,0.005545187277643927,0.0,0.005482121814416795,0.08176770852666213,0.07952984458888422,-0.0020619560295468825
307,X_VALID,8,16,0,0,17,8.668822207751989e-05,0.005545187277643927,0.0,0.005482121814416795,0.08176770852666213,0.07952984458888422,-0.0020619560295468825
307,X_VALID,8,64,0,0,17,8.668822207751989e-05,0.005545187277643927,0.0,0.005482121814416795,0.08176770852666213,0.07952984458888422,-0.0020619560295468825
307,X_VALID,8,256,0,0,17,8.668822207751989e-05,0.005545187277643927,0.0,0.005482121814416795,0.08176770852666213,0.07952984458888422,-0.0020619560295468825
307,X_VALID,24,exact,0,0,8,6.764601312336943e-05,0.0012879538005866151,0.0,0.001241569282364413,0.018561587443607797,0.01694594623989391,-0.001125150674872651
307,X_VALID,24,16,0,0,8,6.764601312336943e-05,0.0012879538005866151,0.0,0.001241569282364413,0.018561587443607797,0.01694594623989391,-0.001125150674872651
307,X_VALID,24,64,0,0,8,6.764601312336943e-05,0.0012879538005866151,0.0,0.001241569282364413,0.018561587443607797,0.01694594623989391,-0.001125150674872651
307,X_VALID,24,256,0,0,8,6.764601312336943e-05,0.0012879538005866151,0.0,0.001241569282364413,0.018561587443607797,0.01694594623989391,-0.001125150674872651
307,X_VALID,40,exact,0,0,12,8.650239970486561e-05,0.0036662103873689785,0.0,0.0036299935878882786,0.05489851370400186,0.0531234739589884,-0.0015487566993681312
307,X_VALID,40,16,0,0,12,8.650239970486561e-05,0.0036662103873689785,0.0,0.0036299935878882786,0.05489851370400186,0.0531234739589884,-0.0015487566993681312
307,X_VALID,40,64,0,0,12,8.650239970486561e-05,0.0036662103873689785,0.0,0.0036299935878882786,0.05489851370400186,0.0531234739589884,-0.0015487566993681312
307,X_VALID,40,256,0,0,12,8.650239970486561e-05,0.0036662103873689785,0.0,0.0036299935878882786,0.05489851370400186,0.0531234739589884,-0.0015487566993681312
308,X_BASE,8,exact,0,0,15,2.8991825847875546e-05,0.003218149124153791,0.0,0.00322908806451588,0.047082522954594634,0.04688338799908803,-0.000106851497485419
308,X_BASE,8,16,0,0,15,2.8991825847875546e-05,0.003218149124153791,0.0,0.00322908806451588,0.047082522954594634,0.04688338799908803,-0.000106851497485419
308,X_BASE,8,64,0,0,15,2.8991825847875546e-05,0.003218149124153791,0.0,0.00322908806451588,0.047082522954594634,0.04688338799908803,-0.000106851497485419
308,X_BASE,8,256,0,0,15,2.8991825847875546e-05,0.003218149124153791,0.0,0.00322908806451588,0.047082522954594634,0.04688338799908803,-0.000106851497485419
308,X_BASE,24,exact,0,0,20,0.0002144421088450127,0.008612771693468881,0.0,0.008813999966270768,0.1279757337793732,0.12779952152394902,-0.00010271199012304444
308,X_BASE,24,16,0,0,20,0.0002144421088450127,0.008612771693468881,0.0,0.008813999966270768,0.1279757337793732,0.12779952152394902,-0.00010271199012304444
308,X_BASE,24,64,0,0,20,0.0002144421088450127,0.008612771693468881,0.0,0.008813999966270768,0.1279757337793732,0.12779952152394902,-0.00010271199012304444
308,X_BASE,24,256,0,0,20,0.0002144421088450127,0.008612771693468881,0.0,0.008813999966270768,0.1279757337793732,0.12779952152394902,-0.00010271199012304444
308,X_BASE,40,exact,0,0,15,0.00031328505363344416,0.004936464848542264,0.0,0.0048309704337078955,0.07457536736841842,0.06899927721869047,-0.0036766978691321756
308,X_BASE,40,16,0,0,15,0.00031328505363344416,0.004936464848542264,0.0,0.0048309704337078955,0.07457536736841842,0.06899927721869047,-0.0036766978691321756
308,X_BASE,40,64,0,0,15,0.00031328505363344416,0.004936464848542264,0.0,0.0048309704337078955,0.07457536736841842,0.06899927721869047,-0.0036766978691321756
308,X_BASE,40,256,0,0,15,0.00031328505363344416,0.004936464848542264,0.0,0.0048309704337078955,0.07457536736841842,0.06899927721869047,-0.0036766978691321756
308,X_VALID,8,exact,0,0,18,9.49969324264369e-05,0.006462572914801893,0.0,0.00640412659706767,0.0958534972104005,0.09359244611014787,-0.0021083060546332466
308,X_VALID,8,16,0,0,18,9.49969324264369e-05,0.006462572914801893,0.0,0.00640412659706767,0.0958534972104005,0.09359244611014787,-0.0021083060546332466
308,X_VALID,8,64,0,0,18,9.49969324264369e-05,0.006462572914801893,0.0,0.00640412659706767,0.0958534972104005,0.09359244611014787,-0.0021083060546332466
308,X_VALID,8,256,0,0,18,9.49969324264369e-05,0.006462572914801893,0.0,0.00640412659706767,0.0958534972104005,0.09359244611014787,-0.0021083060546332466
308,X_VALID,24,exact,0,0,11,3.8343585636082125e-05,0.001345878844695709,0.0,0.0013102168538360564,0.01988541732166642,0.018797255520639312,-0.0010186002353888071
308,X_VALID,24,16,0,0,11,3.8343585636082125e-05,0.001345878844695709,0.0,0.0013102168538360564,0.01988541732166642,0.018797255520639312,-0.0010186002353888071
308,X_VALID,24,64,0,0,11,3.8343585636082125e-05,0.001345878844695709,0.0,0.0013102168538360564,0.01988541732166642,0.018797255520639312,-0.0010186002353888071
308,X_VALID,24,256,0,0,11,3.8343585636082125e-05,0.001345878844695709,0.0,0.0013102168538360564,0.01988541732166642,0.018797255520639312,-0.0010186002353888071
308,X_VALID,40,exact,0,0,13,1.3881721617620848e-05,0.0017785111785879673,0.0,0.0017886332217797833,0.026166758513582748,0.02611251619543781,-4.503400600061255e-05
308,X_VALID,40,16,0,0,13,1.3881721617620848e-05,0.0017785111785879673,0.0,0.0017886332217797833,0.026166758513582748,0.02611251619543781,-4.503400600061255e-05
308,X_VALID,40,64,0,0,13,1.3881721617620848e-05,0.0017785111785879673,0.0,0.0017886332217797833,0.026166758513582748,0.02611251619543781,-4.503400600061255e-05
308,X_VALID,40,256,0,0,13,1.3881721617620848e-05,0.0017785111785879673,0.0,0.0017886332217797833,0.026166758513582748,0.02611251619543781,-4.503400600061255e-05
309,X_BASE,8,exact,0,0,20,7.083318172880531e-05,0.002634377305610419,0.0,0.0026969179261494697,0.03900830012424343,0.03895819818244837,-7.558595969098247e-06
309,X_BASE,8,16,0,0,20,7.083318172880531e-05,0.002634377305610419,0.0,0.0026969179261494697,0.03900830012424343,0.03895819818244837,-7.558595969098247e-06
309,X_BASE,8,64,0,0,20,7.083318172880531e-05,0.002634377305610419,0.0,0.0026969179261494697,0.03900830012424343,0.03895819818244837,-7.558595969098247e-06
309,X_BASE,8,256,0,0,20,7.083318172880531e-05,0.002634377305610419,0.0,0.0026969179261494697,0.03900830012424343,0.03895819818244837,-7.558595969098247e-06
309,X_BASE,24,exact,0,0,18,0.00024333120690711685,0.011014058406227056,0.0,0.011238909768056915,0.16407257523721275,0.16384223448230603,-0.00020211635224193225
309,X_BASE,24,16,0,0,18,0.00024333120690711685,0.011014058406227056,0.0,0.011238909768056915,0.16407257523721275,0.16384223448230603,-0.00020211635224193225
309,X_BASE,24,64,0,0,18,0.00024333120690711685,0.011014058406227056,0.0,0.011238909768056915,0.16407257523721275,0.16384223448230603,-0.00020211635224193225
309,X_BASE,24,256,0,0,18,0.00024333120690711685,0.011014058406227056,0.0,0.011238909768056915,0.16407257523721275,0.16384223448230603,-0.00020211635224193225
309,X_BASE,40,exact,0,0,13,0.0005924243834946351,0.00863917133814856,0.0,0.00910964727914545,0.12953357408070146,0.12773334480681992,-0.0015014974126047465
309,X_BASE,40,16,0,0,13,0.0005924243834946351,0.00863917133814856,0.0,0.00910964727914545,0.12953357408070146,0.12773334480681992,-0.0015014974126047465
309,X_BASE,40,64,0,0,13,0.0005924243834946351,0.00863917133814856,0.0,0.00910964727914545,0.12953357408070146,0.12773334480681992,-0.0015014974126047465
309,X_BASE,40,256,0,0,13,0.0005924243834946351,0.00863917133814856,0.0,0.00910964727914545,0.12953357408070146,0.12773334480681992,-0.0015014974126047465
309,X_VALID,8,exact,0,0,19,0.00010011622385516456,0.006126369308543492,0.0,0.0060490185910926425,0.09101273333616611,0.08838937419352044,-0.0024088436205930014
309,X_VALID,8,16,0,0,19,0.00010011622385516456,0.006126369308543492,0.0,0.0060490185910926425,0.09101273333616611,0.08838937419352044,-0.0024088436205930014
309,X_VALID,8,64,0,0,19,0.00010011622385516456,0.006126369308543492,0.0,0.0060490185910926425,0.09101273333616611,0.08838937419352044,-0.0024088436205930014
309,X_VALID,8,256,0,0,19,0.00010011622385516456,0.006126369308543492,0.0,0.0060490185910926425,0.09101273333616611,0.08838937419352044,-0.0024088436205930014
309,X_VALID,24,exact,0,0,12,4.621599486745799e-05,0.001951830801475825,0.0,0.0019859135816420533,0.028301146509480152,0.028099278606600456,-0.00011093036103641471
309,X_VALID,24,16,0,0,12,4.621599486745799e-05,0.001951830801475825,0.0,0.0019859135816420533,0.028301146509480152,0.028099278606600456,-0.00011093036103641471
309,X_VALID,24,64,0,0,12,4.621599486745799e-05,0.001951830801475825,0.0,0.0019859135816420533,0.028301146509480152,0.028099278606600456,-0.00011093036103641471
309,X_VALID,24,256,0,0,12,4.621599486745799e-05,0.001951830801475825,0.0,0.0019859135816420533,0.028301146509480152,0.028099278606600456,-0.00011093036103641471
309,X_VALID,40,exact,0,0,10,1.720458141422418e-05,0.0014269407292217691,0.0,0.0014299511107092179,0.0206616586991278,0.02048647500353261,-6.547745931986121e-05
309,X_VALID,40,16,0,0,10,1.720458141422418e-05,0.0014269407292217691,0.0,0.0014299511107092179,0.0206616586991278,0.02048647500353261,-6.547745931986121e-05
309,X_VALID,40,64,0,0,10,1.720458141422418e-05,0.0014269407292217691,0.0,0.0014299511107092179,0.0206616586991278,0.02048647500353261,-6.547745931986121e-05
309,X_VALID,40,256,0,0,10,1.720458141422418e-05,0.0014269407292217691,0.0,0.0014299511107092179,0.0206616586991278,0.02048647500353261,-6.547745931986121e-05
310,X_BASE,8,exact,0,0,20,3.1846564289328026e-05,0.002221701251974494,0.0,0.002240012870613159,0.03254954210194964,0.032433885011910996,-9.096597885019375e-06
310,X_BASE,8,16,0,0,20,3.1846564289328026e-05,0.002221701251974494,0.0,0.002240012870613159,0.03254954210194964,0.032433885011910996,-9.096597885019375e-06
310,X_BASE,8,64,0,0,20,3.1846564289328026e-05,0.002221701251974494,0.0,0.002240012870613159,0.03254954210194964,0.032433885011910996,-9.096597885019375e-06
310,X_BASE,8,256,0,0,20,3.1846564289328026e-05,0.002221701251974494,0.0,0.002240012870613159,0.03254954210194964,0.032433885011910996,-9.096597885019375e-06
310,X_BASE,24,exact,0,0,21,0.00016628427396958286,0.00698823037707109,0.0,0.007144698732048118,0.1036229883835469,0.10350914760458207,-8.172907020348452e-05
310,X_BASE,24,16,0,0,21,0.00016628427396958286,0.00698823037707109,0.0,0.007144698732048118,0.1036229883835469,0.10350914760458207,-8.172907020348452e-05
310,X_BASE,24,64,0,0,21,0.00016628427396958286,0.00698823037707109,0.0,0.007144698732048118,0.1036229883835469,0.10350914760458207,-8.172907020348452e-05
310,X_BASE,24,256,0,0,21,0.00016628427396958286,0.00698823037707109,0.0,0.007144698732048118,0.1036229883835469,0.10350914760458207,-8.172907020348452e-05
310,X_BASE,40,exact,0,0,11,0.00022870407777448744,0.006978820257243845,0.0,0.006884740621644208,0.10313159442247104,0.09846013917877024,-0.001881752013473681
310,X_BASE,40,16,0,0,11,0.00022870407777448744,0.006978820257243845,0.0,0.006884740621644208,0.10313159442247104,0.09846013917877024,-0.001881752013473681
310,X_BASE,40,64,0,0,11,0.00022870407777448744,0.006978820257243845,0.0,0.006884740621644208,0.10313159442247104,0.09846013917877024,-0.001881752013473681
310,X_BASE,40,256,0,0,11,0.00022870407777448744,0.006978820257243845,0.0,0.006884740621644208,0.10313159442247104,0.09846013917877024,-0.001881752013473681
310,X_VALID,8,exact,0,0,20,8.049823999099249e-05,0.005908867740165482,0.0,0.005856323474983551,0.08764168662126959,0.08567747003885838,-0.0018342489274715407
310,X_VALID,8,16,0,0,20,8.049823999099249e-05,0.005908867740165482,0.0,0.005856323474983551,0.08764168662126959,0.08567747003885838,-0.0018342489274715407
310,X_VALID,8,64,0,0,20,8.049823999099249e-05,0.005908867740165482,0.0,0.005856323474983551,0.08764168662126959,0.08567747003885838,-0.0018342489274715407
310,X_VALID,8,256,0,0,20,8.049823999099249e-05,0.005908867740165482,0.0,0.005856323474983551,0.08764168662126959,0.08567747003885838,-0.0018342489274715407
310,X_VALID,24,exact,0,0,9,5.0583980258887964e-05,0.0019742819237979423,0.0,0.001933324313486193,0.026726963740012263,0.025395530446466644,-0.0012301945352758917
310,X_VALID,24,16,0,0,9,5.0583980258887964e-05,0.0019742819237979423,0.0,0.001933324313486193,0.026726963740012263,0.025395530446466644,-0.0012301945352758917
310,X_VALID,24,64,0,0,9,5.0583980258887964e-05,0.0019742819237979423,0.0,0.001933324313486193,0.026726963740012263,0.025395530446466644,-0.0012301945352758917
310,X_VALID,24,256,0,0,9,5.0583980258887964e-05,0.0019742819237979423,0.0,0.001933324313486193,0.026726963740012263,0.025395530446466644,-0.0012301945352758917
310,X_VALID,40,exact,0,0,8,1.723763147062163e-05,0.0019512029885863915,0.0,0.001959083512864644,0.02873429772884069,0.02859968988245759,-9.996883383511443e-05
310,X_VALID,40,16,0,0,8,1.723763147062163e-05,0.0019512029885863915,0.0,0.001959083512864644,0.02873429772884069,0.02859968988245759,-9.996883383511443e-05
310,X_VALID,40,64,0,0,8,1.723763147062163e-05,0.0019512029885863915,0.0,0.001959083512864644,0.02873429772884069,0.02859968988245759,-9.996883383511443e-05
310,X_VALID,40,256,0,0,8,1.723763147062163e-05,0.0019512029885863915,0.0,0.001959083512864644,0.02873429772884069,0.02859968988245759,-9.996883383511443e-05
