seed,arm,anchor,n,noise,r,k,fixed_checkpoint_prediction_noise_rmse,anchor_measurement_rmse,scope
301,X_BASE,8,16,0,0,23,0.0,0.0964158298475606,fixed path and checkpoint; n changes measurement only
301,X_BASE,8,64,0,0,23,0.0,0.04385277535800566,fixed path and checkpoint; n changes measurement only
301,X_BASE,8,256,0,0,23,0.0,0.022135951646679353,fixed path and checkpoint; n changes measurement only
301,X_BASE,24,16,0,0,20,0.0,0.0908992782444537,fixed path and checkpoint; n changes measurement only
301,X_BASE,24,64,0,0,20,0.0,0.048518079918143345,fixed path and checkpoint; n changes measurement only
301,X_BASE,24,256,0,0,20,0.0,0.025328587012252317,fixed path and checkpoint; n changes measurement only
301,X_BASE,40,16,0,0,11,0.0,0.08790674050960698,fixed path and checkpoint; n changes measurement only
301,X_BASE,40,64,0,0,11,0.0,0.049422907388593264,fixed path and checkpoint; n changes measurement only
301,X_BASE,40,256,0,0,11,0.0,0.023460308110864973,fixed path and checkpoint; n changes measurement only
301,X_VALID,8,16,0,0,14,0.0,0.07619121626259008,fixed path and checkpoint; n changes measurement only
301,X_VALID,8,64,0,0,14,0.0,0.03894786838354385,fixed path and checkpoint; n changes measurement only
301,X_VALID,8,256,0,0,14,0.0,0.019924415855348057,fixed path and checkpoint; n changes measurement only
301,X_VALID,24,16,0,0,9,0.0,0.05668325727566901,fixed path and checkpoint; n changes measurement only
301,X_VALID,24,64,0,0,9,0.0,0.028424810546538885,fixed path and checkpoint; n changes measurement only
301,X_VALID,24,256,0,0,9,0.0,0.013959141629088671,fixed path and checkpoint; n changes measurement only
301,X_VALID,40,16,0,0,9,0.0,0.06660394078868746,fixed path and checkpoint; n changes measurement only
301,X_VALID,40,64,0,0,9,0.0,0.033940710675956824,fixed path and checkpoint; n changes measurement only
301,X_VALID,40,256,0,0,9,0.0,0.018507486766919254,fixed path and checkpoint; n changes measurement only
302,X_BASE,8,16,0,0,18,0.0,0.09597076632347105,fixed path and checkpoint; n changes measurement only
302,X_BASE,8,64,0,0,18,0.0,0.044083552245331795,fixed path and checkpoint; n changes measurement only
302,X_BASE,8,256,0,0,18,0.0,0.01992740444215782,fixed path and checkpoint; n changes measurement only
302,X_BASE,24,16,0,0,21,0.0,0.10452430951616627,fixed path and checkpoint; n changes measurement only
302,X_BASE,24,64,0,0,21,0.0,0.0475460320106116,fixed path and checkpoint; n changes measurement only
302,X_BASE,24,256,0,0,21,0.0,0.02539995252394315,fixed path and checkpoint; n changes measurement only
302,X_BASE,40,16,0,0,15,0.0,0.08837427099751113,fixed path and checkpoint; n changes measurement only
302,X_BASE,40,64,0,0,15,0.0,0.047225583853119514,fixed path and checkpoint; n changes measurement only
302,X_BASE,40,256,0,0,15,0.0,0.022357147231101833,fixed path and checkpoint; n changes measurement only
302,X_VALID,8,16,0,0,18,0.0,0.07707058516578369,fixed path and checkpoint; n changes measurement only
302,X_VALID,8,64,0,0,18,0.0,0.041309955157285,fixed path and checkpoint; n changes measurement only
302,X_VALID,8,256,0,0,18,0.0,0.020602471129807978,fixed path and checkpoint; n changes measurement only
302,X_VALID,24,16,0,0,9,0.0,0.065129305534336,fixed path and checkpoint; n changes measurement only
302,X_VALID,24,64,0,0,9,0.0,0.03634907918917569,fixed path and checkpoint; n changes measurement only
302,X_VALID,24,256,0,0,9,0.0,0.018581318251536097,fixed path and checkpoint; n changes measurement only
302,X_VALID,40,16,0,0,12,0.0,0.0772470014354182,fixed path and checkpoint; n changes measurement only
302,X_VALID,40,64,0,0,12,0.0,0.036323708503727445,fixed path and checkpoint; n changes measurement only
302,X_VALID,40,256,0,0,12,0.0,0.01964152017005647,fixed path and checkpoint; n changes measurement only
303,X_BASE,8,16,0,0,18,0.0,0.08514566530219583,fixed path and checkpoint; n changes measurement only
303,X_BASE,8,64,0,0,18,0.0,0.042464744178623864,fixed path and checkpoint; n changes measurement only
303,X_BASE,8,256,0,0,18,0.0,0.023017593351827778,fixed path and checkpoint; n changes measurement only
303,X_BASE,24,16,0,0,17,0.0,0.09600276975942293,fixed path and checkpoint; n changes measurement only
303,X_BASE,24,64,0,0,17,0.0,0.04015604244745746,fixed path and checkpoint; n changes measurement only
303,X_BASE,24,256,0,0,17,0.0,0.02285323332508528,fixed path and checkpoint; n changes measurement only
303,X_BASE,40,16,0,0,12,0.0,0.08810226545878164,fixed path and checkpoint; n changes measurement only
303,X_BASE,40,64,0,0,12,0.0,0.04886684180074694,fixed path and checkpoint; n changes measurement only
303,X_BASE,40,256,0,0,12,0.0,0.022066064015427763,fixed path and checkpoint; n changes measurement only
303,X_VALID,8,16,0,0,17,0.0,0.07944278082254151,fixed path and checkpoint; n changes measurement only
303,X_VALID,8,64,0,0,17,0.0,0.03852982378738347,fixed path and checkpoint; n changes measurement only
303,X_VALID,8,256,0,0,17,0.0,0.017680879170408448,fixed path and checkpoint; n changes measurement only
303,X_VALID,24,16,0,0,16,0.0,0.0777105596133461,fixed path and checkpoint; n changes measurement only
303,X_VALID,24,64,0,0,16,0.0,0.03394050032972934,fixed path and checkpoint; n changes measurement only
303,X_VALID,24,256,0,0,16,0.0,0.014516444131915416,fixed path and checkpoint; n changes measurement only
303,X_VALID,40,16,0,0,10,0.0,0.06211904778141735,fixed path and checkpoint; n changes measurement only
303,X_VALID,40,64,0,0,10,0.0,0.03191182473633001,fixed path and checkpoint; n changes measurement only
303,X_VALID,40,256,0,0,10,0.0,0.01701597673103659,fixed path and checkpoint; n changes measurement only
304,X_BASE,8,16,0,0,22,0.0,0.08964327263908442,fixed path and checkpoint; n changes measurement only
304,X_BASE,8,64,0,0,22,0.0,0.04294214279672243,fixed path and checkpoint; n changes measurement only
304,X_BASE,8,256,0,0,22,0.0,0.023996682273549785,fixed path and checkpoint; n changes measurement only
304,X_BASE,24,16,0,0,15,0.0,0.10046752225074526,fixed path and checkpoint; n changes measurement only
304,X_BASE,24,64,0,0,15,0.0,0.046692290076216926,fixed path and checkpoint; n changes measurement only
304,X_BASE,24,256,0,0,15,0.0,0.02253405003272589,fixed path and checkpoint; n changes measurement only
304,X_BASE,40,16,0,0,13,0.0,0.08505774365129663,fixed path and checkpoint; n changes measurement only
304,X_BASE,40,64,0,0,13,0.0,0.04729227616840211,fixed path and checkpoint; n changes measurement only
304,X_BASE,40,256,0,0,13,0.0,0.023956421039533195,fixed path and checkpoint; n changes measurement only
304,X_VALID,8,16,0,0,16,0.0,0.08112560191171869,fixed path and checkpoint; n changes measurement only
304,X_VALID,8,64,0,0,16,0.0,0.03728926078102574,fixed path and checkpoint; n changes measurement only
304,X_VALID,8,256,0,0,16,0.0,0.019489375107051857,fixed path and checkpoint; n changes measurement only
304,X_VALID,24,16,0,0,10,0.0,0.06776472584376872,fixed path and checkpoint; n changes measurement only
304,X_VALID,24,64,0,0,10,0.0,0.03035590148009711,fixed path and checkpoint; n changes measurement only
304,X_VALID,24,256,0,0,10,0.0,0.015965988033229534,fixed path and checkpoint; n changes measurement only
304,X_VALID,40,16,0,0,11,0.0,0.06424088932274429,fixed path and checkpoint; n changes measurement only
304,X_VALID,40,64,0,0,11,0.0,0.03448111873333282,fixed path and checkpoint; n changes measurement only
304,X_VALID,40,256,0,0,11,0.0,0.015354831865831085,fixed path and checkpoint; n changes measurement only
305,X_BASE,8,16,0,0,21,0.0,0.09106962690226136,fixed path and checkpoint; n changes measurement only
305,X_BASE,8,64,0,0,21,0.0,0.04621047740336079,fixed path and checkpoint; n changes measurement only
305,X_BASE,8,256,0,0,21,0.0,0.020579413952079,fixed path and checkpoint; n changes measurement only
305,X_BASE,24,16,0,0,22,0.0,0.0883149104326682,fixed path and checkpoint; n changes measurement only
305,X_BASE,24,64,0,0,22,0.0,0.04998237567296657,fixed path and checkpoint; n changes measurement only
305,X_BASE,24,256,0,0,22,0.0,0.025609297128353237,fixed path and checkpoint; n changes measurement only
305,X_BASE,40,16,0,0,12,0.0,0.08501996178441275,fixed path and checkpoint; n changes measurement only
305,X_BASE,40,64,0,0,12,0.0,0.04596495997560384,fixed path and checkpoint; n changes measurement only
305,X_BASE,40,256,0,0,12,0.0,0.02423071366285486,fixed path and checkpoint; n changes measurement only
305,X_VALID,8,16,0,0,13,0.0,0.07565320533438338,fixed path and checkpoint; n changes measurement only
305,X_VALID,8,64,0,0,13,0.0,0.036856428130953536,fixed path and checkpoint; n changes measurement only
305,X_VALID,8,256,0,0,13,0.0,0.01970094814004693,fixed path and checkpoint; n changes measurement only
305,X_VALID,24,16,0,0,10,0.0,0.06687903145966698,fixed path and checkpoint; n changes measurement only
305,X_VALID,24,64,0,0,10,0.0,0.03003811519306229,fixed path and checkpoint; n changes measurement only
305,X_VALID,24,256,0,0,10,0.0,0.014693838121773623,fixed path and checkpoint; n changes measurement only
305,X_VALID,40,16,0,0,9,0.0,0.07071711087702671,fixed path and checkpoint; n changes measurement only
305,X_VALID,40,64,0,0,9,0.0,0.034333883486985566,fixed path and checkpoint; n changes measurement only
305,X_VALID,40,256,0,0,9,0.0,0.01630668185162993,fixed path and checkpoint; n changes measurement only
306,X_BASE,8,16,0,0,22,0.0,0.08377865143963606,fixed path and checkpoint; n changes measurement only
306,X_BASE,8,64,0,0,22,0.0,0.04443941844120644,fixed path and checkpoint; n changes measurement only
306,X_BASE,8,256,0,0,22,0.0,0.021702350280617667,fixed path and checkpoint; n changes measurement only
306,X_BASE,24,16,0,0,16,0.0,0.10040791818085336,fixed path and checkpoint; n changes measurement only
306,X_BASE,24,64,0,0,16,0.0,0.047637467035584836,fixed path and checkpoint; n changes measurement only
306,X_BASE,24,256,0,0,16,0.0,0.023086151386152356,fixed path and checkpoint; n changes measurement only
306,X_BASE,40,16,0,0,14,0.0,0.09069241754992965,fixed path and checkpoint; n changes measurement only
306,X_BASE,40,64,0,0,14,0.0,0.04768997900237085,fixed path and checkpoint; n changes measurement only
306,X_BASE,40,256,0,0,14,0.0,0.024201332258463187,fixed path and checkpoint; n changes measurement only
306,X_VALID,8,16,0,0,19,0.0,0.08765394195690998,fixed path and checkpoint; n changes measurement only
306,X_VALID,8,64,0,0,19,0.0,0.037179122702893565,fixed path and checkpoint; n changes measurement only
306,X_VALID,8,256,0,0,19,0.0,0.01982718214542311,fixed path and checkpoint; n changes measurement only
306,X_VALID,24,16,0,0,8,0.0,0.06525598383303044,fixed path and checkpoint; n changes measurement only
306,X_VALID,24,64,0,0,8,0.0,0.03215777034729033,fixed path and checkpoint; n changes measurement only
306,X_VALID,24,256,0,0,8,0.0,0.017695519059563507,fixed path and checkpoint; n changes measurement only
306,X_VALID,40,16,0,0,11,0.0,0.0653033897876151,fixed path and checkpoint; n changes measurement only
306,X_VALID,40,64,0,0,11,0.0,0.03188672205110077,fixed path and checkpoint; n changes measurement only
306,X_VALID,40,256,0,0,11,0.0,0.014157216752149381,fixed path and checkpoint; n changes measurement only
307,X_BASE,8,16,0,0,23,0.0,0.0831583479827247,fixed path and checkpoint; n changes measurement only
307,X_BASE,8,64,0,0,23,0.0,0.049688608643315556,fixed path and checkpoint; n changes measurement only
307,X_BASE,8,256,0,0,23,0.0,0.022748894438812242,fixed path and checkpoint; n changes measurement only
307,X_BASE,24,16,0,0,18,0.0,0.09574197310522886,fixed path and checkpoint; n changes measurement only
307,X_BASE,24,64,0,0,18,0.0,0.046044718104547765,fixed path and checkpoint; n changes measurement only
307,X_BASE,24,256,0,0,18,0.0,0.022124228577940552,fixed path and checkpoint; n changes measurement only
307,X_BASE,40,16,0,0,17,0.0,0.09429524406926203,fixed path and checkpoint; n changes measurement only
307,X_BASE,40,64,0,0,17,0.0,0.04879173563575828,fixed path and checkpoint; n changes measurement only
307,X_BASE,40,256,0,0,17,0.0,0.022941519957483683,fixed path and checkpoint; n changes measurement only
307,X_VALID,8,16,0,0,17,0.0,0.08805259843315463,fixed path and checkpoint; n changes measurement only
307,X_VALID,8,64,0,0,17,0.0,0.04149093882697644,fixed path and checkpoint; n changes measurement only
307,X_VALID,8,256,0,0,17,0.0,0.019196414336074892,fixed path and checkpoint; n changes measurement only
307,X_VALID,24,16,0,0,8,0.0,0.0598590183237885,fixed path and checkpoint; n changes measurement only
307,X_VALID,24,64,0,0,8,0.0,0.02941929653480943,fixed path and checkpoint; n changes measurement only
307,X_VALID,24,256,0,0,8,0.0,0.015041288471459729,fixed path and checkpoint; n changes measurement only
307,X_VALID,40,16,0,0,12,0.0,0.07104586005115737,fixed path and checkpoint; n changes measurement only
307,X_VALID,40,64,0,0,12,0.0,0.038476982695830525,fixed path and checkpoint; n changes measurement only
307,X_VALID,40,256,0,0,12,0.0,0.0161841014519222,fixed path and checkpoint; n changes measurement only
308,X_BASE,8,16,0,0,15,0.0,0.08119932147891476,fixed path and checkpoint; n changes measurement only
308,X_BASE,8,64,0,0,15,0.0,0.04485399392563926,fixed path and checkpoint; n changes measurement only
308,X_BASE,8,256,0,0,15,0.0,0.02028748634757538,fixed path and checkpoint; n changes measurement only
308,X_BASE,24,16,0,0,20,0.0,0.09050408705720986,fixed path and checkpoint; n changes measurement only
308,X_BASE,24,64,0,0,20,0.0,0.04472410494422774,fixed path and checkpoint; n changes measurement only
308,X_BASE,24,256,0,0,20,0.0,0.023545908428596767,fixed path and checkpoint; n changes measurement only
308,X_BASE,40,16,0,0,15,0.0,0.09839667466905924,fixed path and checkpoint; n changes measurement only
308,X_BASE,40,64,0,0,15,0.0,0.04838760197143108,fixed path and checkpoint; n changes measurement only
308,X_BASE,40,256,0,0,15,0.0,0.023361413572334122,fixed path and checkpoint; n changes measurement only
308,X_VALID,8,16,0,0,18,0.0,0.08384554613332243,fixed path and checkpoint; n changes measurement only
308,X_VALID,8,64,0,0,18,0.0,0.03632886339297897,fixed path and checkpoint; n changes measurement only
308,X_VALID,8,256,0,0,18,0.0,0.018361885658638423,fixed path and checkpoint; n changes measurement only
308,X_VALID,24,16,0,0,11,0.0,0.06495575532622119,fixed path and checkpoint; n changes measurement only
308,X_VALID,24,64,0,0,11,0.0,0.033379508017323783,fixed path and checkpoint; n changes measurement only
308,X_VALID,24,256,0,0,11,0.0,0.016758279519884768,fixed path and checkpoint; n changes measurement only
308,X_VALID,40,16,0,0,13,0.0,0.06783345875542775,fixed path and checkpoint; n changes measurement only
308,X_VALID,40,64,0,0,13,0.0,0.03673510484670889,fixed path and checkpoint; n changes measurement only
308,X_VALID,40,256,0,0,13,0.0,0.018856186164655796,fixed path and checkpoint; n changes measurement only
309,X_BASE,8,16,0,0,20,0.0,0.09030629055985145,fixed path and checkpoint; n changes measurement only
309,X_BASE,8,64,0,0,20,0.0,0.046643276723594494,fixed path and checkpoint; n changes measurement only
309,X_BASE,8,256,0,0,20,0.0,0.021334110844665438,fixed path and checkpoint; n changes measurement only
309,X_BASE,24,16,0,0,18,0.0,0.09262683689239995,fixed path and checkpoint; n changes measurement only
309,X_BASE,24,64,0,0,18,0.0,0.05274668686194767,fixed path and checkpoint; n changes measurement only
309,X_BASE,24,256,0,0,18,0.0,0.02120299916628491,fixed path and checkpoint; n changes measurement only
309,X_BASE,40,16,0,0,13,0.0,0.09917984234499758,fixed path and checkpoint; n changes measurement only
309,X_BASE,40,64,0,0,13,0.0,0.04953750918942163,fixed path and checkpoint; n changes measurement only
309,X_BASE,40,256,0,0,13,0.0,0.023875559897912152,fixed path and checkpoint; n changes measurement only
309,X_VALID,8,16,0,0,19,0.0,0.09016075589924828,fixed path and checkpoint; n changes measurement only
309,X_VALID,8,64,0,0,19,0.0,0.03804195785791801,fixed path and checkpoint; n changes measurement only
309,X_VALID,8,256,0,0,19,0.0,0.018377687184495364,fixed path and checkpoint; n changes measurement only
309,X_VALID,24,16,0,0,12,0.0,0.06497443329586831,fixed path and checkpoint; n changes measurement only
309,X_VALID,24,64,0,0,12,0.0,0.03300249978113336,fixed path and checkpoint; n changes measurement only
309,X_VALID,24,256,0,0,12,0.0,0.019721906545875946,fixed path and checkpoint; n changes measurement only
309,X_VALID,40,16,0,0,10,0.0,0.06486172423710863,fixed path and checkpoint; n changes measurement only
309,X_VALID,40,64,0,0,10,0.0,0.03592176199788092,fixed path and checkpoint; n changes measurement only
309,X_VALID,40,256,0,0,10,0.0,0.01895320567286573,fixed path and checkpoint; n changes measurement only
310,X_BASE,8,16,0,0,20,0.0,0.08423832090625541,fixed path and checkpoint; n changes measurement only
310,X_BASE,8,64,0,0,20,0.0,0.04148590610801754,fixed path and checkpoint; n changes measurement only
310,X_BASE,8,256,0,0,20,0.0,0.021719932453587727,fixed path and checkpoint; n changes measurement only
310,X_BASE,24,16,0,0,21,0.0,0.10766679075180258,fixed path and checkpoint; n changes measurement only
310,X_BASE,24,64,0,0,21,0.0,0.04691363873531381,fixed path and checkpoint; n changes measurement only
310,X_BASE,24,256,0,0,21,0.0,0.02599484318509402,fixed path and checkpoint; n changes measurement only
310,X_BASE,40,16,0,0,11,0.0,0.10313980165821308,fixed path and checkpoint; n changes measurement only
310,X_BASE,40,64,0,0,11,0.0,0.04816756979289959,fixed path and checkpoint; n changes measurement only
310,X_BASE,40,256,0,0,11,0.0,0.021226632297323415,fixed path and checkpoint; n changes measurement only
310,X_VALID,8,16,0,0,20,0.0,0.07556749054121968,fixed path and checkpoint; n changes measurement only
310,X_VALID,8,64,0,0,20,0.0,0.037261002632573974,fixed path and checkpoint; n changes measurement only
310,X_VALID,8,256,0,0,20,0.0,0.017914473540233854,fixed path and checkpoint; n changes measurement only
310,X_VALID,24,16,0,0,9,0.0,0.05313815121502839,fixed path and checkpoint; n changes measurement only
310,X_VALID,24,64,0,0,9,0.0,0.031979171576480135,fixed path and checkpoint; n changes measurement only
310,X_VALID,24,256,0,0,9,0.0,0.01458483808826891,fixed path and checkpoint; n changes measurement only
310,X_VALID,40,16,0,0,8,0.0,0.06173459598626901,fixed path and checkpoint; n changes measurement only
310,X_VALID,40,64,0,0,8,0.0,0.03164978845303533,fixed path and checkpoint; n changes measurement only
310,X_VALID,40,256,0,0,8,0.0,0.015235803598762759,fixed path and checkpoint; n changes measurement only
