method,rank_cap,alpha,n,fit_budget,representation,input_mode,panel,noise_replicas,noise_indices,block_count,training_seed_count,paired_block_coverage,frozen_record_ids
B0_PERSISTENCE,0,0.0,exact,8,per_prompt,actual_d,primary,1,[0],60,10,MATCHES_B0_EXACTLY,"[0, 237, 474, 711, 948, 1185, 1422, 1659, 1896, 2133, 2370, 2607, 2844, 3081, 3318, 3555, 3792, 4029, 4266, 4503, 4740, 4977, 5214, 5451, 5688, 5925, 6162, 6399, 6636, 6873, 7110, 7347, 7584, 7821, 8058, 8295, 8532, 8769, 9006, 9243, 9480, 9717, 9954, 10191, 10428, 10665, 10902, 11139, 11376, 11613, 11850, 12087, 12324, 12561, 12798, 13035, 13272, 13509, 13746, 13983]"
B0_PERSISTENCE,0,0.0,exact,8,per_prompt,actual_d,robust,1,[0],60,10,MATCHES_B0_EXACTLY,"[0, 237, 474, 711, 948, 1185, 1422, 1659, 1896, 2133, 2370, 2607, 2844, 3081, 3318, 3555, 3792, 4029, 4266, 4503, 4740, 4977, 5214, 5451, 5688, 5925, 6162, 6399, 6636, 6873, 7110, 7347, 7584, 7821, 8058, 8295, 8532, 8769, 9006, 9243, 9480, 9717, 9954, 10191, 10428, 10665, 10902, 11139, 11376, 11613, 11850, 12087, 12324, 12561, 12798, 13035, 13272, 13509, 13746, 13983]"
B1_LOG_RIDGE,0,0.01,exact,8,per_prompt,actual_d,primary,1,[0],60,10,MATCHES_B0_EXACTLY,"[1, 238, 475, 712, 949, 1186, 1423, 1660, 1897, 2134, 2371, 2608, 2845, 3082, 3319, 3556, 3793, 4030, 4267, 4504, 4741, 4978, 5215, 5452, 5689, 5926, 6163, 6400, 6637, 6874, 7111, 7348, 7585, 7822, 8059, 8296, 8533, 8770, 9007, 9244, 9481, 9718, 9955, 10192, 10429, 10666, 10903, 11140, 11377, 11614, 11851, 12088, 12325, 12562, 12799, 13036, 13273, 13510, 13747, 13984]"
B2_RANDOM_Q,0,0.0,exact,8,per_prompt,actual_d,primary,1,[0],60,10,MATCHES_B0_EXACTLY,"[2, 239, 476, 713, 950, 1187, 1424, 1661, 1898, 2135, 2372, 2609, 2846, 3083, 3320, 3557, 3794, 4031, 4268, 4505, 4742, 4979, 5216, 5453, 5690, 5927, 6164, 6401, 6638, 6875, 7112, 7349, 7586, 7823, 8060, 8297, 8534, 8771, 9008, 9245, 9482, 9719, 9956, 10193, 10430, 10667, 10904, 11141, 11378, 11615, 11852, 12089, 12326, 12563, 12800, 13037, 13274, 13511, 13748, 13985]"
B2_RANDOM_Q,1,0.01,exact,8,per_prompt,actual_d,primary,1,[0],60,10,MATCHES_B0_EXACTLY,"[3, 240, 477, 714, 951, 1188, 1425, 1662, 1899, 2136, 2373, 2610, 2847, 3084, 3321, 3558, 3795, 4032, 4269, 4506, 4743, 4980, 5217, 5454, 5691, 5928, 6165, 6402, 6639, 6876, 7113, 7350, 7587, 7824, 8061, 8298, 8535, 8772, 9009, 9246, 9483, 9720, 9957, 10194, 10431, 10668, 10905, 11142, 11379, 11616, 11853, 12090, 12327, 12564, 12801, 13038, 13275, 13512, 13749, 13986]"
B2_RANDOM_Q,2,0.01,exact,8,per_prompt,actual_d,primary,1,[0],60,10,MATCHES_B0_EXACTLY,"[4, 241, 478, 715, 952, 1189, 1426, 1663, 1900, 2137, 2374, 2611, 2848, 3085, 3322, 3559, 3796, 4033, 4270, 4507, 4744, 4981, 5218, 5455, 5692, 5929, 6166, 6403, 6640, 6877, 7114, 7351, 7588, 7825, 8062, 8299, 8536, 8773, 9010, 9247, 9484, 9721, 9958, 10195, 10432, 10669, 10906, 11143, 11380, 11617, 11854, 12091, 12328, 12565, 12802, 13039, 13276, 13513, 13750, 13987]"
B2_RANDOM_Q,4,0.01,exact,8,per_prompt,actual_d,primary,1,[0],60,10,MATCHES_B0_EXACTLY,"[5, 242, 479, 716, 953, 1190, 1427, 1664, 1901, 2138, 2375, 2612, 2849, 3086, 3323, 3560, 3797, 4034, 4271, 4508, 4745, 4982, 5219, 5456, 5693, 5930, 6167, 6404, 6641, 6878, 7115, 7352, 7589, 7826, 8063, 8300, 8537, 8774, 9011, 9248, 9485, 9722, 9959, 10196, 10433, 10670, 10907, 11144, 11381, 11618, 11855, 12092, 12329, 12566, 12803, 13040, 13277, 13514, 13751, 13988]"
B2_RANDOM_Q,8,0.01,exact,8,per_prompt,actual_d,primary,1,[0],60,10,MATCHES_B0_EXACTLY,"[6, 243, 480, 717, 954, 1191, 1428, 1665, 1902, 2139, 2376, 2613, 2850, 3087, 3324, 3561, 3798, 4035, 4272, 4509, 4746, 4983, 5220, 5457, 5694, 5931, 6168, 6405, 6642, 6879, 7116, 7353, 7590, 7827, 8064, 8301, 8538, 8775, 9012, 9249, 9486, 9723, 9960, 10197, 10434, 10671, 10908, 11145, 11382, 11619, 11856, 12093, 12330, 12567, 12804, 13041, 13278, 13515, 13752, 13989]"
B2_RANDOM_Q,16,0.01,exact,8,per_prompt,actual_d,primary,1,[0],60,10,MATCHES_B0_EXACTLY,"[7, 244, 481, 718, 955, 1192, 1429, 1666, 1903, 2140, 2377, 2614, 2851, 3088, 3325, 3562, 3799, 4036, 4273, 4510, 4747, 4984, 5221, 5458, 5695, 5932, 6169, 6406, 6643, 6880, 7117, 7354, 7591, 7828, 8065, 8302, 8539, 8776, 9013, 9250, 9487, 9724, 9961, 10198, 10435, 10672, 10909, 11146, 11383, 11620, 11857, 12094, 12331, 12568, 12805, 13042, 13279, 13516, 13753, 13990]"
B2_RANDOM_Q,FULL,0.01,exact,8,per_prompt,actual_d,primary,1,[0],60,10,MATCHES_B0_EXACTLY,"[8, 245, 482, 719, 956, 1193, 1430, 1667, 1904, 2141, 2378, 2615, 2852, 3089, 3326, 3563, 3800, 4037, 4274, 4511, 4748, 4985, 5222, 5459, 5696, 5933, 6170, 6407, 6644, 6881, 7118, 7355, 7592, 7829, 8066, 8303, 8540, 8777, 9014, 9251, 9488, 9725, 9962, 10199, 10436, 10673, 10910, 11147, 11384, 11621, 11858, 12095, 12332, 12569, 12806, 13043, 13280, 13517, 13754, 13991]"
B3_UPDATE_PCA,0,0.0,exact,8,per_prompt,actual_d,primary,1,[0],60,10,MATCHES_B0_EXACTLY,"[9, 246, 483, 720, 957, 1194, 1431, 1668, 1905, 2142, 2379, 2616, 2853, 3090, 3327, 3564, 3801, 4038, 4275, 4512, 4749, 4986, 5223, 5460, 5697, 5934, 6171, 6408, 6645, 6882, 7119, 7356, 7593, 7830, 8067, 8304, 8541, 8778, 9015, 9252, 9489, 9726, 9963, 10200, 10437, 10674, 10911, 11148, 11385, 11622, 11859, 12096, 12333, 12570, 12807, 13044, 13281, 13518, 13755, 13992]"
B3_UPDATE_PCA,1,0.01,exact,8,per_prompt,actual_d,primary,1,[0],60,10,MATCHES_B0_EXACTLY,"[10, 247, 484, 721, 958, 1195, 1432, 1669, 1906, 2143, 2380, 2617, 2854, 3091, 3328, 3565, 3802, 4039, 4276, 4513, 4750, 4987, 5224, 5461, 5698, 5935, 6172, 6409, 6646, 6883, 7120, 7357, 7594, 7831, 8068, 8305, 8542, 8779, 9016, 9253, 9490, 9727, 9964, 10201, 10438, 10675, 10912, 11149, 11386, 11623, 11860, 12097, 12334, 12571, 12808, 13045, 13282, 13519, 13756, 13993]"
B3_UPDATE_PCA,2,0.01,exact,8,per_prompt,actual_d,primary,1,[0],60,10,MATCHES_B0_EXACTLY,"[11, 248, 485, 722, 959, 1196, 1433, 1670, 1907, 2144, 2381, 2618, 2855, 3092, 3329, 3566, 3803, 4040, 4277, 4514, 4751, 4988, 5225, 5462, 5699, 5936, 6173, 6410, 6647, 6884, 7121, 7358, 7595, 7832, 8069, 8306, 8543, 8780, 9017, 9254, 9491, 9728, 9965, 10202, 10439, 10676, 10913, 11150, 11387, 11624, 11861, 12098, 12335, 12572, 12809, 13046, 13283, 13520, 13757, 13994]"
B3_UPDATE_PCA,4,1e-05,exact,8,per_prompt,actual_d,primary,1,[0],60,10,MATCHES_B0_EXACTLY,"[12, 249, 486, 723, 960, 1197, 1434, 1671, 1908, 2145, 2382, 2619, 2856, 3093, 3330, 3567, 3804, 4041, 4278, 4515, 4752, 4989, 5226, 5463, 5700, 5937, 6174, 6411, 6648, 6885, 7122, 7359, 7596, 7833, 8070, 8307, 8544, 8781, 9018, 9255, 9492, 9729, 9966, 10203, 10440, 10677, 10914, 11151, 11388, 11625, 11862, 12099, 12336, 12573, 12810, 13047, 13284, 13521, 13758, 13995]"
B3_UPDATE_PCA,8,0.01,exact,8,per_prompt,actual_d,primary,1,[0],60,10,MATCHES_B0_EXACTLY,"[13, 250, 487, 724, 961, 1198, 1435, 1672, 1909, 2146, 2383, 2620, 2857, 3094, 3331, 3568, 3805, 4042, 4279, 4516, 4753, 4990, 5227, 5464, 5701, 5938, 6175, 6412, 6649, 6886, 7123, 7360, 7597, 7834, 8071, 8308, 8545, 8782, 9019, 9256, 9493, 9730, 9967, 10204, 10441, 10678, 10915, 11152, 11389, 11626, 11863, 12100, 12337, 12574, 12811, 13048, 13285, 13522, 13759, 13996]"
B3_UPDATE_PCA,16,0.01,exact,8,per_prompt,actual_d,primary,1,[0],60,10,MATCHES_B0_EXACTLY,"[14, 251, 488, 725, 962, 1199, 1436, 1673, 1910, 2147, 2384, 2621, 2858, 3095, 3332, 3569, 3806, 4043, 4280, 4517, 4754, 4991, 5228, 5465, 5702, 5939, 6176, 6413, 6650, 6887, 7124, 7361, 7598, 7835, 8072, 8309, 8546, 8783, 9020, 9257, 9494, 9731, 9968, 10205, 10442, 10679, 10916, 11153, 11390, 11627, 11864, 12101, 12338, 12575, 12812, 13049, 13286, 13523, 13760, 13997]"
B3_UPDATE_PCA,FULL,0.01,exact,8,per_prompt,actual_d,primary,1,[0],60,10,MATCHES_B0_EXACTLY,"[15, 252, 489, 726, 963, 1200, 1437, 1674, 1911, 2148, 2385, 2622, 2859, 3096, 3333, 3570, 3807, 4044, 4281, 4518, 4755, 4992, 5229, 5466, 5703, 5940, 6177, 6414, 6651, 6888, 7125, 7362, 7599, 7836, 8073, 8310, 8547, 8784, 9021, 9258, 9495, 9732, 9969, 10206, 10443, 10680, 10917, 11154, 11391, 11628, 11865, 12102, 12339, 12576, 12813, 13050, 13287, 13524, 13761, 13998]"
B4_RESPONSE_SVD,0,0.0,exact,8,per_prompt,actual_d,primary,1,[0],60,10,MATCHES_B0_EXACTLY,"[16, 253, 490, 727, 964, 1201, 1438, 1675, 1912, 2149, 2386, 2623, 2860, 3097, 3334, 3571, 3808, 4045, 4282, 4519, 4756, 4993, 5230, 5467, 5704, 5941, 6178, 6415, 6652, 6889, 7126, 7363, 7600, 7837, 8074, 8311, 8548, 8785, 9022, 9259, 9496, 9733, 9970, 10207, 10444, 10681, 10918, 11155, 11392, 11629, 11866, 12103, 12340, 12577, 12814, 13051, 13288, 13525, 13762, 13999]"
B4_RESPONSE_SVD,1,0.01,exact,8,per_prompt,actual_d,primary,1,[0],60,10,MATCHES_B0_EXACTLY,"[17, 254, 491, 728, 965, 1202, 1439, 1676, 1913, 2150, 2387, 2624, 2861, 3098, 3335, 3572, 3809, 4046, 4283, 4520, 4757, 4994, 5231, 5468, 5705, 5942, 6179, 6416, 6653, 6890, 7127, 7364, 7601, 7838, 8075, 8312, 8549, 8786, 9023, 9260, 9497, 9734, 9971, 10208, 10445, 10682, 10919, 11156, 11393, 11630, 11867, 12104, 12341, 12578, 12815, 13052, 13289, 13526, 13763, 14000]"
B4_RESPONSE_SVD,2,0.01,exact,8,per_prompt,actual_d,primary,1,[0],60,10,MATCHES_B0_EXACTLY,"[18, 255, 492, 729, 966, 1203, 1440, 1677, 1914, 2151, 2388, 2625, 2862, 3099, 3336, 3573, 3810, 4047, 4284, 4521, 4758, 4995, 5232, 5469, 5706, 5943, 6180, 6417, 6654, 6891, 7128, 7365, 7602, 7839, 8076, 8313, 8550, 8787, 9024, 9261, 9498, 9735, 9972, 10209, 10446, 10683, 10920, 11157, 11394, 11631, 11868, 12105, 12342, 12579, 12816, 13053, 13290, 13527, 13764, 14001]"
B4_RESPONSE_SVD,4,0.01,exact,8,per_prompt,actual_d,primary,1,[0],60,10,MATCHES_B0_EXACTLY,"[19, 256, 493, 730, 967, 1204, 1441, 1678, 1915, 2152, 2389, 2626, 2863, 3100, 3337, 3574, 3811, 4048, 4285, 4522, 4759, 4996, 5233, 5470, 5707, 5944, 6181, 6418, 6655, 6892, 7129, 7366, 7603, 7840, 8077, 8314, 8551, 8788, 9025, 9262, 9499, 9736, 9973, 10210, 10447, 10684, 10921, 11158, 11395, 11632, 11869, 12106, 12343, 12580, 12817, 13054, 13291, 13528, 13765, 14002]"
B4_RESPONSE_SVD,8,0.01,exact,8,per_prompt,actual_d,primary,1,[0],60,10,MATCHES_B0_EXACTLY,"[20, 257, 494, 731, 968, 1205, 1442, 1679, 1916, 2153, 2390, 2627, 2864, 3101, 3338, 3575, 3812, 4049, 4286, 4523, 4760, 4997, 5234, 5471, 5708, 5945, 6182, 6419, 6656, 6893, 7130, 7367, 7604, 7841, 8078, 8315, 8552, 8789, 9026, 9263, 9500, 9737, 9974, 10211, 10448, 10685, 10922, 11159, 11396, 11633, 11870, 12107, 12344, 12581, 12818, 13055, 13292, 13529, 13766, 14003]"
B4_RESPONSE_SVD,16,0.01,exact,8,per_prompt,actual_d,primary,1,[0],60,10,MATCHES_B0_EXACTLY,"[21, 258, 495, 732, 969, 1206, 1443, 1680, 1917, 2154, 2391, 2628, 2865, 3102, 3339, 3576, 3813, 4050, 4287, 4524, 4761, 4998, 5235, 5472, 5709, 5946, 6183, 6420, 6657, 6894, 7131, 7368, 7605, 7842, 8079, 8316, 8553, 8790, 9027, 9264, 9501, 9738, 9975, 10212, 10449, 10686, 10923, 11160, 11397, 11634, 11871, 12108, 12345, 12582, 12819, 13056, 13293, 13530, 13767, 14004]"
B4_RESPONSE_SVD,FULL,0.01,exact,8,per_prompt,actual_d,primary,1,[0],60,10,MATCHES_B0_EXACTLY,"[22, 259, 496, 733, 970, 1207, 1444, 1681, 1918, 2155, 2392, 2629, 2866, 3103, 3340, 3577, 3814, 4051, 4288, 4525, 4762, 4999, 5236, 5473, 5710, 5947, 6184, 6421, 6658, 6895, 7132, 7369, 7606, 7843, 8080, 8317, 8554, 8791, 9028, 9265, 9502, 9739, 9976, 10213, 10450, 10687, 10924, 11161, 11398, 11635, 11872, 12109, 12346, 12583, 12820, 13057, 13294, 13531, 13768, 14005]"
B5_WORST_GROUP_RANK,0,0.0,exact,8,per_prompt,actual_d,primary,1,[0],60,10,MATCHES_B0_EXACTLY,"[23, 260, 497, 734, 971, 1208, 1445, 1682, 1919, 2156, 2393, 2630, 2867, 3104, 3341, 3578, 3815, 4052, 4289, 4526, 4763, 5000, 5237, 5474, 5711, 5948, 6185, 6422, 6659, 6896, 7133, 7370, 7607, 7844, 8081, 8318, 8555, 8792, 9029, 9266, 9503, 9740, 9977, 10214, 10451, 10688, 10925, 11162, 11399, 11636, 11873, 12110, 12347, 12584, 12821, 13058, 13295, 13532, 13769, 14006]"
B5_WORST_GROUP_RANK,0,0.0,exact,8,per_prompt,actual_d,robust,1,[0],60,10,MATCHES_B0_EXACTLY,"[23, 260, 497, 734, 971, 1208, 1445, 1682, 1919, 2156, 2393, 2630, 2867, 3104, 3341, 3578, 3815, 4052, 4289, 4526, 4763, 5000, 5237, 5474, 5711, 5948, 6185, 6422, 6659, 6896, 7133, 7370, 7607, 7844, 8081, 8318, 8555, 8792, 9029, 9266, 9503, 9740, 9977, 10214, 10451, 10688, 10925, 11162, 11399, 11636, 11873, 12110, 12347, 12584, 12821, 13058, 13295, 13532, 13769, 14006]"
B5_WORST_GROUP_RANK,1,0.01,exact,8,per_prompt,actual_d,primary,1,[0],60,10,MATCHES_B0_EXACTLY,"[24, 261, 498, 735, 972, 1209, 1446, 1683, 1920, 2157, 2394, 2631, 2868, 3105, 3342, 3579, 3816, 4053, 4290, 4527, 4764, 5001, 5238, 5475, 5712, 5949, 6186, 6423, 6660, 6897, 7134, 7371, 7608, 7845, 8082, 8319, 8556, 8793, 9030, 9267, 9504, 9741, 9978, 10215, 10452, 10689, 10926, 11163, 11400, 11637, 11874, 12111, 12348, 12585, 12822, 13059, 13296, 13533, 13770, 14007]"
B5_WORST_GROUP_RANK,2,0.01,exact,8,per_prompt,actual_d,primary,1,[0],60,10,MATCHES_B0_EXACTLY,"[25, 262, 499, 736, 973, 1210, 1447, 1684, 1921, 2158, 2395, 2632, 2869, 3106, 3343, 3580, 3817, 4054, 4291, 4528, 4765, 5002, 5239, 5476, 5713, 5950, 6187, 6424, 6661, 6898, 7135, 7372, 7609, 7846, 8083, 8320, 8557, 8794, 9031, 9268, 9505, 9742, 9979, 10216, 10453, 10690, 10927, 11164, 11401, 11638, 11875, 12112, 12349, 12586, 12823, 13060, 13297, 13534, 13771, 14008]"
B5_WORST_GROUP_RANK,4,0.01,exact,8,per_prompt,actual_d,primary,1,[0],60,10,MATCHES_B0_EXACTLY,"[26, 263, 500, 737, 974, 1211, 1448, 1685, 1922, 2159, 2396, 2633, 2870, 3107, 3344, 3581, 3818, 4055, 4292, 4529, 4766, 5003, 5240, 5477, 5714, 5951, 6188, 6425, 6662, 6899, 7136, 7373, 7610, 7847, 8084, 8321, 8558, 8795, 9032, 9269, 9506, 9743, 9980, 10217, 10454, 10691, 10928, 11165, 11402, 11639, 11876, 12113, 12350, 12587, 12824, 13061, 13298, 13535, 13772, 14009]"
B5_WORST_GROUP_RANK,8,0.01,exact,8,per_prompt,actual_d,primary,1,[0],60,10,MATCHES_B0_EXACTLY,"[27, 264, 501, 738, 975, 1212, 1449, 1686, 1923, 2160, 2397, 2634, 2871, 3108, 3345, 3582, 3819, 4056, 4293, 4530, 4767, 5004, 5241, 5478, 5715, 5952, 6189, 6426, 6663, 6900, 7137, 7374, 7611, 7848, 8085, 8322, 8559, 8796, 9033, 9270, 9507, 9744, 9981, 10218, 10455, 10692, 10929, 11166, 11403, 11640, 11877, 12114, 12351, 12588, 12825, 13062, 13299, 13536, 13773, 14010]"
B5_WORST_GROUP_RANK,16,0.01,exact,8,per_prompt,actual_d,primary,1,[0],60,10,MATCHES_B0_EXACTLY,"[28, 265, 502, 739, 976, 1213, 1450, 1687, 1924, 2161, 2398, 2635, 2872, 3109, 3346, 3583, 3820, 4057, 4294, 4531, 4768, 5005, 5242, 5479, 5716, 5953, 6190, 6427, 6664, 6901, 7138, 7375, 7612, 7849, 8086, 8323, 8560, 8797, 9034, 9271, 9508, 9745, 9982, 10219, 10456, 10693, 10930, 11167, 11404, 11641, 11878, 12115, 12352, 12589, 12826, 13063, 13300, 13537, 13774, 14011]"
B5_WORST_GROUP_RANK,FULL,0.01,exact,8,per_prompt,actual_d,primary,1,[0],60,10,MATCHES_B0_EXACTLY,"[29, 266, 503, 740, 977, 1214, 1451, 1688, 1925, 2162, 2399, 2636, 2873, 3110, 3347, 3584, 3821, 4058, 4295, 4532, 4769, 5006, 5243, 5480, 5717, 5954, 6191, 6428, 6665, 6902, 7139, 7376, 7613, 7850, 8087, 8324, 8561, 8798, 9035, 9272, 9509, 9746, 9983, 10220, 10457, 10694, 10931, 11168, 11405, 11642, 11879, 12116, 12353, 12590, 12827, 13064, 13301, 13538, 13775, 14012]"
B6_FULL_Q_RIDGE,FULL,0.01,exact,8,per_prompt,actual_d,primary,1,[0],60,10,MATCHES_B0_EXACTLY,"[30, 267, 504, 741, 978, 1215, 1452, 1689, 1926, 2163, 2400, 2637, 2874, 3111, 3348, 3585, 3822, 4059, 4296, 4533, 4770, 5007, 5244, 5481, 5718, 5955, 6192, 6429, 6666, 6903, 7140, 7377, 7614, 7851, 8088, 8325, 8562, 8799, 9036, 9273, 9510, 9747, 9984, 10221, 10458, 10695, 10932, 11169, 11406, 11643, 11880, 12117, 12354, 12591, 12828, 13065, 13302, 13539, 13776, 14013]"
B6_FULL_Q_RIDGE,FULL,0.01,exact,8,per_prompt,actual_d,robust,1,[0],60,10,MATCHES_B0_EXACTLY,"[30, 267, 504, 741, 978, 1215, 1452, 1689, 1926, 2163, 2400, 2637, 2874, 3111, 3348, 3585, 3822, 4059, 4296, 4533, 4770, 5007, 5244, 5481, 5718, 5955, 6192, 6429, 6666, 6903, 7140, 7377, 7614, 7851, 8088, 8325, 8562, 8799, 9036, 9273, 9510, 9747, 9984, 10221, 10458, 10695, 10932, 11169, 11406, 11643, 11880, 12117, 12354, 12591, 12828, 13065, 13302, 13539, 13776, 14013]"
O0_FULL_J_ORACLE,FULL,0.0,exact,8,per_prompt,actual_d,primary,1,[0],60,10,MATCHES_B0_EXACTLY,"[31, 268, 505, 742, 979, 1216, 1453, 1690, 1927, 2164, 2401, 2638, 2875, 3112, 3349, 3586, 3823, 4060, 4297, 4534, 4771, 5008, 5245, 5482, 5719, 5956, 6193, 6430, 6667, 6904, 7141, 7378, 7615, 7852, 8089, 8326, 8563, 8800, 9037, 9274, 9511, 9748, 9985, 10222, 10459, 10696, 10933, 11170, 11407, 11644, 11881, 12118, 12355, 12592, 12829, 13066, 13303, 13540, 13777, 14014]"
O1_JQ_SVD_ORACLE,0,0.0,exact,8,per_prompt,actual_d,primary,1,[0],60,10,MATCHES_B0_EXACTLY,"[32, 269, 506, 743, 980, 1217, 1454, 1691, 1928, 2165, 2402, 2639, 2876, 3113, 3350, 3587, 3824, 4061, 4298, 4535, 4772, 5009, 5246, 5483, 5720, 5957, 6194, 6431, 6668, 6905, 7142, 7379, 7616, 7853, 8090, 8327, 8564, 8801, 9038, 9275, 9512, 9749, 9986, 10223, 10460, 10697, 10934, 11171, 11408, 11645, 11882, 12119, 12356, 12593, 12830, 13067, 13304, 13541, 13778, 14015]"
O1_JQ_SVD_ORACLE,1,0.0,exact,8,per_prompt,actual_d,primary,1,[0],60,10,MATCHES_B0_EXACTLY,"[33, 270, 507, 744, 981, 1218, 1455, 1692, 1929, 2166, 2403, 2640, 2877, 3114, 3351, 3588, 3825, 4062, 4299, 4536, 4773, 5010, 5247, 5484, 5721, 5958, 6195, 6432, 6669, 6906, 7143, 7380, 7617, 7854, 8091, 8328, 8565, 8802, 9039, 9276, 9513, 9750, 9987, 10224, 10461, 10698, 10935, 11172, 11409, 11646, 11883, 12120, 12357, 12594, 12831, 13068, 13305, 13542, 13779, 14016]"
O1_JQ_SVD_ORACLE,2,0.0,exact,8,per_prompt,actual_d,primary,1,[0],60,10,MATCHES_B0_EXACTLY,"[34, 271, 508, 745, 982, 1219, 1456, 1693, 1930, 2167, 2404, 2641, 2878, 3115, 3352, 3589, 3826, 4063, 4300, 4537, 4774, 5011, 5248, 5485, 5722, 5959, 6196, 6433, 6670, 6907, 7144, 7381, 7618, 7855, 8092, 8329, 8566, 8803, 9040, 9277, 9514, 9751, 9988, 10225, 10462, 10699, 10936, 11173, 11410, 11647, 11884, 12121, 12358, 12595, 12832, 13069, 13306, 13543, 13780, 14017]"
O1_JQ_SVD_ORACLE,4,0.0,exact,8,per_prompt,actual_d,primary,1,[0],60,10,MATCHES_B0_EXACTLY,"[35, 272, 509, 746, 983, 1220, 1457, 1694, 1931, 2168, 2405, 2642, 2879, 3116, 3353, 3590, 3827, 4064, 4301, 4538, 4775, 5012, 5249, 5486, 5723, 5960, 6197, 6434, 6671, 6908, 7145, 7382, 7619, 7856, 8093, 8330, 8567, 8804, 9041, 9278, 9515, 9752, 9989, 10226, 10463, 10700, 10937, 11174, 11411, 11648, 11885, 12122, 12359, 12596, 12833, 13070, 13307, 13544, 13781, 14018]"
O1_JQ_SVD_ORACLE,8,0.0,exact,8,per_prompt,actual_d,primary,1,[0],60,10,MATCHES_B0_EXACTLY,"[36, 273, 510, 747, 984, 1221, 1458, 1695, 1932, 2169, 2406, 2643, 2880, 3117, 3354, 3591, 3828, 4065, 4302, 4539, 4776, 5013, 5250, 5487, 5724, 5961, 6198, 6435, 6672, 6909, 7146, 7383, 7620, 7857, 8094, 8331, 8568, 8805, 9042, 9279, 9516, 9753, 9990, 10227, 10464, 10701, 10938, 11175, 11412, 11649, 11886, 12123, 12360, 12597, 12834, 13071, 13308, 13545, 13782, 14019]"
O1_JQ_SVD_ORACLE,16,0.0,exact,8,per_prompt,actual_d,primary,1,[0],60,10,MATCHES_B0_EXACTLY,"[37, 274, 511, 748, 985, 1222, 1459, 1696, 1933, 2170, 2407, 2644, 2881, 3118, 3355, 3592, 3829, 4066, 4303, 4540, 4777, 5014, 5251, 5488, 5725, 5962, 6199, 6436, 6673, 6910, 7147, 7384, 7621, 7858, 8095, 8332, 8569, 8806, 9043, 9280, 9517, 9754, 9991, 10228, 10465, 10702, 10939, 11176, 11413, 11650, 11887, 12124, 12361, 12598, 12835, 13072, 13309, 13546, 13783, 14020]"
O1_JQ_SVD_ORACLE,FULL,0.0,exact,8,per_prompt,actual_d,primary,1,[0],60,10,MATCHES_B0_EXACTLY,"[38, 275, 512, 749, 986, 1223, 1460, 1697, 1934, 2171, 2408, 2645, 2882, 3119, 3356, 3593, 3830, 4067, 4304, 4541, 4778, 5015, 5252, 5489, 5726, 5963, 6200, 6437, 6674, 6911, 7148, 7385, 7622, 7859, 8096, 8333, 8570, 8807, 9044, 9281, 9518, 9755, 9992, 10229, 10466, 10703, 10940, 11177, 11414, 11651, 11888, 12125, 12362, 12599, 12836, 13073, 13310, 13547, 13784, 14021]"
B4_ENERGY95,FULL,0.01,exact,8,per_prompt,actual_d,primary,1,[0],60,10,MATCHES_B0_EXACTLY,"[39, 276, 513, 750, 987, 1224, 1461, 1698, 1935, 2172, 2409, 2646, 2883, 3120, 3357, 3594, 3831, 4068, 4305, 4542, 4779, 5016, 5253, 5490, 5727, 5964, 6201, 6438, 6675, 6912, 7149, 7386, 7623, 7860, 8097, 8334, 8571, 8808, 9045, 9282, 9519, 9756, 9993, 10230, 10467, 10704, 10941, 11178, 11415, 11652, 11889, 12126, 12363, 12600, 12837, 13074, 13311, 13548, 13785, 14022]"
B2_FULL_PARAMETER_SKETCH,4,0.01,exact,8,per_prompt,actual_d,primary,1,[0],60,10,MATCHES_B0_EXACTLY,"[40, 277, 514, 751, 988, 1225, 1462, 1699, 1936, 2173, 2410, 2647, 2884, 3121, 3358, 3595, 3832, 4069, 4306, 4543, 4780, 5017, 5254, 5491, 5728, 5965, 6202, 6439, 6676, 6913, 7150, 7387, 7624, 7861, 8098, 8335, 8572, 8809, 9046, 9283, 9520, 9757, 9994, 10231, 10468, 10705, 10942, 11179, 11416, 11653, 11890, 12127, 12364, 12601, 12838, 13075, 13312, 13549, 13786, 14023]"
B5_EXACT_SELECTED_DIAGNOSTIC,1,0.01,exact,8,per_prompt,actual_d,primary,1,[0],60,10,MATCHES_B0_EXACTLY,"[41, 278, 515, 752, 989, 1226, 1463, 1700, 1937, 2174, 2411, 2648, 2885, 3122, 3359, 3596, 3833, 4070, 4307, 4544, 4781, 5018, 5255, 5492, 5729, 5966, 6203, 6440, 6677, 6914, 7151, 7388, 7625, 7862, 8099, 8336, 8573, 8810, 9047, 9284, 9521, 9758, 9995, 10232, 10469, 10706, 10943, 11180, 11417, 11654, 11891, 12128, 12365, 12602, 12839, 13076, 13313, 13550, 13787, 14024]"
B5_EXACT_SELECTED_DIAGNOSTIC,1,0.01,exact,8,per_prompt,actual_d,robust,1,[0],60,10,MATCHES_B0_EXACTLY,"[41, 278, 515, 752, 989, 1226, 1463, 1700, 1937, 2174, 2411, 2648, 2885, 3122, 3359, 3596, 3833, 4070, 4307, 4544, 4781, 5018, 5255, 5492, 5729, 5966, 6203, 6440, 6677, 6914, 7151, 7388, 7625, 7862, 8099, 8336, 8573, 8810, 9047, 9284, 9521, 9758, 9995, 10232, 10469, 10706, 10943, 11180, 11417, 11654, 11891, 12128, 12365, 12602, 12839, 13076, 13313, 13550, 13787, 14024]"
B0_PERSISTENCE,0,0.0,64,8,per_prompt,actual_d,primary,3,"[0, 1, 2]",180,10,MATCHES_B0_EXACTLY,"[42, 91, 140, 279, 328, 377, 516, 565, 614, 753, 802, 851, 990, 1039, 1088, 1227, 1276, 1325, 1464, 1513, 1562, 1701, 1750, 1799, 1938, 1987, 2036, 2175, 2224, 2273, 2412, 2461, 2510, 2649, 2698, 2747, 2886, 2935, 2984, 3123, 3172, 3221, 3360, 3409, 3458, 3597, 3646, 3695, 3834, 3883, 3932, 4071, 4120, 4169, 4308, 4357, 4406, 4545, 4594, 4643, 4782, 4831, 4880, 5019, 5068, 5117, 5256, 5305, 5354, 5493, 5542, 5591, 5730, 5779, 5828, 5967, 6016, 6065, 6204, 6253, 6302, 6441, 6490, 6539, 6678, 6727, 6776, 6915, 6964, 7013, 7152, 7201, 7250, 7389, 7438, 7487, 7626, 7675, 7724, 7863, 7912, 7961, 8100, 8149, 8198, 8337, 8386, 8435, 8574, 8623, 8672, 8811, 8860, 8909, 9048, 9097, 9146, 9285, 9334, 9383, 9522, 9571, 9620, 9759, 9808, 9857, 9996, 10045, 10094, 10233, 10282, 10331, 10470, 10519, 10568, 10707, 10756, 10805, 10944, 10993, 11042, 11181, 11230, 11279, 11418, 11467, 11516, 11655, 11704, 11753, 11892, 11941, 11990, 12129, 12178, 12227, 12366, 12415, 12464, 12603, 12652, 12701, 12840, 12889, 12938, 13077, 13126, 13175, 13314, 13363, 13412, 13551, 13600, 13649, 13788, 13837, 13886, 14025, 14074, 14123]"
B0_PERSISTENCE,0,0.0,64,8,per_prompt,actual_d,robust,5,"[0, 1, 2, 3, 4]",300,10,MATCHES_B0_EXACTLY,"[42, 91, 140, 209, 213, 279, 328, 377, 446, 450, 516, 565, 614, 683, 687, 753, 802, 851, 920, 924, 990, 1039, 1088, 1157, 1161, 1227, 1276, 1325, 1394, 1398, 1464, 1513, 1562, 1631, 1635, 1701, 1750, 1799, 1868, 1872, 1938, 1987, 2036, 2105, 2109, 2175, 2224, 2273, 2342, 2346, 2412, 2461, 2510, 2579, 2583, 2649, 2698, 2747, 2816, 2820, 2886, 2935, 2984, 3053, 3057, 3123, 3172, 3221, 3290, 3294, 3360, 3409, 3458, 3527, 3531, 3597, 3646, 3695, 3764, 3768, 3834, 3883, 3932, 4001, 4005, 4071, 4120, 4169, 4238, 4242, 4308, 4357, 4406, 4475, 4479, 4545, 4594, 4643, 4712, 4716, 4782, 4831, 4880, 4949, 4953, 5019, 5068, 5117, 5186, 5190, 5256, 5305, 5354, 5423, 5427, 5493, 5542, 5591, 5660, 5664, 5730, 5779, 5828, 5897, 5901, 5967, 6016, 6065, 6134, 6138, 6204, 6253, 6302, 6371, 6375, 6441, 6490, 6539, 6608, 6612, 6678, 6727, 6776, 6845, 6849, 6915, 6964, 7013, 7082, 7086, 7152, 7201, 7250, 7319, 7323, 7389, 7438, 7487, 7556, 7560, 7626, 7675, 7724, 7793, 7797, 7863, 7912, 7961, 8030, 8034, 8100, 8149, 8198, 8267, 8271, 8337, 8386, 8435, 8504, 8508, 8574, 8623, 8672, 8741, 8745, 8811, 8860, 8909, 8978, 8982, 9048, 9097, 9146, 9215, 9219, 9285, 9334, 9383, 9452, 9456, 9522, 9571, 9620, 9689, 9693, 9759, 9808, 9857, 9926, 9930, 9996, 10045, 10094, 10163, 10167, 10233, 10282, 10331, 10400, 10404, 10470, 10519, 10568, 10637, 10641, 10707, 10756, 10805, 10874, 10878, 10944, 10993, 11042, 11111, 11115, 11181, 11230, 11279, 11348, 11352, 11418, 11467, 11516, 11585, 11589, 11655, 11704, 11753, 11822, 11826, 11892, 11941, 11990, 12059, 12063, 12129, 12178, 12227, 12296, 12300, 12366, 12415, 12464, 12533, 12537, 12603, 12652, 12701, 12770, 12774, 12840, 12889, 12938, 13007, 13011, 13077, 13126, 13175, 13244, 13248, 13314, 13363, 13412, 13481, 13485, 13551, 13600, 13649, 13718, 13722, 13788, 13837, 13886, 13955, 13959, 14025, 14074, 14123, 14192, 14196]"
B1_LOG_RIDGE,0,0.01,64,8,per_prompt,actual_d,primary,3,"[0, 1, 2]",180,10,MATCHES_B0_EXACTLY,"[43, 92, 141, 280, 329, 378, 517, 566, 615, 754, 803, 852, 991, 1040, 1089, 1228, 1277, 1326, 1465, 1514, 1563, 1702, 1751, 1800, 1939, 1988, 2037, 2176, 2225, 2274, 2413, 2462, 2511, 2650, 2699, 2748, 2887, 2936, 2985, 3124, 3173, 3222, 3361, 3410, 3459, 3598, 3647, 3696, 3835, 3884, 3933, 4072, 4121, 4170, 4309, 4358, 4407, 4546, 4595, 4644, 4783, 4832, 4881, 5020, 5069, 5118, 5257, 5306, 5355, 5494, 5543, 5592, 5731, 5780, 5829, 5968, 6017, 6066, 6205, 6254, 6303, 6442, 6491, 6540, 6679, 6728, 6777, 6916, 6965, 7014, 7153, 7202, 7251, 7390, 7439, 7488, 7627, 7676, 7725, 7864, 7913, 7962, 8101, 8150, 8199, 8338, 8387, 8436, 8575, 8624, 8673, 8812, 8861, 8910, 9049, 9098, 9147, 9286, 9335, 9384, 9523, 9572, 9621, 9760, 9809, 9858, 9997, 10046, 10095, 10234, 10283, 10332, 10471, 10520, 10569, 10708, 10757, 10806, 10945, 10994, 11043, 11182, 11231, 11280, 11419, 11468, 11517, 11656, 11705, 11754, 11893, 11942, 11991, 12130, 12179, 12228, 12367, 12416, 12465, 12604, 12653, 12702, 12841, 12890, 12939, 13078, 13127, 13176, 13315, 13364, 13413, 13552, 13601, 13650, 13789, 13838, 13887, 14026, 14075, 14124]"
B2_RANDOM_Q,0,0.0,64,8,per_prompt,actual_d,primary,3,"[0, 1, 2]",180,10,MATCHES_B0_EXACTLY,"[44, 93, 142, 281, 330, 379, 518, 567, 616, 755, 804, 853, 992, 1041, 1090, 1229, 1278, 1327, 1466, 1515, 1564, 1703, 1752, 1801, 1940, 1989, 2038, 2177, 2226, 2275, 2414, 2463, 2512, 2651, 2700, 2749, 2888, 2937, 2986, 3125, 3174, 3223, 3362, 3411, 3460, 3599, 3648, 3697, 3836, 3885, 3934, 4073, 4122, 4171, 4310, 4359, 4408, 4547, 4596, 4645, 4784, 4833, 4882, 5021, 5070, 5119, 5258, 5307, 5356, 5495, 5544, 5593, 5732, 5781, 5830, 5969, 6018, 6067, 6206, 6255, 6304, 6443, 6492, 6541, 6680, 6729, 6778, 6917, 6966, 7015, 7154, 7203, 7252, 7391, 7440, 7489, 7628, 7677, 7726, 7865, 7914, 7963, 8102, 8151, 8200, 8339, 8388, 8437, 8576, 8625, 8674, 8813, 8862, 8911, 9050, 9099, 9148, 9287, 9336, 9385, 9524, 9573, 9622, 9761, 9810, 9859, 9998, 10047, 10096, 10235, 10284, 10333, 10472, 10521, 10570, 10709, 10758, 10807, 10946, 10995, 11044, 11183, 11232, 11281, 11420, 11469, 11518, 11657, 11706, 11755, 11894, 11943, 11992, 12131, 12180, 12229, 12368, 12417, 12466, 12605, 12654, 12703, 12842, 12891, 12940, 13079, 13128, 13177, 13316, 13365, 13414, 13553, 13602, 13651, 13790, 13839, 13888, 14027, 14076, 14125]"
B2_RANDOM_Q,1,0.01,64,8,per_prompt,actual_d,primary,3,"[0, 1, 2]",180,10,MATCHES_B0_EXACTLY,"[45, 94, 143, 282, 331, 380, 519, 568, 617, 756, 805, 854, 993, 1042, 1091, 1230, 1279, 1328, 1467, 1516, 1565, 1704, 1753, 1802, 1941, 1990, 2039, 2178, 2227, 2276, 2415, 2464, 2513, 2652, 2701, 2750, 2889, 2938, 2987, 3126, 3175, 3224, 3363, 3412, 3461, 3600, 3649, 3698, 3837, 3886, 3935, 4074, 4123, 4172, 4311, 4360, 4409, 4548, 4597, 4646, 4785, 4834, 4883, 5022, 5071, 5120, 5259, 5308, 5357, 5496, 5545, 5594, 5733, 5782, 5831, 5970, 6019, 6068, 6207, 6256, 6305, 6444, 6493, 6542, 6681, 6730, 6779, 6918, 6967, 7016, 7155, 7204, 7253, 7392, 7441, 7490, 7629, 7678, 7727, 7866, 7915, 7964, 8103, 8152, 8201, 8340, 8389, 8438, 8577, 8626, 8675, 8814, 8863, 8912, 9051, 9100, 9149, 9288, 9337, 9386, 9525, 9574, 9623, 9762, 9811, 9860, 9999, 10048, 10097, 10236, 10285, 10334, 10473, 10522, 10571, 10710, 10759, 10808, 10947, 10996, 11045, 11184, 11233, 11282, 11421, 11470, 11519, 11658, 11707, 11756, 11895, 11944, 11993, 12132, 12181, 12230, 12369, 12418, 12467, 12606, 12655, 12704, 12843, 12892, 12941, 13080, 13129, 13178, 13317, 13366, 13415, 13554, 13603, 13652, 13791, 13840, 13889, 14028, 14077, 14126]"
B2_RANDOM_Q,2,0.01,64,8,per_prompt,actual_d,primary,3,"[0, 1, 2]",180,10,MATCHES_B0_EXACTLY,"[46, 95, 144, 283, 332, 381, 520, 569, 618, 757, 806, 855, 994, 1043, 1092, 1231, 1280, 1329, 1468, 1517, 1566, 1705, 1754, 1803, 1942, 1991, 2040, 2179, 2228, 2277, 2416, 2465, 2514, 2653, 2702, 2751, 2890, 2939, 2988, 3127, 3176, 3225, 3364, 3413, 3462, 3601, 3650, 3699, 3838, 3887, 3936, 4075, 4124, 4173, 4312, 4361, 4410, 4549, 4598, 4647, 4786, 4835, 4884, 5023, 5072, 5121, 5260, 5309, 5358, 5497, 5546, 5595, 5734, 5783, 5832, 5971, 6020, 6069, 6208, 6257, 6306, 6445, 6494, 6543, 6682, 6731, 6780, 6919, 6968, 7017, 7156, 7205, 7254, 7393, 7442, 7491, 7630, 7679, 7728, 7867, 7916, 7965, 8104, 8153, 8202, 8341, 8390, 8439, 8578, 8627, 8676, 8815, 8864, 8913, 9052, 9101, 9150, 9289, 9338, 9387, 9526, 9575, 9624, 9763, 9812, 9861, 10000, 10049, 10098, 10237, 10286, 10335, 10474, 10523, 10572, 10711, 10760, 10809, 10948, 10997, 11046, 11185, 11234, 11283, 11422, 11471, 11520, 11659, 11708, 11757, 11896, 11945, 11994, 12133, 12182, 12231, 12370, 12419, 12468, 12607, 12656, 12705, 12844, 12893, 12942, 13081, 13130, 13179, 13318, 13367, 13416, 13555, 13604, 13653, 13792, 13841, 13890, 14029, 14078, 14127]"
B2_RANDOM_Q,4,0.01,64,8,per_prompt,actual_d,primary,3,"[0, 1, 2]",180,10,MATCHES_B0_EXACTLY,"[47, 96, 145, 284, 333, 382, 521, 570, 619, 758, 807, 856, 995, 1044, 1093, 1232, 1281, 1330, 1469, 1518, 1567, 1706, 1755, 1804, 1943, 1992, 2041, 2180, 2229, 2278, 2417, 2466, 2515, 2654, 2703, 2752, 2891, 2940, 2989, 3128, 3177, 3226, 3365, 3414, 3463, 3602, 3651, 3700, 3839, 3888, 3937, 4076, 4125, 4174, 4313, 4362, 4411, 4550, 4599, 4648, 4787, 4836, 4885, 5024, 5073, 5122, 5261, 5310, 5359, 5498, 5547, 5596, 5735, 5784, 5833, 5972, 6021, 6070, 6209, 6258, 6307, 6446, 6495, 6544, 6683, 6732, 6781, 6920, 6969, 7018, 7157, 7206, 7255, 7394, 7443, 7492, 7631, 7680, 7729, 7868, 7917, 7966, 8105, 8154, 8203, 8342, 8391, 8440, 8579, 8628, 8677, 8816, 8865, 8914, 9053, 9102, 9151, 9290, 9339, 9388, 9527, 9576, 9625, 9764, 9813, 9862, 10001, 10050, 10099, 10238, 10287, 10336, 10475, 10524, 10573, 10712, 10761, 10810, 10949, 10998, 11047, 11186, 11235, 11284, 11423, 11472, 11521, 11660, 11709, 11758, 11897, 11946, 11995, 12134, 12183, 12232, 12371, 12420, 12469, 12608, 12657, 12706, 12845, 12894, 12943, 13082, 13131, 13180, 13319, 13368, 13417, 13556, 13605, 13654, 13793, 13842, 13891, 14030, 14079, 14128]"
B2_RANDOM_Q,8,0.01,64,8,per_prompt,actual_d,primary,3,"[0, 1, 2]",180,10,MATCHES_B0_EXACTLY,"[48, 97, 146, 285, 334, 383, 522, 571, 620, 759, 808, 857, 996, 1045, 1094, 1233, 1282, 1331, 1470, 1519, 1568, 1707, 1756, 1805, 1944, 1993, 2042, 2181, 2230, 2279, 2418, 2467, 2516, 2655, 2704, 2753, 2892, 2941, 2990, 3129, 3178, 3227, 3366, 3415, 3464, 3603, 3652, 3701, 3840, 3889, 3938, 4077, 4126, 4175, 4314, 4363, 4412, 4551, 4600, 4649, 4788, 4837, 4886, 5025, 5074, 5123, 5262, 5311, 5360, 5499, 5548, 5597, 5736, 5785, 5834, 5973, 6022, 6071, 6210, 6259, 6308, 6447, 6496, 6545, 6684, 6733, 6782, 6921, 6970, 7019, 7158, 7207, 7256, 7395, 7444, 7493, 7632, 7681, 7730, 7869, 7918, 7967, 8106, 8155, 8204, 8343, 8392, 8441, 8580, 8629, 8678, 8817, 8866, 8915, 9054, 9103, 9152, 9291, 9340, 9389, 9528, 9577, 9626, 9765, 9814, 9863, 10002, 10051, 10100, 10239, 10288, 10337, 10476, 10525, 10574, 10713, 10762, 10811, 10950, 10999, 11048, 11187, 11236, 11285, 11424, 11473, 11522, 11661, 11710, 11759, 11898, 11947, 11996, 12135, 12184, 12233, 12372, 12421, 12470, 12609, 12658, 12707, 12846, 12895, 12944, 13083, 13132, 13181, 13320, 13369, 13418, 13557, 13606, 13655, 13794, 13843, 13892, 14031, 14080, 14129]"
B2_RANDOM_Q,16,0.01,64,8,per_prompt,actual_d,primary,3,"[0, 1, 2]",180,10,MATCHES_B0_EXACTLY,"[49, 98, 147, 286, 335, 384, 523, 572, 621, 760, 809, 858, 997, 1046, 1095, 1234, 1283, 1332, 1471, 1520, 1569, 1708, 1757, 1806, 1945, 1994, 2043, 2182, 2231, 2280, 2419, 2468, 2517, 2656, 2705, 2754, 2893, 2942, 2991, 3130, 3179, 3228, 3367, 3416, 3465, 3604, 3653, 3702, 3841, 3890, 3939, 4078, 4127, 4176, 4315, 4364, 4413, 4552, 4601, 4650, 4789, 4838, 4887, 5026, 5075, 5124, 5263, 5312, 5361, 5500, 5549, 5598, 5737, 5786, 5835, 5974, 6023, 6072, 6211, 6260, 6309, 6448, 6497, 6546, 6685, 6734, 6783, 6922, 6971, 7020, 7159, 7208, 7257, 7396, 7445, 7494, 7633, 7682, 7731, 7870, 7919, 7968, 8107, 8156, 8205, 8344, 8393, 8442, 8581, 8630, 8679, 8818, 8867, 8916, 9055, 9104, 9153, 9292, 9341, 9390, 9529, 9578, 9627, 9766, 9815, 9864, 10003, 10052, 10101, 10240, 10289, 10338, 10477, 10526, 10575, 10714, 10763, 10812, 10951, 11000, 11049, 11188, 11237, 11286, 11425, 11474, 11523, 11662, 11711, 11760, 11899, 11948, 11997, 12136, 12185, 12234, 12373, 12422, 12471, 12610, 12659, 12708, 12847, 12896, 12945, 13084, 13133, 13182, 13321, 13370, 13419, 13558, 13607, 13656, 13795, 13844, 13893, 14032, 14081, 14130]"
B2_RANDOM_Q,FULL,0.01,64,8,per_prompt,actual_d,primary,3,"[0, 1, 2]",180,10,MATCHES_B0_EXACTLY,"[50, 99, 148, 287, 336, 385, 524, 573, 622, 761, 810, 859, 998, 1047, 1096, 1235, 1284, 1333, 1472, 1521, 1570, 1709, 1758, 1807, 1946, 1995, 2044, 2183, 2232, 2281, 2420, 2469, 2518, 2657, 2706, 2755, 2894, 2943, 2992, 3131, 3180, 3229, 3368, 3417, 3466, 3605, 3654, 3703, 3842, 3891, 3940, 4079, 4128, 4177, 4316, 4365, 4414, 4553, 4602, 4651, 4790, 4839, 4888, 5027, 5076, 5125, 5264, 5313, 5362, 5501, 5550, 5599, 5738, 5787, 5836, 5975, 6024, 6073, 6212, 6261, 6310, 6449, 6498, 6547, 6686, 6735, 6784, 6923, 6972, 7021, 7160, 7209, 7258, 7397, 7446, 7495, 7634, 7683, 7732, 7871, 7920, 7969, 8108, 8157, 8206, 8345, 8394, 8443, 8582, 8631, 8680, 8819, 8868, 8917, 9056, 9105, 9154, 9293, 9342, 9391, 9530, 9579, 9628, 9767, 9816, 9865, 10004, 10053, 10102, 10241, 10290, 10339, 10478, 10527, 10576, 10715, 10764, 10813, 10952, 11001, 11050, 11189, 11238, 11287, 11426, 11475, 11524, 11663, 11712, 11761, 11900, 11949, 11998, 12137, 12186, 12235, 12374, 12423, 12472, 12611, 12660, 12709, 12848, 12897, 12946, 13085, 13134, 13183, 13322, 13371, 13420, 13559, 13608, 13657, 13796, 13845, 13894, 14033, 14082, 14131]"
B3_UPDATE_PCA,0,0.0,64,8,per_prompt,actual_d,primary,3,"[0, 1, 2]",180,10,MATCHES_B0_EXACTLY,"[51, 100, 149, 288, 337, 386, 525, 574, 623, 762, 811, 860, 999, 1048, 1097, 1236, 1285, 1334, 1473, 1522, 1571, 1710, 1759, 1808, 1947, 1996, 2045, 2184, 2233, 2282, 2421, 2470, 2519, 2658, 2707, 2756, 2895, 2944, 2993, 3132, 3181, 3230, 3369, 3418, 3467, 3606, 3655, 3704, 3843, 3892, 3941, 4080, 4129, 4178, 4317, 4366, 4415, 4554, 4603, 4652, 4791, 4840, 4889, 5028, 5077, 5126, 5265, 5314, 5363, 5502, 5551, 5600, 5739, 5788, 5837, 5976, 6025, 6074, 6213, 6262, 6311, 6450, 6499, 6548, 6687, 6736, 6785, 6924, 6973, 7022, 7161, 7210, 7259, 7398, 7447, 7496, 7635, 7684, 7733, 7872, 7921, 7970, 8109, 8158, 8207, 8346, 8395, 8444, 8583, 8632, 8681, 8820, 8869, 8918, 9057, 9106, 9155, 9294, 9343, 9392, 9531, 9580, 9629, 9768, 9817, 9866, 10005, 10054, 10103, 10242, 10291, 10340, 10479, 10528, 10577, 10716, 10765, 10814, 10953, 11002, 11051, 11190, 11239, 11288, 11427, 11476, 11525, 11664, 11713, 11762, 11901, 11950, 11999, 12138, 12187, 12236, 12375, 12424, 12473, 12612, 12661, 12710, 12849, 12898, 12947, 13086, 13135, 13184, 13323, 13372, 13421, 13560, 13609, 13658, 13797, 13846, 13895, 14034, 14083, 14132]"
B3_UPDATE_PCA,1,0.01,64,8,per_prompt,actual_d,primary,3,"[0, 1, 2]",180,10,MATCHES_B0_EXACTLY,"[52, 101, 150, 289, 338, 387, 526, 575, 624, 763, 812, 861, 1000, 1049, 1098, 1237, 1286, 1335, 1474, 1523, 1572, 1711, 1760, 1809, 1948, 1997, 2046, 2185, 2234, 2283, 2422, 2471, 2520, 2659, 2708, 2757, 2896, 2945, 2994, 3133, 3182, 3231, 3370, 3419, 3468, 3607, 3656, 3705, 3844, 3893, 3942, 4081, 4130, 4179, 4318, 4367, 4416, 4555, 4604, 4653, 4792, 4841, 4890, 5029, 5078, 5127, 5266, 5315, 5364, 5503, 5552, 5601, 5740, 5789, 5838, 5977, 6026, 6075, 6214, 6263, 6312, 6451, 6500, 6549, 6688, 6737, 6786, 6925, 6974, 7023, 7162, 7211, 7260, 7399, 7448, 7497, 7636, 7685, 7734, 7873, 7922, 7971, 8110, 8159, 8208, 8347, 8396, 8445, 8584, 8633, 8682, 8821, 8870, 8919, 9058, 9107, 9156, 9295, 9344, 9393, 9532, 9581, 9630, 9769, 9818, 9867, 10006, 10055, 10104, 10243, 10292, 10341, 10480, 10529, 10578, 10717, 10766, 10815, 10954, 11003, 11052, 11191, 11240, 11289, 11428, 11477, 11526, 11665, 11714, 11763, 11902, 11951, 12000, 12139, 12188, 12237, 12376, 12425, 12474, 12613, 12662, 12711, 12850, 12899, 12948, 13087, 13136, 13185, 13324, 13373, 13422, 13561, 13610, 13659, 13798, 13847, 13896, 14035, 14084, 14133]"
B3_UPDATE_PCA,2,0.01,64,8,per_prompt,actual_d,primary,3,"[0, 1, 2]",180,10,MATCHES_B0_EXACTLY,"[53, 102, 151, 290, 339, 388, 527, 576, 625, 764, 813, 862, 1001, 1050, 1099, 1238, 1287, 1336, 1475, 1524, 1573, 1712, 1761, 1810, 1949, 1998, 2047, 2186, 2235, 2284, 2423, 2472, 2521, 2660, 2709, 2758, 2897, 2946, 2995, 3134, 3183, 3232, 3371, 3420, 3469, 3608, 3657, 3706, 3845, 3894, 3943, 4082, 4131, 4180, 4319, 4368, 4417, 4556, 4605, 4654, 4793, 4842, 4891, 5030, 5079, 5128, 5267, 5316, 5365, 5504, 5553, 5602, 5741, 5790, 5839, 5978, 6027, 6076, 6215, 6264, 6313, 6452, 6501, 6550, 6689, 6738, 6787, 6926, 6975, 7024, 7163, 7212, 7261, 7400, 7449, 7498, 7637, 7686, 7735, 7874, 7923, 7972, 8111, 8160, 8209, 8348, 8397, 8446, 8585, 8634, 8683, 8822, 8871, 8920, 9059, 9108, 9157, 9296, 9345, 9394, 9533, 9582, 9631, 9770, 9819, 9868, 10007, 10056, 10105, 10244, 10293, 10342, 10481, 10530, 10579, 10718, 10767, 10816, 10955, 11004, 11053, 11192, 11241, 11290, 11429, 11478, 11527, 11666, 11715, 11764, 11903, 11952, 12001, 12140, 12189, 12238, 12377, 12426, 12475, 12614, 12663, 12712, 12851, 12900, 12949, 13088, 13137, 13186, 13325, 13374, 13423, 13562, 13611, 13660, 13799, 13848, 13897, 14036, 14085, 14134]"
B3_UPDATE_PCA,4,1e-05,64,8,per_prompt,actual_d,primary,3,"[0, 1, 2]",180,10,MATCHES_B0_EXACTLY,"[54, 103, 152, 291, 340, 389, 528, 577, 626, 765, 814, 863, 1002, 1051, 1100, 1239, 1288, 1337, 1476, 1525, 1574, 1713, 1762, 1811, 1950, 1999, 2048, 2187, 2236, 2285, 2424, 2473, 2522, 2661, 2710, 2759, 2898, 2947, 2996, 3135, 3184, 3233, 3372, 3421, 3470, 3609, 3658, 3707, 3846, 3895, 3944, 4083, 4132, 4181, 4320, 4369, 4418, 4557, 4606, 4655, 4794, 4843, 4892, 5031, 5080, 5129, 5268, 5317, 5366, 5505, 5554, 5603, 5742, 5791, 5840, 5979, 6028, 6077, 6216, 6265, 6314, 6453, 6502, 6551, 6690, 6739, 6788, 6927, 6976, 7025, 7164, 7213, 7262, 7401, 7450, 7499, 7638, 7687, 7736, 7875, 7924, 7973, 8112, 8161, 8210, 8349, 8398, 8447, 8586, 8635, 8684, 8823, 8872, 8921, 9060, 9109, 9158, 9297, 9346, 9395, 9534, 9583, 9632, 9771, 9820, 9869, 10008, 10057, 10106, 10245, 10294, 10343, 10482, 10531, 10580, 10719, 10768, 10817, 10956, 11005, 11054, 11193, 11242, 11291, 11430, 11479, 11528, 11667, 11716, 11765, 11904, 11953, 12002, 12141, 12190, 12239, 12378, 12427, 12476, 12615, 12664, 12713, 12852, 12901, 12950, 13089, 13138, 13187, 13326, 13375, 13424, 13563, 13612, 13661, 13800, 13849, 13898, 14037, 14086, 14135]"
B3_UPDATE_PCA,8,0.01,64,8,per_prompt,actual_d,primary,3,"[0, 1, 2]",180,10,MATCHES_B0_EXACTLY,"[55, 104, 153, 292, 341, 390, 529, 578, 627, 766, 815, 864, 1003, 1052, 1101, 1240, 1289, 1338, 1477, 1526, 1575, 1714, 1763, 1812, 1951, 2000, 2049, 2188, 2237, 2286, 2425, 2474, 2523, 2662, 2711, 2760, 2899, 2948, 2997, 3136, 3185, 3234, 3373, 3422, 3471, 3610, 3659, 3708, 3847, 3896, 3945, 4084, 4133, 4182, 4321, 4370, 4419, 4558, 4607, 4656, 4795, 4844, 4893, 5032, 5081, 5130, 5269, 5318, 5367, 5506, 5555, 5604, 5743, 5792, 5841, 5980, 6029, 6078, 6217, 6266, 6315, 6454, 6503, 6552, 6691, 6740, 6789, 6928, 6977, 7026, 7165, 7214, 7263, 7402, 7451, 7500, 7639, 7688, 7737, 7876, 7925, 7974, 8113, 8162, 8211, 8350, 8399, 8448, 8587, 8636, 8685, 8824, 8873, 8922, 9061, 9110, 9159, 9298, 9347, 9396, 9535, 9584, 9633, 9772, 9821, 9870, 10009, 10058, 10107, 10246, 10295, 10344, 10483, 10532, 10581, 10720, 10769, 10818, 10957, 11006, 11055, 11194, 11243, 11292, 11431, 11480, 11529, 11668, 11717, 11766, 11905, 11954, 12003, 12142, 12191, 12240, 12379, 12428, 12477, 12616, 12665, 12714, 12853, 12902, 12951, 13090, 13139, 13188, 13327, 13376, 13425, 13564, 13613, 13662, 13801, 13850, 13899, 14038, 14087, 14136]"
B3_UPDATE_PCA,16,0.01,64,8,per_prompt,actual_d,primary,3,"[0, 1, 2]",180,10,MATCHES_B0_EXACTLY,"[56, 105, 154, 293, 342, 391, 530, 579, 628, 767, 816, 865, 1004, 1053, 1102, 1241, 1290, 1339, 1478, 1527, 1576, 1715, 1764, 1813, 1952, 2001, 2050, 2189, 2238, 2287, 2426, 2475, 2524, 2663, 2712, 2761, 2900, 2949, 2998, 3137, 3186, 3235, 3374, 3423, 3472, 3611, 3660, 3709, 3848, 3897, 3946, 4085, 4134, 4183, 4322, 4371, 4420, 4559, 4608, 4657, 4796, 4845, 4894, 5033, 5082, 5131, 5270, 5319, 5368, 5507, 5556, 5605, 5744, 5793, 5842, 5981, 6030, 6079, 6218, 6267, 6316, 6455, 6504, 6553, 6692, 6741, 6790, 6929, 6978, 7027, 7166, 7215, 7264, 7403, 7452, 7501, 7640, 7689, 7738, 7877, 7926, 7975, 8114, 8163, 8212, 8351, 8400, 8449, 8588, 8637, 8686, 8825, 8874, 8923, 9062, 9111, 9160, 9299, 9348, 9397, 9536, 9585, 9634, 9773, 9822, 9871, 10010, 10059, 10108, 10247, 10296, 10345, 10484, 10533, 10582, 10721, 10770, 10819, 10958, 11007, 11056, 11195, 11244, 11293, 11432, 11481, 11530, 11669, 11718, 11767, 11906, 11955, 12004, 12143, 12192, 12241, 12380, 12429, 12478, 12617, 12666, 12715, 12854, 12903, 12952, 13091, 13140, 13189, 13328, 13377, 13426, 13565, 13614, 13663, 13802, 13851, 13900, 14039, 14088, 14137]"
B3_UPDATE_PCA,FULL,0.01,64,8,per_prompt,actual_d,primary,3,"[0, 1, 2]",180,10,MATCHES_B0_EXACTLY,"[57, 106, 155, 294, 343, 392, 531, 580, 629, 768, 817, 866, 1005, 1054, 1103, 1242, 1291, 1340, 1479, 1528, 1577, 1716, 1765, 1814, 1953, 2002, 2051, 2190, 2239, 2288, 2427, 2476, 2525, 2664, 2713, 2762, 2901, 2950, 2999, 3138, 3187, 3236, 3375, 3424, 3473, 3612, 3661, 3710, 3849, 3898, 3947, 4086, 4135, 4184, 4323, 4372, 4421, 4560, 4609, 4658, 4797, 4846, 4895, 5034, 5083, 5132, 5271, 5320, 5369, 5508, 5557, 5606, 5745, 5794, 5843, 5982, 6031, 6080, 6219, 6268, 6317, 6456, 6505, 6554, 6693, 6742, 6791, 6930, 6979, 7028, 7167, 7216, 7265, 7404, 7453, 7502, 7641, 7690, 7739, 7878, 7927, 7976, 8115, 8164, 8213, 8352, 8401, 8450, 8589, 8638, 8687, 8826, 8875, 8924, 9063, 9112, 9161, 9300, 9349, 9398, 9537, 9586, 9635, 9774, 9823, 9872, 10011, 10060, 10109, 10248, 10297, 10346, 10485, 10534, 10583, 10722, 10771, 10820, 10959, 11008, 11057, 11196, 11245, 11294, 11433, 11482, 11531, 11670, 11719, 11768, 11907, 11956, 12005, 12144, 12193, 12242, 12381, 12430, 12479, 12618, 12667, 12716, 12855, 12904, 12953, 13092, 13141, 13190, 13329, 13378, 13427, 13566, 13615, 13664, 13803, 13852, 13901, 14040, 14089, 14138]"
B4_RESPONSE_SVD,0,0.0,64,8,per_prompt,actual_d,primary,3,"[0, 1, 2]",180,10,MATCHES_B0_EXACTLY,"[58, 107, 156, 295, 344, 393, 532, 581, 630, 769, 818, 867, 1006, 1055, 1104, 1243, 1292, 1341, 1480, 1529, 1578, 1717, 1766, 1815, 1954, 2003, 2052, 2191, 2240, 2289, 2428, 2477, 2526, 2665, 2714, 2763, 2902, 2951, 3000, 3139, 3188, 3237, 3376, 3425, 3474, 3613, 3662, 3711, 3850, 3899, 3948, 4087, 4136, 4185, 4324, 4373, 4422, 4561, 4610, 4659, 4798, 4847, 4896, 5035, 5084, 5133, 5272, 5321, 5370, 5509, 5558, 5607, 5746, 5795, 5844, 5983, 6032, 6081, 6220, 6269, 6318, 6457, 6506, 6555, 6694, 6743, 6792, 6931, 6980, 7029, 7168, 7217, 7266, 7405, 7454, 7503, 7642, 7691, 7740, 7879, 7928, 7977, 8116, 8165, 8214, 8353, 8402, 8451, 8590, 8639, 8688, 8827, 8876, 8925, 9064, 9113, 9162, 9301, 9350, 9399, 9538, 9587, 9636, 9775, 9824, 9873, 10012, 10061, 10110, 10249, 10298, 10347, 10486, 10535, 10584, 10723, 10772, 10821, 10960, 11009, 11058, 11197, 11246, 11295, 11434, 11483, 11532, 11671, 11720, 11769, 11908, 11957, 12006, 12145, 12194, 12243, 12382, 12431, 12480, 12619, 12668, 12717, 12856, 12905, 12954, 13093, 13142, 13191, 13330, 13379, 13428, 13567, 13616, 13665, 13804, 13853, 13902, 14041, 14090, 14139]"
B4_RESPONSE_SVD,1,0.01,64,8,per_prompt,actual_d,primary,3,"[0, 1, 2]",180,10,MATCHES_B0_EXACTLY,"[59, 108, 157, 296, 345, 394, 533, 582, 631, 770, 819, 868, 1007, 1056, 1105, 1244, 1293, 1342, 1481, 1530, 1579, 1718, 1767, 1816, 1955, 2004, 2053, 2192, 2241, 2290, 2429, 2478, 2527, 2666, 2715, 2764, 2903, 2952, 3001, 3140, 3189, 3238, 3377, 3426, 3475, 3614, 3663, 3712, 3851, 3900, 3949, 4088, 4137, 4186, 4325, 4374, 4423, 4562, 4611, 4660, 4799, 4848, 4897, 5036, 5085, 5134, 5273, 5322, 5371, 5510, 5559, 5608, 5747, 5796, 5845, 5984, 6033, 6082, 6221, 6270, 6319, 6458, 6507, 6556, 6695, 6744, 6793, 6932, 6981, 7030, 7169, 7218, 7267, 7406, 7455, 7504, 7643, 7692, 7741, 7880, 7929, 7978, 8117, 8166, 8215, 8354, 8403, 8452, 8591, 8640, 8689, 8828, 8877, 8926, 9065, 9114, 9163, 9302, 9351, 9400, 9539, 9588, 9637, 9776, 9825, 9874, 10013, 10062, 10111, 10250, 10299, 10348, 10487, 10536, 10585, 10724, 10773, 10822, 10961, 11010, 11059, 11198, 11247, 11296, 11435, 11484, 11533, 11672, 11721, 11770, 11909, 11958, 12007, 12146, 12195, 12244, 12383, 12432, 12481, 12620, 12669, 12718, 12857, 12906, 12955, 13094, 13143, 13192, 13331, 13380, 13429, 13568, 13617, 13666, 13805, 13854, 13903, 14042, 14091, 14140]"
B4_RESPONSE_SVD,2,0.01,64,8,per_prompt,actual_d,primary,3,"[0, 1, 2]",180,10,MATCHES_B0_EXACTLY,"[60, 109, 158, 297, 346, 395, 534, 583, 632, 771, 820, 869, 1008, 1057, 1106, 1245, 1294, 1343, 1482, 1531, 1580, 1719, 1768, 1817, 1956, 2005, 2054, 2193, 2242, 2291, 2430, 2479, 2528, 2667, 2716, 2765, 2904, 2953, 3002, 3141, 3190, 3239, 3378, 3427, 3476, 3615, 3664, 3713, 3852, 3901, 3950, 4089, 4138, 4187, 4326, 4375, 4424, 4563, 4612, 4661, 4800, 4849, 4898, 5037, 5086, 5135, 5274, 5323, 5372, 5511, 5560, 5609, 5748, 5797, 5846, 5985, 6034, 6083, 6222, 6271, 6320, 6459, 6508, 6557, 6696, 6745, 6794, 6933, 6982, 7031, 7170, 7219, 7268, 7407, 7456, 7505, 7644, 7693, 7742, 7881, 7930, 7979, 8118, 8167, 8216, 8355, 8404, 8453, 8592, 8641, 8690, 8829, 8878, 8927, 9066, 9115, 9164, 9303, 9352, 9401, 9540, 9589, 9638, 9777, 9826, 9875, 10014, 10063, 10112, 10251, 10300, 10349, 10488, 10537, 10586, 10725, 10774, 10823, 10962, 11011, 11060, 11199, 11248, 11297, 11436, 11485, 11534, 11673, 11722, 11771, 11910, 11959, 12008, 12147, 12196, 12245, 12384, 12433, 12482, 12621, 12670, 12719, 12858, 12907, 12956, 13095, 13144, 13193, 13332, 13381, 13430, 13569, 13618, 13667, 13806, 13855, 13904, 14043, 14092, 14141]"
B4_RESPONSE_SVD,4,0.01,64,8,per_prompt,actual_d,primary,3,"[0, 1, 2]",180,10,MATCHES_B0_EXACTLY,"[61, 110, 159, 298, 347, 396, 535, 584, 633, 772, 821, 870, 1009, 1058, 1107, 1246, 1295, 1344, 1483, 1532, 1581, 1720, 1769, 1818, 1957, 2006, 2055, 2194, 2243, 2292, 2431, 2480, 2529, 2668, 2717, 2766, 2905, 2954, 3003, 3142, 3191, 3240, 3379, 3428, 3477, 3616, 3665, 3714, 3853, 3902, 3951, 4090, 4139, 4188, 4327, 4376, 4425, 4564, 4613, 4662, 4801, 4850, 4899, 5038, 5087, 5136, 5275, 5324, 5373, 5512, 5561, 5610, 5749, 5798, 5847, 5986, 6035, 6084, 6223, 6272, 6321, 6460, 6509, 6558, 6697, 6746, 6795, 6934, 6983, 7032, 7171, 7220, 7269, 7408, 7457, 7506, 7645, 7694, 7743, 7882, 7931, 7980, 8119, 8168, 8217, 8356, 8405, 8454, 8593, 8642, 8691, 8830, 8879, 8928, 9067, 9116, 9165, 9304, 9353, 9402, 9541, 9590, 9639, 9778, 9827, 9876, 10015, 10064, 10113, 10252, 10301, 10350, 10489, 10538, 10587, 10726, 10775, 10824, 10963, 11012, 11061, 11200, 11249, 11298, 11437, 11486, 11535, 11674, 11723, 11772, 11911, 11960, 12009, 12148, 12197, 12246, 12385, 12434, 12483, 12622, 12671, 12720, 12859, 12908, 12957, 13096, 13145, 13194, 13333, 13382, 13431, 13570, 13619, 13668, 13807, 13856, 13905, 14044, 14093, 14142]"
B4_RESPONSE_SVD,8,0.01,64,8,per_prompt,actual_d,primary,3,"[0, 1, 2]",180,10,MATCHES_B0_EXACTLY,"[62, 111, 160, 299, 348, 397, 536, 585, 634, 773, 822, 871, 1010, 1059, 1108, 1247, 1296, 1345, 1484, 1533, 1582, 1721, 1770, 1819, 1958, 2007, 2056, 2195, 2244, 2293, 2432, 2481, 2530, 2669, 2718, 2767, 2906, 2955, 3004, 3143, 3192, 3241, 3380, 3429, 3478, 3617, 3666, 3715, 3854, 3903, 3952, 4091, 4140, 4189, 4328, 4377, 4426, 4565, 4614, 4663, 4802, 4851, 4900, 5039, 5088, 5137, 5276, 5325, 5374, 5513, 5562, 5611, 5750, 5799, 5848, 5987, 6036, 6085, 6224, 6273, 6322, 6461, 6510, 6559, 6698, 6747, 6796, 6935, 6984, 7033, 7172, 7221, 7270, 7409, 7458, 7507, 7646, 7695, 7744, 7883, 7932, 7981, 8120, 8169, 8218, 8357, 8406, 8455, 8594, 8643, 8692, 8831, 8880, 8929, 9068, 9117, 9166, 9305, 9354, 9403, 9542, 9591, 9640, 9779, 9828, 9877, 10016, 10065, 10114, 10253, 10302, 10351, 10490, 10539, 10588, 10727, 10776, 10825, 10964, 11013, 11062, 11201, 11250, 11299, 11438, 11487, 11536, 11675, 11724, 11773, 11912, 11961, 12010, 12149, 12198, 12247, 12386, 12435, 12484, 12623, 12672, 12721, 12860, 12909, 12958, 13097, 13146, 13195, 13334, 13383, 13432, 13571, 13620, 13669, 13808, 13857, 13906, 14045, 14094, 14143]"
B4_RESPONSE_SVD,16,0.01,64,8,per_prompt,actual_d,primary,3,"[0, 1, 2]",180,10,MATCHES_B0_EXACTLY,"[63, 112, 161, 300, 349, 398, 537, 586, 635, 774, 823, 872, 1011, 1060, 1109, 1248, 1297, 1346, 1485, 1534, 1583, 1722, 1771, 1820, 1959, 2008, 2057, 2196, 2245, 2294, 2433, 2482, 2531, 2670, 2719, 2768, 2907, 2956, 3005, 3144, 3193, 3242, 3381, 3430, 3479, 3618, 3667, 3716, 3855, 3904, 3953, 4092, 4141, 4190, 4329, 4378, 4427, 4566, 4615, 4664, 4803, 4852, 4901, 5040, 5089, 5138, 5277, 5326, 5375, 5514, 5563, 5612, 5751, 5800, 5849, 5988, 6037, 6086, 6225, 6274, 6323, 6462, 6511, 6560, 6699, 6748, 6797, 6936, 6985, 7034, 7173, 7222, 7271, 7410, 7459, 7508, 7647, 7696, 7745, 7884, 7933, 7982, 8121, 8170, 8219, 8358, 8407, 8456, 8595, 8644, 8693, 8832, 8881, 8930, 9069, 9118, 9167, 9306, 9355, 9404, 9543, 9592, 9641, 9780, 9829, 9878, 10017, 10066, 10115, 10254, 10303, 10352, 10491, 10540, 10589, 10728, 10777, 10826, 10965, 11014, 11063, 11202, 11251, 11300, 11439, 11488, 11537, 11676, 11725, 11774, 11913, 11962, 12011, 12150, 12199, 12248, 12387, 12436, 12485, 12624, 12673, 12722, 12861, 12910, 12959, 13098, 13147, 13196, 13335, 13384, 13433, 13572, 13621, 13670, 13809, 13858, 13907, 14046, 14095, 14144]"
B4_RESPONSE_SVD,FULL,0.01,64,8,per_prompt,actual_d,primary,3,"[0, 1, 2]",180,10,MATCHES_B0_EXACTLY,"[64, 113, 162, 301, 350, 399, 538, 587, 636, 775, 824, 873, 1012, 1061, 1110, 1249, 1298, 1347, 1486, 1535, 1584, 1723, 1772, 1821, 1960, 2009, 2058, 2197, 2246, 2295, 2434, 2483, 2532, 2671, 2720, 2769, 2908, 2957, 3006, 3145, 3194, 3243, 3382, 3431, 3480, 3619, 3668, 3717, 3856, 3905, 3954, 4093, 4142, 4191, 4330, 4379, 4428, 4567, 4616, 4665, 4804, 4853, 4902, 5041, 5090, 5139, 5278, 5327, 5376, 5515, 5564, 5613, 5752, 5801, 5850, 5989, 6038, 6087, 6226, 6275, 6324, 6463, 6512, 6561, 6700, 6749, 6798, 6937, 6986, 7035, 7174, 7223, 7272, 7411, 7460, 7509, 7648, 7697, 7746, 7885, 7934, 7983, 8122, 8171, 8220, 8359, 8408, 8457, 8596, 8645, 8694, 8833, 8882, 8931, 9070, 9119, 9168, 9307, 9356, 9405, 9544, 9593, 9642, 9781, 9830, 9879, 10018, 10067, 10116, 10255, 10304, 10353, 10492, 10541, 10590, 10729, 10778, 10827, 10966, 11015, 11064, 11203, 11252, 11301, 11440, 11489, 11538, 11677, 11726, 11775, 11914, 11963, 12012, 12151, 12200, 12249, 12388, 12437, 12486, 12625, 12674, 12723, 12862, 12911, 12960, 13099, 13148, 13197, 13336, 13385, 13434, 13573, 13622, 13671, 13810, 13859, 13908, 14047, 14096, 14145]"
B5_WORST_GROUP_RANK,0,0.0,64,8,per_prompt,actual_d,primary,3,"[0, 1, 2]",180,10,MATCHES_B0_EXACTLY,"[65, 114, 163, 302, 351, 400, 539, 588, 637, 776, 825, 874, 1013, 1062, 1111, 1250, 1299, 1348, 1487, 1536, 1585, 1724, 1773, 1822, 1961, 2010, 2059, 2198, 2247, 2296, 2435, 2484, 2533, 2672, 2721, 2770, 2909, 2958, 3007, 3146, 3195, 3244, 3383, 3432, 3481, 3620, 3669, 3718, 3857, 3906, 3955, 4094, 4143, 4192, 4331, 4380, 4429, 4568, 4617, 4666, 4805, 4854, 4903, 5042, 5091, 5140, 5279, 5328, 5377, 5516, 5565, 5614, 5753, 5802, 5851, 5990, 6039, 6088, 6227, 6276, 6325, 6464, 6513, 6562, 6701, 6750, 6799, 6938, 6987, 7036, 7175, 7224, 7273, 7412, 7461, 7510, 7649, 7698, 7747, 7886, 7935, 7984, 8123, 8172, 8221, 8360, 8409, 8458, 8597, 8646, 8695, 8834, 8883, 8932, 9071, 9120, 9169, 9308, 9357, 9406, 9545, 9594, 9643, 9782, 9831, 9880, 10019, 10068, 10117, 10256, 10305, 10354, 10493, 10542, 10591, 10730, 10779, 10828, 10967, 11016, 11065, 11204, 11253, 11302, 11441, 11490, 11539, 11678, 11727, 11776, 11915, 11964, 12013, 12152, 12201, 12250, 12389, 12438, 12487, 12626, 12675, 12724, 12863, 12912, 12961, 13100, 13149, 13198, 13337, 13386, 13435, 13574, 13623, 13672, 13811, 13860, 13909, 14048, 14097, 14146]"
B5_WORST_GROUP_RANK,0,0.0,64,8,per_prompt,actual_d,robust,5,"[0, 1, 2, 3, 4]",300,10,MATCHES_B0_EXACTLY,"[65, 114, 163, 211, 215, 302, 351, 400, 448, 452, 539, 588, 637, 685, 689, 776, 825, 874, 922, 926, 1013, 1062, 1111, 1159, 1163, 1250, 1299, 1348, 1396, 1400, 1487, 1536, 1585, 1633, 1637, 1724, 1773, 1822, 1870, 1874, 1961, 2010, 2059, 2107, 2111, 2198, 2247, 2296, 2344, 2348, 2435, 2484, 2533, 2581, 2585, 2672, 2721, 2770, 2818, 2822, 2909, 2958, 3007, 3055, 3059, 3146, 3195, 3244, 3292, 3296, 3383, 3432, 3481, 3529, 3533, 3620, 3669, 3718, 3766, 3770, 3857, 3906, 3955, 4003, 4007, 4094, 4143, 4192, 4240, 4244, 4331, 4380, 4429, 4477, 4481, 4568, 4617, 4666, 4714, 4718, 4805, 4854, 4903, 4951, 4955, 5042, 5091, 5140, 5188, 5192, 5279, 5328, 5377, 5425, 5429, 5516, 5565, 5614, 5662, 5666, 5753, 5802, 5851, 5899, 5903, 5990, 6039, 6088, 6136, 6140, 6227, 6276, 6325, 6373, 6377, 6464, 6513, 6562, 6610, 6614, 6701, 6750, 6799, 6847, 6851, 6938, 6987, 7036, 7084, 7088, 7175, 7224, 7273, 7321, 7325, 7412, 7461, 7510, 7558, 7562, 7649, 7698, 7747, 7795, 7799, 7886, 7935, 7984, 8032, 8036, 8123, 8172, 8221, 8269, 8273, 8360, 8409, 8458, 8506, 8510, 8597, 8646, 8695, 8743, 8747, 8834, 8883, 8932, 8980, 8984, 9071, 9120, 9169, 9217, 9221, 9308, 9357, 9406, 9454, 9458, 9545, 9594, 9643, 9691, 9695, 9782, 9831, 9880, 9928, 9932, 10019, 10068, 10117, 10165, 10169, 10256, 10305, 10354, 10402, 10406, 10493, 10542, 10591, 10639, 10643, 10730, 10779, 10828, 10876, 10880, 10967, 11016, 11065, 11113, 11117, 11204, 11253, 11302, 11350, 11354, 11441, 11490, 11539, 11587, 11591, 11678, 11727, 11776, 11824, 11828, 11915, 11964, 12013, 12061, 12065, 12152, 12201, 12250, 12298, 12302, 12389, 12438, 12487, 12535, 12539, 12626, 12675, 12724, 12772, 12776, 12863, 12912, 12961, 13009, 13013, 13100, 13149, 13198, 13246, 13250, 13337, 13386, 13435, 13483, 13487, 13574, 13623, 13672, 13720, 13724, 13811, 13860, 13909, 13957, 13961, 14048, 14097, 14146, 14194, 14198]"
B5_WORST_GROUP_RANK,1,0.01,64,8,per_prompt,actual_d,primary,3,"[0, 1, 2]",180,10,MATCHES_B0_EXACTLY,"[66, 115, 164, 303, 352, 401, 540, 589, 638, 777, 826, 875, 1014, 1063, 1112, 1251, 1300, 1349, 1488, 1537, 1586, 1725, 1774, 1823, 1962, 2011, 2060, 2199, 2248, 2297, 2436, 2485, 2534, 2673, 2722, 2771, 2910, 2959, 3008, 3147, 3196, 3245, 3384, 3433, 3482, 3621, 3670, 3719, 3858, 3907, 3956, 4095, 4144, 4193, 4332, 4381, 4430, 4569, 4618, 4667, 4806, 4855, 4904, 5043, 5092, 5141, 5280, 5329, 5378, 5517, 5566, 5615, 5754, 5803, 5852, 5991, 6040, 6089, 6228, 6277, 6326, 6465, 6514, 6563, 6702, 6751, 6800, 6939, 6988, 7037, 7176, 7225, 7274, 7413, 7462, 7511, 7650, 7699, 7748, 7887, 7936, 7985, 8124, 8173, 8222, 8361, 8410, 8459, 8598, 8647, 8696, 8835, 8884, 8933, 9072, 9121, 9170, 9309, 9358, 9407, 9546, 9595, 9644, 9783, 9832, 9881, 10020, 10069, 10118, 10257, 10306, 10355, 10494, 10543, 10592, 10731, 10780, 10829, 10968, 11017, 11066, 11205, 11254, 11303, 11442, 11491, 11540, 11679, 11728, 11777, 11916, 11965, 12014, 12153, 12202, 12251, 12390, 12439, 12488, 12627, 12676, 12725, 12864, 12913, 12962, 13101, 13150, 13199, 13338, 13387, 13436, 13575, 13624, 13673, 13812, 13861, 13910, 14049, 14098, 14147]"
B5_WORST_GROUP_RANK,2,0.01,64,8,per_prompt,actual_d,primary,3,"[0, 1, 2]",180,10,MATCHES_B0_EXACTLY,"[67, 116, 165, 304, 353, 402, 541, 590, 639, 778, 827, 876, 1015, 1064, 1113, 1252, 1301, 1350, 1489, 1538, 1587, 1726, 1775, 1824, 1963, 2012, 2061, 2200, 2249, 2298, 2437, 2486, 2535, 2674, 2723, 2772, 2911, 2960, 3009, 3148, 3197, 3246, 3385, 3434, 3483, 3622, 3671, 3720, 3859, 3908, 3957, 4096, 4145, 4194, 4333, 4382, 4431, 4570, 4619, 4668, 4807, 4856, 4905, 5044, 5093, 5142, 5281, 5330, 5379, 5518, 5567, 5616, 5755, 5804, 5853, 5992, 6041, 6090, 6229, 6278, 6327, 6466, 6515, 6564, 6703, 6752, 6801, 6940, 6989, 7038, 7177, 7226, 7275, 7414, 7463, 7512, 7651, 7700, 7749, 7888, 7937, 7986, 8125, 8174, 8223, 8362, 8411, 8460, 8599, 8648, 8697, 8836, 8885, 8934, 9073, 9122, 9171, 9310, 9359, 9408, 9547, 9596, 9645, 9784, 9833, 9882, 10021, 10070, 10119, 10258, 10307, 10356, 10495, 10544, 10593, 10732, 10781, 10830, 10969, 11018, 11067, 11206, 11255, 11304, 11443, 11492, 11541, 11680, 11729, 11778, 11917, 11966, 12015, 12154, 12203, 12252, 12391, 12440, 12489, 12628, 12677, 12726, 12865, 12914, 12963, 13102, 13151, 13200, 13339, 13388, 13437, 13576, 13625, 13674, 13813, 13862, 13911, 14050, 14099, 14148]"
B5_WORST_GROUP_RANK,4,0.01,64,8,per_prompt,actual_d,primary,3,"[0, 1, 2]",180,10,MATCHES_B0_EXACTLY,"[68, 117, 166, 305, 354, 403, 542, 591, 640, 779, 828, 877, 1016, 1065, 1114, 1253, 1302, 1351, 1490, 1539, 1588, 1727, 1776, 1825, 1964, 2013, 2062, 2201, 2250, 2299, 2438, 2487, 2536, 2675, 2724, 2773, 2912, 2961, 3010, 3149, 3198, 3247, 3386, 3435, 3484, 3623, 3672, 3721, 3860, 3909, 3958, 4097, 4146, 4195, 4334, 4383, 4432, 4571, 4620, 4669, 4808, 4857, 4906, 5045, 5094, 5143, 5282, 5331, 5380, 5519, 5568, 5617, 5756, 5805, 5854, 5993, 6042, 6091, 6230, 6279, 6328, 6467, 6516, 6565, 6704, 6753, 6802, 6941, 6990, 7039, 7178, 7227, 7276, 7415, 7464, 7513, 7652, 7701, 7750, 7889, 7938, 7987, 8126, 8175, 8224, 8363, 8412, 8461, 8600, 8649, 8698, 8837, 8886, 8935, 9074, 9123, 9172, 9311, 9360, 9409, 9548, 9597, 9646, 9785, 9834, 9883, 10022, 10071, 10120, 10259, 10308, 10357, 10496, 10545, 10594, 10733, 10782, 10831, 10970, 11019, 11068, 11207, 11256, 11305, 11444, 11493, 11542, 11681, 11730, 11779, 11918, 11967, 12016, 12155, 12204, 12253, 12392, 12441, 12490, 12629, 12678, 12727, 12866, 12915, 12964, 13103, 13152, 13201, 13340, 13389, 13438, 13577, 13626, 13675, 13814, 13863, 13912, 14051, 14100, 14149]"
B5_WORST_GROUP_RANK,8,0.01,64,8,per_prompt,actual_d,primary,3,"[0, 1, 2]",180,10,MATCHES_B0_EXACTLY,"[69, 118, 167, 306, 355, 404, 543, 592, 641, 780, 829, 878, 1017, 1066, 1115, 1254, 1303, 1352, 1491, 1540, 1589, 1728, 1777, 1826, 1965, 2014, 2063, 2202, 2251, 2300, 2439, 2488, 2537, 2676, 2725, 2774, 2913, 2962, 3011, 3150, 3199, 3248, 3387, 3436, 3485, 3624, 3673, 3722, 3861, 3910, 3959, 4098, 4147, 4196, 4335, 4384, 4433, 4572, 4621, 4670, 4809, 4858, 4907, 5046, 5095, 5144, 5283, 5332, 5381, 5520, 5569, 5618, 5757, 5806, 5855, 5994, 6043, 6092, 6231, 6280, 6329, 6468, 6517, 6566, 6705, 6754, 6803, 6942, 6991, 7040, 7179, 7228, 7277, 7416, 7465, 7514, 7653, 7702, 7751, 7890, 7939, 7988, 8127, 8176, 8225, 8364, 8413, 8462, 8601, 8650, 8699, 8838, 8887, 8936, 9075, 9124, 9173, 9312, 9361, 9410, 9549, 9598, 9647, 9786, 9835, 9884, 10023, 10072, 10121, 10260, 10309, 10358, 10497, 10546, 10595, 10734, 10783, 10832, 10971, 11020, 11069, 11208, 11257, 11306, 11445, 11494, 11543, 11682, 11731, 11780, 11919, 11968, 12017, 12156, 12205, 12254, 12393, 12442, 12491, 12630, 12679, 12728, 12867, 12916, 12965, 13104, 13153, 13202, 13341, 13390, 13439, 13578, 13627, 13676, 13815, 13864, 13913, 14052, 14101, 14150]"
B5_WORST_GROUP_RANK,16,0.01,64,8,per_prompt,actual_d,primary,3,"[0, 1, 2]",180,10,MATCHES_B0_EXACTLY,"[70, 119, 168, 307, 356, 405, 544, 593, 642, 781, 830, 879, 1018, 1067, 1116, 1255, 1304, 1353, 1492, 1541, 1590, 1729, 1778, 1827, 1966, 2015, 2064, 2203, 2252, 2301, 2440, 2489, 2538, 2677, 2726, 2775, 2914, 2963, 3012, 3151, 3200, 3249, 3388, 3437, 3486, 3625, 3674, 3723, 3862, 3911, 3960, 4099, 4148, 4197, 4336, 4385, 4434, 4573, 4622, 4671, 4810, 4859, 4908, 5047, 5096, 5145, 5284, 5333, 5382, 5521, 5570, 5619, 5758, 5807, 5856, 5995, 6044, 6093, 6232, 6281, 6330, 6469, 6518, 6567, 6706, 6755, 6804, 6943, 6992, 7041, 7180, 7229, 7278, 7417, 7466, 7515, 7654, 7703, 7752, 7891, 7940, 7989, 8128, 8177, 8226, 8365, 8414, 8463, 8602, 8651, 8700, 8839, 8888, 8937, 9076, 9125, 9174, 9313, 9362, 9411, 9550, 9599, 9648, 9787, 9836, 9885, 10024, 10073, 10122, 10261, 10310, 10359, 10498, 10547, 10596, 10735, 10784, 10833, 10972, 11021, 11070, 11209, 11258, 11307, 11446, 11495, 11544, 11683, 11732, 11781, 11920, 11969, 12018, 12157, 12206, 12255, 12394, 12443, 12492, 12631, 12680, 12729, 12868, 12917, 12966, 13105, 13154, 13203, 13342, 13391, 13440, 13579, 13628, 13677, 13816, 13865, 13914, 14053, 14102, 14151]"
B5_WORST_GROUP_RANK,FULL,0.01,64,8,per_prompt,actual_d,primary,3,"[0, 1, 2]",180,10,MATCHES_B0_EXACTLY,"[71, 120, 169, 308, 357, 406, 545, 594, 643, 782, 831, 880, 1019, 1068, 1117, 1256, 1305, 1354, 1493, 1542, 1591, 1730, 1779, 1828, 1967, 2016, 2065, 2204, 2253, 2302, 2441, 2490, 2539, 2678, 2727, 2776, 2915, 2964, 3013, 3152, 3201, 3250, 3389, 3438, 3487, 3626, 3675, 3724, 3863, 3912, 3961, 4100, 4149, 4198, 4337, 4386, 4435, 4574, 4623, 4672, 4811, 4860, 4909, 5048, 5097, 5146, 5285, 5334, 5383, 5522, 5571, 5620, 5759, 5808, 5857, 5996, 6045, 6094, 6233, 6282, 6331, 6470, 6519, 6568, 6707, 6756, 6805, 6944, 6993, 7042, 7181, 7230, 7279, 7418, 7467, 7516, 7655, 7704, 7753, 7892, 7941, 7990, 8129, 8178, 8227, 8366, 8415, 8464, 8603, 8652, 8701, 8840, 8889, 8938, 9077, 9126, 9175, 9314, 9363, 9412, 9551, 9600, 9649, 9788, 9837, 9886, 10025, 10074, 10123, 10262, 10311, 10360, 10499, 10548, 10597, 10736, 10785, 10834, 10973, 11022, 11071, 11210, 11259, 11308, 11447, 11496, 11545, 11684, 11733, 11782, 11921, 11970, 12019, 12158, 12207, 12256, 12395, 12444, 12493, 12632, 12681, 12730, 12869, 12918, 12967, 13106, 13155, 13204, 13343, 13392, 13441, 13580, 13629, 13678, 13817, 13866, 13915, 14054, 14103, 14152]"
B6_FULL_Q_RIDGE,FULL,0.01,64,8,per_prompt,actual_d,primary,3,"[0, 1, 2]",180,10,MATCHES_B0_EXACTLY,"[72, 121, 170, 309, 358, 407, 546, 595, 644, 783, 832, 881, 1020, 1069, 1118, 1257, 1306, 1355, 1494, 1543, 1592, 1731, 1780, 1829, 1968, 2017, 2066, 2205, 2254, 2303, 2442, 2491, 2540, 2679, 2728, 2777, 2916, 2965, 3014, 3153, 3202, 3251, 3390, 3439, 3488, 3627, 3676, 3725, 3864, 3913, 3962, 4101, 4150, 4199, 4338, 4387, 4436, 4575, 4624, 4673, 4812, 4861, 4910, 5049, 5098, 5147, 5286, 5335, 5384, 5523, 5572, 5621, 5760, 5809, 5858, 5997, 6046, 6095, 6234, 6283, 6332, 6471, 6520, 6569, 6708, 6757, 6806, 6945, 6994, 7043, 7182, 7231, 7280, 7419, 7468, 7517, 7656, 7705, 7754, 7893, 7942, 7991, 8130, 8179, 8228, 8367, 8416, 8465, 8604, 8653, 8702, 8841, 8890, 8939, 9078, 9127, 9176, 9315, 9364, 9413, 9552, 9601, 9650, 9789, 9838, 9887, 10026, 10075, 10124, 10263, 10312, 10361, 10500, 10549, 10598, 10737, 10786, 10835, 10974, 11023, 11072, 11211, 11260, 11309, 11448, 11497, 11546, 11685, 11734, 11783, 11922, 11971, 12020, 12159, 12208, 12257, 12396, 12445, 12494, 12633, 12682, 12731, 12870, 12919, 12968, 13107, 13156, 13205, 13344, 13393, 13442, 13581, 13630, 13679, 13818, 13867, 13916, 14055, 14104, 14153]"
B6_FULL_Q_RIDGE,FULL,0.01,64,8,per_prompt,actual_d,robust,5,"[0, 1, 2, 3, 4]",300,10,MATCHES_B0_EXACTLY,"[72, 121, 170, 210, 214, 309, 358, 407, 447, 451, 546, 595, 644, 684, 688, 783, 832, 881, 921, 925, 1020, 1069, 1118, 1158, 1162, 1257, 1306, 1355, 1395, 1399, 1494, 1543, 1592, 1632, 1636, 1731, 1780, 1829, 1869, 1873, 1968, 2017, 2066, 2106, 2110, 2205, 2254, 2303, 2343, 2347, 2442, 2491, 2540, 2580, 2584, 2679, 2728, 2777, 2817, 2821, 2916, 2965, 3014, 3054, 3058, 3153, 3202, 3251, 3291, 3295, 3390, 3439, 3488, 3528, 3532, 3627, 3676, 3725, 3765, 3769, 3864, 3913, 3962, 4002, 4006, 4101, 4150, 4199, 4239, 4243, 4338, 4387, 4436, 4476, 4480, 4575, 4624, 4673, 4713, 4717, 4812, 4861, 4910, 4950, 4954, 5049, 5098, 5147, 5187, 5191, 5286, 5335, 5384, 5424, 5428, 5523, 5572, 5621, 5661, 5665, 5760, 5809, 5858, 5898, 5902, 5997, 6046, 6095, 6135, 6139, 6234, 6283, 6332, 6372, 6376, 6471, 6520, 6569, 6609, 6613, 6708, 6757, 6806, 6846, 6850, 6945, 6994, 7043, 7083, 7087, 7182, 7231, 7280, 7320, 7324, 7419, 7468, 7517, 7557, 7561, 7656, 7705, 7754, 7794, 7798, 7893, 7942, 7991, 8031, 8035, 8130, 8179, 8228, 8268, 8272, 8367, 8416, 8465, 8505, 8509, 8604, 8653, 8702, 8742, 8746, 8841, 8890, 8939, 8979, 8983, 9078, 9127, 9176, 9216, 9220, 9315, 9364, 9413, 9453, 9457, 9552, 9601, 9650, 9690, 9694, 9789, 9838, 9887, 9927, 9931, 10026, 10075, 10124, 10164, 10168, 10263, 10312, 10361, 10401, 10405, 10500, 10549, 10598, 10638, 10642, 10737, 10786, 10835, 10875, 10879, 10974, 11023, 11072, 11112, 11116, 11211, 11260, 11309, 11349, 11353, 11448, 11497, 11546, 11586, 11590, 11685, 11734, 11783, 11823, 11827, 11922, 11971, 12020, 12060, 12064, 12159, 12208, 12257, 12297, 12301, 12396, 12445, 12494, 12534, 12538, 12633, 12682, 12731, 12771, 12775, 12870, 12919, 12968, 13008, 13012, 13107, 13156, 13205, 13245, 13249, 13344, 13393, 13442, 13482, 13486, 13581, 13630, 13679, 13719, 13723, 13818, 13867, 13916, 13956, 13960, 14055, 14104, 14153, 14193, 14197]"
O0_FULL_J_ORACLE,FULL,0.0,64,8,per_prompt,actual_d,primary,3,"[0, 1, 2]",180,10,MATCHES_B0_EXACTLY,"[73, 122, 171, 310, 359, 408, 547, 596, 645, 784, 833, 882, 1021, 1070, 1119, 1258, 1307, 1356, 1495, 1544, 1593, 1732, 1781, 1830, 1969, 2018, 2067, 2206, 2255, 2304, 2443, 2492, 2541, 2680, 2729, 2778, 2917, 2966, 3015, 3154, 3203, 3252, 3391, 3440, 3489, 3628, 3677, 3726, 3865, 3914, 3963, 4102, 4151, 4200, 4339, 4388, 4437, 4576, 4625, 4674, 4813, 4862, 4911, 5050, 5099, 5148, 5287, 5336, 5385, 5524, 5573, 5622, 5761, 5810, 5859, 5998, 6047, 6096, 6235, 6284, 6333, 6472, 6521, 6570, 6709, 6758, 6807, 6946, 6995, 7044, 7183, 7232, 7281, 7420, 7469, 7518, 7657, 7706, 7755, 7894, 7943, 7992, 8131, 8180, 8229, 8368, 8417, 8466, 8605, 8654, 8703, 8842, 8891, 8940, 9079, 9128, 9177, 9316, 9365, 9414, 9553, 9602, 9651, 9790, 9839, 9888, 10027, 10076, 10125, 10264, 10313, 10362, 10501, 10550, 10599, 10738, 10787, 10836, 10975, 11024, 11073, 11212, 11261, 11310, 11449, 11498, 11547, 11686, 11735, 11784, 11923, 11972, 12021, 12160, 12209, 12258, 12397, 12446, 12495, 12634, 12683, 12732, 12871, 12920, 12969, 13108, 13157, 13206, 13345, 13394, 13443, 13582, 13631, 13680, 13819, 13868, 13917, 14056, 14105, 14154]"
O1_JQ_SVD_ORACLE,0,0.0,64,8,per_prompt,actual_d,primary,3,"[0, 1, 2]",180,10,MATCHES_B0_EXACTLY,"[74, 123, 172, 311, 360, 409, 548, 597, 646, 785, 834, 883, 1022, 1071, 1120, 1259, 1308, 1357, 1496, 1545, 1594, 1733, 1782, 1831, 1970, 2019, 2068, 2207, 2256, 2305, 2444, 2493, 2542, 2681, 2730, 2779, 2918, 2967, 3016, 3155, 3204, 3253, 3392, 3441, 3490, 3629, 3678, 3727, 3866, 3915, 3964, 4103, 4152, 4201, 4340, 4389, 4438, 4577, 4626, 4675, 4814, 4863, 4912, 5051, 5100, 5149, 5288, 5337, 5386, 5525, 5574, 5623, 5762, 5811, 5860, 5999, 6048, 6097, 6236, 6285, 6334, 6473, 6522, 6571, 6710, 6759, 6808, 6947, 6996, 7045, 7184, 7233, 7282, 7421, 7470, 7519, 7658, 7707, 7756, 7895, 7944, 7993, 8132, 8181, 8230, 8369, 8418, 8467, 8606, 8655, 8704, 8843, 8892, 8941, 9080, 9129, 9178, 9317, 9366, 9415, 9554, 9603, 9652, 9791, 9840, 9889, 10028, 10077, 10126, 10265, 10314, 10363, 10502, 10551, 10600, 10739, 10788, 10837, 10976, 11025, 11074, 11213, 11262, 11311, 11450, 11499, 11548, 11687, 11736, 11785, 11924, 11973, 12022, 12161, 12210, 12259, 12398, 12447, 12496, 12635, 12684, 12733, 12872, 12921, 12970, 13109, 13158, 13207, 13346, 13395, 13444, 13583, 13632, 13681, 13820, 13869, 13918, 14057, 14106, 14155]"
O1_JQ_SVD_ORACLE,1,0.0,64,8,per_prompt,actual_d,primary,3,"[0, 1, 2]",180,10,MATCHES_B0_EXACTLY,"[75, 124, 173, 312, 361, 410, 549, 598, 647, 786, 835, 884, 1023, 1072, 1121, 1260, 1309, 1358, 1497, 1546, 1595, 1734, 1783, 1832, 1971, 2020, 2069, 2208, 2257, 2306, 2445, 2494, 2543, 2682, 2731, 2780, 2919, 2968, 3017, 3156, 3205, 3254, 3393, 3442, 3491, 3630, 3679, 3728, 3867, 3916, 3965, 4104, 4153, 4202, 4341, 4390, 4439, 4578, 4627, 4676, 4815, 4864, 4913, 5052, 5101, 5150, 5289, 5338, 5387, 5526, 5575, 5624, 5763, 5812, 5861, 6000, 6049, 6098, 6237, 6286, 6335, 6474, 6523, 6572, 6711, 6760, 6809, 6948, 6997, 7046, 7185, 7234, 7283, 7422, 7471, 7520, 7659, 7708, 7757, 7896, 7945, 7994, 8133, 8182, 8231, 8370, 8419, 8468, 8607, 8656, 8705, 8844, 8893, 8942, 9081, 9130, 9179, 9318, 9367, 9416, 9555, 9604, 9653, 9792, 9841, 9890, 10029, 10078, 10127, 10266, 10315, 10364, 10503, 10552, 10601, 10740, 10789, 10838, 10977, 11026, 11075, 11214, 11263, 11312, 11451, 11500, 11549, 11688, 11737, 11786, 11925, 11974, 12023, 12162, 12211, 12260, 12399, 12448, 12497, 12636, 12685, 12734, 12873, 12922, 12971, 13110, 13159, 13208, 13347, 13396, 13445, 13584, 13633, 13682, 13821, 13870, 13919, 14058, 14107, 14156]"
O1_JQ_SVD_ORACLE,2,0.0,64,8,per_prompt,actual_d,primary,3,"[0, 1, 2]",180,10,MATCHES_B0_EXACTLY,"[76, 125, 174, 313, 362, 411, 550, 599, 648, 787, 836, 885, 1024, 1073, 1122, 1261, 1310, 1359, 1498, 1547, 1596, 1735, 1784, 1833, 1972, 2021, 2070, 2209, 2258, 2307, 2446, 2495, 2544, 2683, 2732, 2781, 2920, 2969, 3018, 3157, 3206, 3255, 3394, 3443, 3492, 3631, 3680, 3729, 3868, 3917, 3966, 4105, 4154, 4203, 4342, 4391, 4440, 4579, 4628, 4677, 4816, 4865, 4914, 5053, 5102, 5151, 5290, 5339, 5388, 5527, 5576, 5625, 5764, 5813, 5862, 6001, 6050, 6099, 6238, 6287, 6336, 6475, 6524, 6573, 6712, 6761, 6810, 6949, 6998, 7047, 7186, 7235, 7284, 7423, 7472, 7521, 7660, 7709, 7758, 7897, 7946, 7995, 8134, 8183, 8232, 8371, 8420, 8469, 8608, 8657, 8706, 8845, 8894, 8943, 9082, 9131, 9180, 9319, 9368, 9417, 9556, 9605, 9654, 9793, 9842, 9891, 10030, 10079, 10128, 10267, 10316, 10365, 10504, 10553, 10602, 10741, 10790, 10839, 10978, 11027, 11076, 11215, 11264, 11313, 11452, 11501, 11550, 11689, 11738, 11787, 11926, 11975, 12024, 12163, 12212, 12261, 12400, 12449, 12498, 12637, 12686, 12735, 12874, 12923, 12972, 13111, 13160, 13209, 13348, 13397, 13446, 13585, 13634, 13683, 13822, 13871, 13920, 14059, 14108, 14157]"
O1_JQ_SVD_ORACLE,4,0.0,64,8,per_prompt,actual_d,primary,3,"[0, 1, 2]",180,10,MATCHES_B0_EXACTLY,"[77, 126, 175, 314, 363, 412, 551, 600, 649, 788, 837, 886, 1025, 1074, 1123, 1262, 1311, 1360, 1499, 1548, 1597, 1736, 1785, 1834, 1973, 2022, 2071, 2210, 2259, 2308, 2447, 2496, 2545, 2684, 2733, 2782, 2921, 2970, 3019, 3158, 3207, 3256, 3395, 3444, 3493, 3632, 3681, 3730, 3869, 3918, 3967, 4106, 4155, 4204, 4343, 4392, 4441, 4580, 4629, 4678, 4817, 4866, 4915, 5054, 5103, 5152, 5291, 5340, 5389, 5528, 5577, 5626, 5765, 5814, 5863, 6002, 6051, 6100, 6239, 6288, 6337, 6476, 6525, 6574, 6713, 6762, 6811, 6950, 6999, 7048, 7187, 7236, 7285, 7424, 7473, 7522, 7661, 7710, 7759, 7898, 7947, 7996, 8135, 8184, 8233, 8372, 8421, 8470, 8609, 8658, 8707, 8846, 8895, 8944, 9083, 9132, 9181, 9320, 9369, 9418, 9557, 9606, 9655, 9794, 9843, 9892, 10031, 10080, 10129, 10268, 10317, 10366, 10505, 10554, 10603, 10742, 10791, 10840, 10979, 11028, 11077, 11216, 11265, 11314, 11453, 11502, 11551, 11690, 11739, 11788, 11927, 11976, 12025, 12164, 12213, 12262, 12401, 12450, 12499, 12638, 12687, 12736, 12875, 12924, 12973, 13112, 13161, 13210, 13349, 13398, 13447, 13586, 13635, 13684, 13823, 13872, 13921, 14060, 14109, 14158]"
O1_JQ_SVD_ORACLE,8,0.0,64,8,per_prompt,actual_d,primary,3,"[0, 1, 2]",180,10,MATCHES_B0_EXACTLY,"[78, 127, 176, 315, 364, 413, 552, 601, 650, 789, 838, 887, 1026, 1075, 1124, 1263, 1312, 1361, 1500, 1549, 1598, 1737, 1786, 1835, 1974, 2023, 2072, 2211, 2260, 2309, 2448, 2497, 2546, 2685, 2734, 2783, 2922, 2971, 3020, 3159, 3208, 3257, 3396, 3445, 3494, 3633, 3682, 3731, 3870, 3919, 3968, 4107, 4156, 4205, 4344, 4393, 4442, 4581, 4630, 4679, 4818, 4867, 4916, 5055, 5104, 5153, 5292, 5341, 5390, 5529, 5578, 5627, 5766, 5815, 5864, 6003, 6052, 6101, 6240, 6289, 6338, 6477, 6526, 6575, 6714, 6763, 6812, 6951, 7000, 7049, 7188, 7237, 7286, 7425, 7474, 7523, 7662, 7711, 7760, 7899, 7948, 7997, 8136, 8185, 8234, 8373, 8422, 8471, 8610, 8659, 8708, 8847, 8896, 8945, 9084, 9133, 9182, 9321, 9370, 9419, 9558, 9607, 9656, 9795, 9844, 9893, 10032, 10081, 10130, 10269, 10318, 10367, 10506, 10555, 10604, 10743, 10792, 10841, 10980, 11029, 11078, 11217, 11266, 11315, 11454, 11503, 11552, 11691, 11740, 11789, 11928, 11977, 12026, 12165, 12214, 12263, 12402, 12451, 12500, 12639, 12688, 12737, 12876, 12925, 12974, 13113, 13162, 13211, 13350, 13399, 13448, 13587, 13636, 13685, 13824, 13873, 13922, 14061, 14110, 14159]"
O1_JQ_SVD_ORACLE,16,0.0,64,8,per_prompt,actual_d,primary,3,"[0, 1, 2]",180,10,MATCHES_B0_EXACTLY,"[79, 128, 177, 316, 365, 414, 553, 602, 651, 790, 839, 888, 1027, 1076, 1125, 1264, 1313, 1362, 1501, 1550, 1599, 1738, 1787, 1836, 1975, 2024, 2073, 2212, 2261, 2310, 2449, 2498, 2547, 2686, 2735, 2784, 2923, 2972, 3021, 3160, 3209, 3258, 3397, 3446, 3495, 3634, 3683, 3732, 3871, 3920, 3969, 4108, 4157, 4206, 4345, 4394, 4443, 4582, 4631, 4680, 4819, 4868, 4917, 5056, 5105, 5154, 5293, 5342, 5391, 5530, 5579, 5628, 5767, 5816, 5865, 6004, 6053, 6102, 6241, 6290, 6339, 6478, 6527, 6576, 6715, 6764, 6813, 6952, 7001, 7050, 7189, 7238, 7287, 7426, 7475, 7524, 7663, 7712, 7761, 7900, 7949, 7998, 8137, 8186, 8235, 8374, 8423, 8472, 8611, 8660, 8709, 8848, 8897, 8946, 9085, 9134, 9183, 9322, 9371, 9420, 9559, 9608, 9657, 9796, 9845, 9894, 10033, 10082, 10131, 10270, 10319, 10368, 10507, 10556, 10605, 10744, 10793, 10842, 10981, 11030, 11079, 11218, 11267, 11316, 11455, 11504, 11553, 11692, 11741, 11790, 11929, 11978, 12027, 12166, 12215, 12264, 12403, 12452, 12501, 12640, 12689, 12738, 12877, 12926, 12975, 13114, 13163, 13212, 13351, 13400, 13449, 13588, 13637, 13686, 13825, 13874, 13923, 14062, 14111, 14160]"
O1_JQ_SVD_ORACLE,FULL,0.0,64,8,per_prompt,actual_d,primary,3,"[0, 1, 2]",180,10,MATCHES_B0_EXACTLY,"[80, 129, 178, 317, 366, 415, 554, 603, 652, 791, 840, 889, 1028, 1077, 1126, 1265, 1314, 1363, 1502, 1551, 1600, 1739, 1788, 1837, 1976, 2025, 2074, 2213, 2262, 2311, 2450, 2499, 2548, 2687, 2736, 2785, 2924, 2973, 3022, 3161, 3210, 3259, 3398, 3447, 3496, 3635, 3684, 3733, 3872, 3921, 3970, 4109, 4158, 4207, 4346, 4395, 4444, 4583, 4632, 4681, 4820, 4869, 4918, 5057, 5106, 5155, 5294, 5343, 5392, 5531, 5580, 5629, 5768, 5817, 5866, 6005, 6054, 6103, 6242, 6291, 6340, 6479, 6528, 6577, 6716, 6765, 6814, 6953, 7002, 7051, 7190, 7239, 7288, 7427, 7476, 7525, 7664, 7713, 7762, 7901, 7950, 7999, 8138, 8187, 8236, 8375, 8424, 8473, 8612, 8661, 8710, 8849, 8898, 8947, 9086, 9135, 9184, 9323, 9372, 9421, 9560, 9609, 9658, 9797, 9846, 9895, 10034, 10083, 10132, 10271, 10320, 10369, 10508, 10557, 10606, 10745, 10794, 10843, 10982, 11031, 11080, 11219, 11268, 11317, 11456, 11505, 11554, 11693, 11742, 11791, 11930, 11979, 12028, 12167, 12216, 12265, 12404, 12453, 12502, 12641, 12690, 12739, 12878, 12927, 12976, 13115, 13164, 13213, 13352, 13401, 13450, 13589, 13638, 13687, 13826, 13875, 13924, 14063, 14112, 14161]"
B4_ENERGY95,FULL,0.01,64,8,per_prompt,actual_d,primary,3,"[0, 1, 2]",180,10,MATCHES_B0_EXACTLY,"[81, 130, 179, 318, 367, 416, 555, 604, 653, 792, 841, 890, 1029, 1078, 1127, 1266, 1315, 1364, 1503, 1552, 1601, 1740, 1789, 1838, 1977, 2026, 2075, 2214, 2263, 2312, 2451, 2500, 2549, 2688, 2737, 2786, 2925, 2974, 3023, 3162, 3211, 3260, 3399, 3448, 3497, 3636, 3685, 3734, 3873, 3922, 3971, 4110, 4159, 4208, 4347, 4396, 4445, 4584, 4633, 4682, 4821, 4870, 4919, 5058, 5107, 5156, 5295, 5344, 5393, 5532, 5581, 5630, 5769, 5818, 5867, 6006, 6055, 6104, 6243, 6292, 6341, 6480, 6529, 6578, 6717, 6766, 6815, 6954, 7003, 7052, 7191, 7240, 7289, 7428, 7477, 7526, 7665, 7714, 7763, 7902, 7951, 8000, 8139, 8188, 8237, 8376, 8425, 8474, 8613, 8662, 8711, 8850, 8899, 8948, 9087, 9136, 9185, 9324, 9373, 9422, 9561, 9610, 9659, 9798, 9847, 9896, 10035, 10084, 10133, 10272, 10321, 10370, 10509, 10558, 10607, 10746, 10795, 10844, 10983, 11032, 11081, 11220, 11269, 11318, 11457, 11506, 11555, 11694, 11743, 11792, 11931, 11980, 12029, 12168, 12217, 12266, 12405, 12454, 12503, 12642, 12691, 12740, 12879, 12928, 12977, 13116, 13165, 13214, 13353, 13402, 13451, 13590, 13639, 13688, 13827, 13876, 13925, 14064, 14113, 14162]"
B2_FULL_PARAMETER_SKETCH,4,0.01,64,8,per_prompt,actual_d,primary,3,"[0, 1, 2]",180,10,MATCHES_B0_EXACTLY,"[82, 131, 180, 319, 368, 417, 556, 605, 654, 793, 842, 891, 1030, 1079, 1128, 1267, 1316, 1365, 1504, 1553, 1602, 1741, 1790, 1839, 1978, 2027, 2076, 2215, 2264, 2313, 2452, 2501, 2550, 2689, 2738, 2787, 2926, 2975, 3024, 3163, 3212, 3261, 3400, 3449, 3498, 3637, 3686, 3735, 3874, 3923, 3972, 4111, 4160, 4209, 4348, 4397, 4446, 4585, 4634, 4683, 4822, 4871, 4920, 5059, 5108, 5157, 5296, 5345, 5394, 5533, 5582, 5631, 5770, 5819, 5868, 6007, 6056, 6105, 6244, 6293, 6342, 6481, 6530, 6579, 6718, 6767, 6816, 6955, 7004, 7053, 7192, 7241, 7290, 7429, 7478, 7527, 7666, 7715, 7764, 7903, 7952, 8001, 8140, 8189, 8238, 8377, 8426, 8475, 8614, 8663, 8712, 8851, 8900, 8949, 9088, 9137, 9186, 9325, 9374, 9423, 9562, 9611, 9660, 9799, 9848, 9897, 10036, 10085, 10134, 10273, 10322, 10371, 10510, 10559, 10608, 10747, 10796, 10845, 10984, 11033, 11082, 11221, 11270, 11319, 11458, 11507, 11556, 11695, 11744, 11793, 11932, 11981, 12030, 12169, 12218, 12267, 12406, 12455, 12504, 12643, 12692, 12741, 12880, 12929, 12978, 13117, 13166, 13215, 13354, 13403, 13452, 13591, 13640, 13689, 13828, 13877, 13926, 14065, 14114, 14163]"
B5_EXACT_SELECTED_DIAGNOSTIC,1,0.01,64,8,per_prompt,actual_d,primary,3,"[0, 1, 2]",180,10,MATCHES_B0_EXACTLY,"[83, 132, 181, 320, 369, 418, 557, 606, 655, 794, 843, 892, 1031, 1080, 1129, 1268, 1317, 1366, 1505, 1554, 1603, 1742, 1791, 1840, 1979, 2028, 2077, 2216, 2265, 2314, 2453, 2502, 2551, 2690, 2739, 2788, 2927, 2976, 3025, 3164, 3213, 3262, 3401, 3450, 3499, 3638, 3687, 3736, 3875, 3924, 3973, 4112, 4161, 4210, 4349, 4398, 4447, 4586, 4635, 4684, 4823, 4872, 4921, 5060, 5109, 5158, 5297, 5346, 5395, 5534, 5583, 5632, 5771, 5820, 5869, 6008, 6057, 6106, 6245, 6294, 6343, 6482, 6531, 6580, 6719, 6768, 6817, 6956, 7005, 7054, 7193, 7242, 7291, 7430, 7479, 7528, 7667, 7716, 7765, 7904, 7953, 8002, 8141, 8190, 8239, 8378, 8427, 8476, 8615, 8664, 8713, 8852, 8901, 8950, 9089, 9138, 9187, 9326, 9375, 9424, 9563, 9612, 9661, 9800, 9849, 9898, 10037, 10086, 10135, 10274, 10323, 10372, 10511, 10560, 10609, 10748, 10797, 10846, 10985, 11034, 11083, 11222, 11271, 11320, 11459, 11508, 11557, 11696, 11745, 11794, 11933, 11982, 12031, 12170, 12219, 12268, 12407, 12456, 12505, 12644, 12693, 12742, 12881, 12930, 12979, 13118, 13167, 13216, 13355, 13404, 13453, 13592, 13641, 13690, 13829, 13878, 13927, 14066, 14115, 14164]"
B5_EXACT_SELECTED_DIAGNOSTIC,1,0.01,64,8,per_prompt,actual_d,robust,5,"[0, 1, 2, 3, 4]",300,10,MATCHES_B0_EXACTLY,"[83, 132, 181, 212, 216, 320, 369, 418, 449, 453, 557, 606, 655, 686, 690, 794, 843, 892, 923, 927, 1031, 1080, 1129, 1160, 1164, 1268, 1317, 1366, 1397, 1401, 1505, 1554, 1603, 1634, 1638, 1742, 1791, 1840, 1871, 1875, 1979, 2028, 2077, 2108, 2112, 2216, 2265, 2314, 2345, 2349, 2453, 2502, 2551, 2582, 2586, 2690, 2739, 2788, 2819, 2823, 2927, 2976, 3025, 3056, 3060, 3164, 3213, 3262, 3293, 3297, 3401, 3450, 3499, 3530, 3534, 3638, 3687, 3736, 3767, 3771, 3875, 3924, 3973, 4004, 4008, 4112, 4161, 4210, 4241, 4245, 4349, 4398, 4447, 4478, 4482, 4586, 4635, 4684, 4715, 4719, 4823, 4872, 4921, 4952, 4956, 5060, 5109, 5158, 5189, 5193, 5297, 5346, 5395, 5426, 5430, 5534, 5583, 5632, 5663, 5667, 5771, 5820, 5869, 5900, 5904, 6008, 6057, 6106, 6137, 6141, 6245, 6294, 6343, 6374, 6378, 6482, 6531, 6580, 6611, 6615, 6719, 6768, 6817, 6848, 6852, 6956, 7005, 7054, 7085, 7089, 7193, 7242, 7291, 7322, 7326, 7430, 7479, 7528, 7559, 7563, 7667, 7716, 7765, 7796, 7800, 7904, 7953, 8002, 8033, 8037, 8141, 8190, 8239, 8270, 8274, 8378, 8427, 8476, 8507, 8511, 8615, 8664, 8713, 8744, 8748, 8852, 8901, 8950, 8981, 8985, 9089, 9138, 9187, 9218, 9222, 9326, 9375, 9424, 9455, 9459, 9563, 9612, 9661, 9692, 9696, 9800, 9849, 9898, 9929, 9933, 10037, 10086, 10135, 10166, 10170, 10274, 10323, 10372, 10403, 10407, 10511, 10560, 10609, 10640, 10644, 10748, 10797, 10846, 10877, 10881, 10985, 11034, 11083, 11114, 11118, 11222, 11271, 11320, 11351, 11355, 11459, 11508, 11557, 11588, 11592, 11696, 11745, 11794, 11825, 11829, 11933, 11982, 12031, 12062, 12066, 12170, 12219, 12268, 12299, 12303, 12407, 12456, 12505, 12536, 12540, 12644, 12693, 12742, 12773, 12777, 12881, 12930, 12979, 13010, 13014, 13118, 13167, 13216, 13247, 13251, 13355, 13404, 13453, 13484, 13488, 13592, 13641, 13690, 13721, 13725, 13829, 13878, 13927, 13958, 13962, 14066, 14115, 14164, 14195, 14199]"
B0_PERSISTENCE,0,0.0,16,8,per_prompt,actual_d,robust,5,"[0, 1, 2, 3, 4]",300,10,MATCHES_B0_EXACTLY,"[189, 193, 197, 201, 205, 426, 430, 434, 438, 442, 663, 667, 671, 675, 679, 900, 904, 908, 912, 916, 1137, 1141, 1145, 1149, 1153, 1374, 1378, 1382, 1386, 1390, 1611, 1615, 1619, 1623, 1627, 1848, 1852, 1856, 1860, 1864, 2085, 2089, 2093, 2097, 2101, 2322, 2326, 2330, 2334, 2338, 2559, 2563, 2567, 2571, 2575, 2796, 2800, 2804, 2808, 2812, 3033, 3037, 3041, 3045, 3049, 3270, 3274, 3278, 3282, 3286, 3507, 3511, 3515, 3519, 3523, 3744, 3748, 3752, 3756, 3760, 3981, 3985, 3989, 3993, 3997, 4218, 4222, 4226, 4230, 4234, 4455, 4459, 4463, 4467, 4471, 4692, 4696, 4700, 4704, 4708, 4929, 4933, 4937, 4941, 4945, 5166, 5170, 5174, 5178, 5182, 5403, 5407, 5411, 5415, 5419, 5640, 5644, 5648, 5652, 5656, 5877, 5881, 5885, 5889, 5893, 6114, 6118, 6122, 6126, 6130, 6351, 6355, 6359, 6363, 6367, 6588, 6592, 6596, 6600, 6604, 6825, 6829, 6833, 6837, 6841, 7062, 7066, 7070, 7074, 7078, 7299, 7303, 7307, 7311, 7315, 7536, 7540, 7544, 7548, 7552, 7773, 7777, 7781, 7785, 7789, 8010, 8014, 8018, 8022, 8026, 8247, 8251, 8255, 8259, 8263, 8484, 8488, 8492, 8496, 8500, 8721, 8725, 8729, 8733, 8737, 8958, 8962, 8966, 8970, 8974, 9195, 9199, 9203, 9207, 9211, 9432, 9436, 9440, 9444, 9448, 9669, 9673, 9677, 9681, 9685, 9906, 9910, 9914, 9918, 9922, 10143, 10147, 10151, 10155, 10159, 10380, 10384, 10388, 10392, 10396, 10617, 10621, 10625, 10629, 10633, 10854, 10858, 10862, 10866, 10870, 11091, 11095, 11099, 11103, 11107, 11328, 11332, 11336, 11340, 11344, 11565, 11569, 11573, 11577, 11581, 11802, 11806, 11810, 11814, 11818, 12039, 12043, 12047, 12051, 12055, 12276, 12280, 12284, 12288, 12292, 12513, 12517, 12521, 12525, 12529, 12750, 12754, 12758, 12762, 12766, 12987, 12991, 12995, 12999, 13003, 13224, 13228, 13232, 13236, 13240, 13461, 13465, 13469, 13473, 13477, 13698, 13702, 13706, 13710, 13714, 13935, 13939, 13943, 13947, 13951, 14172, 14176, 14180, 14184, 14188]"
B6_FULL_Q_RIDGE,FULL,0.01,16,8,per_prompt,actual_d,robust,5,"[0, 1, 2, 3, 4]",300,10,MATCHES_B0_EXACTLY,"[190, 194, 198, 202, 206, 427, 431, 435, 439, 443, 664, 668, 672, 676, 680, 901, 905, 909, 913, 917, 1138, 1142, 1146, 1150, 1154, 1375, 1379, 1383, 1387, 1391, 1612, 1616, 1620, 1624, 1628, 1849, 1853, 1857, 1861, 1865, 2086, 2090, 2094, 2098, 2102, 2323, 2327, 2331, 2335, 2339, 2560, 2564, 2568, 2572, 2576, 2797, 2801, 2805, 2809, 2813, 3034, 3038, 3042, 3046, 3050, 3271, 3275, 3279, 3283, 3287, 3508, 3512, 3516, 3520, 3524, 3745, 3749, 3753, 3757, 3761, 3982, 3986, 3990, 3994, 3998, 4219, 4223, 4227, 4231, 4235, 4456, 4460, 4464, 4468, 4472, 4693, 4697, 4701, 4705, 4709, 4930, 4934, 4938, 4942, 4946, 5167, 5171, 5175, 5179, 5183, 5404, 5408, 5412, 5416, 5420, 5641, 5645, 5649, 5653, 5657, 5878, 5882, 5886, 5890, 5894, 6115, 6119, 6123, 6127, 6131, 6352, 6356, 6360, 6364, 6368, 6589, 6593, 6597, 6601, 6605, 6826, 6830, 6834, 6838, 6842, 7063, 7067, 7071, 7075, 7079, 7300, 7304, 7308, 7312, 7316, 7537, 7541, 7545, 7549, 7553, 7774, 7778, 7782, 7786, 7790, 8011, 8015, 8019, 8023, 8027, 8248, 8252, 8256, 8260, 8264, 8485, 8489, 8493, 8497, 8501, 8722, 8726, 8730, 8734, 8738, 8959, 8963, 8967, 8971, 8975, 9196, 9200, 9204, 9208, 9212, 9433, 9437, 9441, 9445, 9449, 9670, 9674, 9678, 9682, 9686, 9907, 9911, 9915, 9919, 9923, 10144, 10148, 10152, 10156, 10160, 10381, 10385, 10389, 10393, 10397, 10618, 10622, 10626, 10630, 10634, 10855, 10859, 10863, 10867, 10871, 11092, 11096, 11100, 11104, 11108, 11329, 11333, 11337, 11341, 11345, 11566, 11570, 11574, 11578, 11582, 11803, 11807, 11811, 11815, 11819, 12040, 12044, 12048, 12052, 12056, 12277, 12281, 12285, 12289, 12293, 12514, 12518, 12522, 12526, 12530, 12751, 12755, 12759, 12763, 12767, 12988, 12992, 12996, 13000, 13004, 13225, 13229, 13233, 13237, 13241, 13462, 13466, 13470, 13474, 13478, 13699, 13703, 13707, 13711, 13715, 13936, 13940, 13944, 13948, 13952, 14173, 14177, 14181, 14185, 14189]"
B5_WORST_GROUP_RANK,0,0.0,16,8,per_prompt,actual_d,robust,5,"[0, 1, 2, 3, 4]",300,10,MATCHES_B0_EXACTLY,"[191, 195, 199, 203, 207, 428, 432, 436, 440, 444, 665, 669, 673, 677, 681, 902, 906, 910, 914, 918, 1139, 1143, 1147, 1151, 1155, 1376, 1380, 1384, 1388, 1392, 1613, 1617, 1621, 1625, 1629, 1850, 1854, 1858, 1862, 1866, 2087, 2091, 2095, 2099, 2103, 2324, 2328, 2332, 2336, 2340, 2561, 2565, 2569, 2573, 2577, 2798, 2802, 2806, 2810, 2814, 3035, 3039, 3043, 3047, 3051, 3272, 3276, 3280, 3284, 3288, 3509, 3513, 3517, 3521, 3525, 3746, 3750, 3754, 3758, 3762, 3983, 3987, 3991, 3995, 3999, 4220, 4224, 4228, 4232, 4236, 4457, 4461, 4465, 4469, 4473, 4694, 4698, 4702, 4706, 4710, 4931, 4935, 4939, 4943, 4947, 5168, 5172, 5176, 5180, 5184, 5405, 5409, 5413, 5417, 5421, 5642, 5646, 5650, 5654, 5658, 5879, 5883, 5887, 5891, 5895, 6116, 6120, 6124, 6128, 6132, 6353, 6357, 6361, 6365, 6369, 6590, 6594, 6598, 6602, 6606, 6827, 6831, 6835, 6839, 6843, 7064, 7068, 7072, 7076, 7080, 7301, 7305, 7309, 7313, 7317, 7538, 7542, 7546, 7550, 7554, 7775, 7779, 7783, 7787, 7791, 8012, 8016, 8020, 8024, 8028, 8249, 8253, 8257, 8261, 8265, 8486, 8490, 8494, 8498, 8502, 8723, 8727, 8731, 8735, 8739, 8960, 8964, 8968, 8972, 8976, 9197, 9201, 9205, 9209, 9213, 9434, 9438, 9442, 9446, 9450, 9671, 9675, 9679, 9683, 9687, 9908, 9912, 9916, 9920, 9924, 10145, 10149, 10153, 10157, 10161, 10382, 10386, 10390, 10394, 10398, 10619, 10623, 10627, 10631, 10635, 10856, 10860, 10864, 10868, 10872, 11093, 11097, 11101, 11105, 11109, 11330, 11334, 11338, 11342, 11346, 11567, 11571, 11575, 11579, 11583, 11804, 11808, 11812, 11816, 11820, 12041, 12045, 12049, 12053, 12057, 12278, 12282, 12286, 12290, 12294, 12515, 12519, 12523, 12527, 12531, 12752, 12756, 12760, 12764, 12768, 12989, 12993, 12997, 13001, 13005, 13226, 13230, 13234, 13238, 13242, 13463, 13467, 13471, 13475, 13479, 13700, 13704, 13708, 13712, 13716, 13937, 13941, 13945, 13949, 13953, 14174, 14178, 14182, 14186, 14190]"
B5_EXACT_SELECTED_DIAGNOSTIC,1,0.01,16,8,per_prompt,actual_d,robust,5,"[0, 1, 2, 3, 4]",300,10,MATCHES_B0_EXACTLY,"[192, 196, 200, 204, 208, 429, 433, 437, 441, 445, 666, 670, 674, 678, 682, 903, 907, 911, 915, 919, 1140, 1144, 1148, 1152, 1156, 1377, 1381, 1385, 1389, 1393, 1614, 1618, 1622, 1626, 1630, 1851, 1855, 1859, 1863, 1867, 2088, 2092, 2096, 2100, 2104, 2325, 2329, 2333, 2337, 2341, 2562, 2566, 2570, 2574, 2578, 2799, 2803, 2807, 2811, 2815, 3036, 3040, 3044, 3048, 3052, 3273, 3277, 3281, 3285, 3289, 3510, 3514, 3518, 3522, 3526, 3747, 3751, 3755, 3759, 3763, 3984, 3988, 3992, 3996, 4000, 4221, 4225, 4229, 4233, 4237, 4458, 4462, 4466, 4470, 4474, 4695, 4699, 4703, 4707, 4711, 4932, 4936, 4940, 4944, 4948, 5169, 5173, 5177, 5181, 5185, 5406, 5410, 5414, 5418, 5422, 5643, 5647, 5651, 5655, 5659, 5880, 5884, 5888, 5892, 5896, 6117, 6121, 6125, 6129, 6133, 6354, 6358, 6362, 6366, 6370, 6591, 6595, 6599, 6603, 6607, 6828, 6832, 6836, 6840, 6844, 7065, 7069, 7073, 7077, 7081, 7302, 7306, 7310, 7314, 7318, 7539, 7543, 7547, 7551, 7555, 7776, 7780, 7784, 7788, 7792, 8013, 8017, 8021, 8025, 8029, 8250, 8254, 8258, 8262, 8266, 8487, 8491, 8495, 8499, 8503, 8724, 8728, 8732, 8736, 8740, 8961, 8965, 8969, 8973, 8977, 9198, 9202, 9206, 9210, 9214, 9435, 9439, 9443, 9447, 9451, 9672, 9676, 9680, 9684, 9688, 9909, 9913, 9917, 9921, 9925, 10146, 10150, 10154, 10158, 10162, 10383, 10387, 10391, 10395, 10399, 10620, 10624, 10628, 10632, 10636, 10857, 10861, 10865, 10869, 10873, 11094, 11098, 11102, 11106, 11110, 11331, 11335, 11339, 11343, 11347, 11568, 11572, 11576, 11580, 11584, 11805, 11809, 11813, 11817, 11821, 12042, 12046, 12050, 12054, 12058, 12279, 12283, 12287, 12291, 12295, 12516, 12520, 12524, 12528, 12532, 12753, 12757, 12761, 12765, 12769, 12990, 12994, 12998, 13002, 13006, 13227, 13231, 13235, 13239, 13243, 13464, 13468, 13472, 13476, 13480, 13701, 13705, 13709, 13713, 13717, 13938, 13942, 13946, 13950, 13954, 14175, 14179, 14183, 14187, 14191]"
B0_PERSISTENCE,0,0.0,256,8,per_prompt,actual_d,robust,5,"[0, 1, 2, 3, 4]",300,10,MATCHES_B0_EXACTLY,"[217, 221, 225, 229, 233, 454, 458, 462, 466, 470, 691, 695, 699, 703, 707, 928, 932, 936, 940, 944, 1165, 1169, 1173, 1177, 1181, 1402, 1406, 1410, 1414, 1418, 1639, 1643, 1647, 1651, 1655, 1876, 1880, 1884, 1888, 1892, 2113, 2117, 2121, 2125, 2129, 2350, 2354, 2358, 2362, 2366, 2587, 2591, 2595, 2599, 2603, 2824, 2828, 2832, 2836, 2840, 3061, 3065, 3069, 3073, 3077, 3298, 3302, 3306, 3310, 3314, 3535, 3539, 3543, 3547, 3551, 3772, 3776, 3780, 3784, 3788, 4009, 4013, 4017, 4021, 4025, 4246, 4250, 4254, 4258, 4262, 4483, 4487, 4491, 4495, 4499, 4720, 4724, 4728, 4732, 4736, 4957, 4961, 4965, 4969, 4973, 5194, 5198, 5202, 5206, 5210, 5431, 5435, 5439, 5443, 5447, 5668, 5672, 5676, 5680, 5684, 5905, 5909, 5913, 5917, 5921, 6142, 6146, 6150, 6154, 6158, 6379, 6383, 6387, 6391, 6395, 6616, 6620, 6624, 6628, 6632, 6853, 6857, 6861, 6865, 6869, 7090, 7094, 7098, 7102, 7106, 7327, 7331, 7335, 7339, 7343, 7564, 7568, 7572, 7576, 7580, 7801, 7805, 7809, 7813, 7817, 8038, 8042, 8046, 8050, 8054, 8275, 8279, 8283, 8287, 8291, 8512, 8516, 8520, 8524, 8528, 8749, 8753, 8757, 8761, 8765, 8986, 8990, 8994, 8998, 9002, 9223, 9227, 9231, 9235, 9239, 9460, 9464, 9468, 9472, 9476, 9697, 9701, 9705, 9709, 9713, 9934, 9938, 9942, 9946, 9950, 10171, 10175, 10179, 10183, 10187, 10408, 10412, 10416, 10420, 10424, 10645, 10649, 10653, 10657, 10661, 10882, 10886, 10890, 10894, 10898, 11119, 11123, 11127, 11131, 11135, 11356, 11360, 11364, 11368, 11372, 11593, 11597, 11601, 11605, 11609, 11830, 11834, 11838, 11842, 11846, 12067, 12071, 12075, 12079, 12083, 12304, 12308, 12312, 12316, 12320, 12541, 12545, 12549, 12553, 12557, 12778, 12782, 12786, 12790, 12794, 13015, 13019, 13023, 13027, 13031, 13252, 13256, 13260, 13264, 13268, 13489, 13493, 13497, 13501, 13505, 13726, 13730, 13734, 13738, 13742, 13963, 13967, 13971, 13975, 13979, 14200, 14204, 14208, 14212, 14216]"
B6_FULL_Q_RIDGE,FULL,0.01,256,8,per_prompt,actual_d,robust,5,"[0, 1, 2, 3, 4]",300,10,MATCHES_B0_EXACTLY,"[218, 222, 226, 230, 234, 455, 459, 463, 467, 471, 692, 696, 700, 704, 708, 929, 933, 937, 941, 945, 1166, 1170, 1174, 1178, 1182, 1403, 1407, 1411, 1415, 1419, 1640, 1644, 1648, 1652, 1656, 1877, 1881, 1885, 1889, 1893, 2114, 2118, 2122, 2126, 2130, 2351, 2355, 2359, 2363, 2367, 2588, 2592, 2596, 2600, 2604, 2825, 2829, 2833, 2837, 2841, 3062, 3066, 3070, 3074, 3078, 3299, 3303, 3307, 3311, 3315, 3536, 3540, 3544, 3548, 3552, 3773, 3777, 3781, 3785, 3789, 4010, 4014, 4018, 4022, 4026, 4247, 4251, 4255, 4259, 4263, 4484, 4488, 4492, 4496, 4500, 4721, 4725, 4729, 4733, 4737, 4958, 4962, 4966, 4970, 4974, 5195, 5199, 5203, 5207, 5211, 5432, 5436, 5440, 5444, 5448, 5669, 5673, 5677, 5681, 5685, 5906, 5910, 5914, 5918, 5922, 6143, 6147, 6151, 6155, 6159, 6380, 6384, 6388, 6392, 6396, 6617, 6621, 6625, 6629, 6633, 6854, 6858, 6862, 6866, 6870, 7091, 7095, 7099, 7103, 7107, 7328, 7332, 7336, 7340, 7344, 7565, 7569, 7573, 7577, 7581, 7802, 7806, 7810, 7814, 7818, 8039, 8043, 8047, 8051, 8055, 8276, 8280, 8284, 8288, 8292, 8513, 8517, 8521, 8525, 8529, 8750, 8754, 8758, 8762, 8766, 8987, 8991, 8995, 8999, 9003, 9224, 9228, 9232, 9236, 9240, 9461, 9465, 9469, 9473, 9477, 9698, 9702, 9706, 9710, 9714, 9935, 9939, 9943, 9947, 9951, 10172, 10176, 10180, 10184, 10188, 10409, 10413, 10417, 10421, 10425, 10646, 10650, 10654, 10658, 10662, 10883, 10887, 10891, 10895, 10899, 11120, 11124, 11128, 11132, 11136, 11357, 11361, 11365, 11369, 11373, 11594, 11598, 11602, 11606, 11610, 11831, 11835, 11839, 11843, 11847, 12068, 12072, 12076, 12080, 12084, 12305, 12309, 12313, 12317, 12321, 12542, 12546, 12550, 12554, 12558, 12779, 12783, 12787, 12791, 12795, 13016, 13020, 13024, 13028, 13032, 13253, 13257, 13261, 13265, 13269, 13490, 13494, 13498, 13502, 13506, 13727, 13731, 13735, 13739, 13743, 13964, 13968, 13972, 13976, 13980, 14201, 14205, 14209, 14213, 14217]"
B5_WORST_GROUP_RANK,0,0.0,256,8,per_prompt,actual_d,robust,5,"[0, 1, 2, 3, 4]",300,10,MATCHES_B0_EXACTLY,"[219, 223, 227, 231, 235, 456, 460, 464, 468, 472, 693, 697, 701, 705, 709, 930, 934, 938, 942, 946, 1167, 1171, 1175, 1179, 1183, 1404, 1408, 1412, 1416, 1420, 1641, 1645, 1649, 1653, 1657, 1878, 1882, 1886, 1890, 1894, 2115, 2119, 2123, 2127, 2131, 2352, 2356, 2360, 2364, 2368, 2589, 2593, 2597, 2601, 2605, 2826, 2830, 2834, 2838, 2842, 3063, 3067, 3071, 3075, 3079, 3300, 3304, 3308, 3312, 3316, 3537, 3541, 3545, 3549, 3553, 3774, 3778, 3782, 3786, 3790, 4011, 4015, 4019, 4023, 4027, 4248, 4252, 4256, 4260, 4264, 4485, 4489, 4493, 4497, 4501, 4722, 4726, 4730, 4734, 4738, 4959, 4963, 4967, 4971, 4975, 5196, 5200, 5204, 5208, 5212, 5433, 5437, 5441, 5445, 5449, 5670, 5674, 5678, 5682, 5686, 5907, 5911, 5915, 5919, 5923, 6144, 6148, 6152, 6156, 6160, 6381, 6385, 6389, 6393, 6397, 6618, 6622, 6626, 6630, 6634, 6855, 6859, 6863, 6867, 6871, 7092, 7096, 7100, 7104, 7108, 7329, 7333, 7337, 7341, 7345, 7566, 7570, 7574, 7578, 7582, 7803, 7807, 7811, 7815, 7819, 8040, 8044, 8048, 8052, 8056, 8277, 8281, 8285, 8289, 8293, 8514, 8518, 8522, 8526, 8530, 8751, 8755, 8759, 8763, 8767, 8988, 8992, 8996, 9000, 9004, 9225, 9229, 9233, 9237, 9241, 9462, 9466, 9470, 9474, 9478, 9699, 9703, 9707, 9711, 9715, 9936, 9940, 9944, 9948, 9952, 10173, 10177, 10181, 10185, 10189, 10410, 10414, 10418, 10422, 10426, 10647, 10651, 10655, 10659, 10663, 10884, 10888, 10892, 10896, 10900, 11121, 11125, 11129, 11133, 11137, 11358, 11362, 11366, 11370, 11374, 11595, 11599, 11603, 11607, 11611, 11832, 11836, 11840, 11844, 11848, 12069, 12073, 12077, 12081, 12085, 12306, 12310, 12314, 12318, 12322, 12543, 12547, 12551, 12555, 12559, 12780, 12784, 12788, 12792, 12796, 13017, 13021, 13025, 13029, 13033, 13254, 13258, 13262, 13266, 13270, 13491, 13495, 13499, 13503, 13507, 13728, 13732, 13736, 13740, 13744, 13965, 13969, 13973, 13977, 13981, 14202, 14206, 14210, 14214, 14218]"
B5_EXACT_SELECTED_DIAGNOSTIC,1,0.01,256,8,per_prompt,actual_d,robust,5,"[0, 1, 2, 3, 4]",300,10,MATCHES_B0_EXACTLY,"[220, 224, 228, 232, 236, 457, 461, 465, 469, 473, 694, 698, 702, 706, 710, 931, 935, 939, 943, 947, 1168, 1172, 1176, 1180, 1184, 1405, 1409, 1413, 1417, 1421, 1642, 1646, 1650, 1654, 1658, 1879, 1883, 1887, 1891, 1895, 2116, 2120, 2124, 2128, 2132, 2353, 2357, 2361, 2365, 2369, 2590, 2594, 2598, 2602, 2606, 2827, 2831, 2835, 2839, 2843, 3064, 3068, 3072, 3076, 3080, 3301, 3305, 3309, 3313, 3317, 3538, 3542, 3546, 3550, 3554, 3775, 3779, 3783, 3787, 3791, 4012, 4016, 4020, 4024, 4028, 4249, 4253, 4257, 4261, 4265, 4486, 4490, 4494, 4498, 4502, 4723, 4727, 4731, 4735, 4739, 4960, 4964, 4968, 4972, 4976, 5197, 5201, 5205, 5209, 5213, 5434, 5438, 5442, 5446, 5450, 5671, 5675, 5679, 5683, 5687, 5908, 5912, 5916, 5920, 5924, 6145, 6149, 6153, 6157, 6161, 6382, 6386, 6390, 6394, 6398, 6619, 6623, 6627, 6631, 6635, 6856, 6860, 6864, 6868, 6872, 7093, 7097, 7101, 7105, 7109, 7330, 7334, 7338, 7342, 7346, 7567, 7571, 7575, 7579, 7583, 7804, 7808, 7812, 7816, 7820, 8041, 8045, 8049, 8053, 8057, 8278, 8282, 8286, 8290, 8294, 8515, 8519, 8523, 8527, 8531, 8752, 8756, 8760, 8764, 8768, 8989, 8993, 8997, 9001, 9005, 9226, 9230, 9234, 9238, 9242, 9463, 9467, 9471, 9475, 9479, 9700, 9704, 9708, 9712, 9716, 9937, 9941, 9945, 9949, 9953, 10174, 10178, 10182, 10186, 10190, 10411, 10415, 10419, 10423, 10427, 10648, 10652, 10656, 10660, 10664, 10885, 10889, 10893, 10897, 10901, 11122, 11126, 11130, 11134, 11138, 11359, 11363, 11367, 11371, 11375, 11596, 11600, 11604, 11608, 11612, 11833, 11837, 11841, 11845, 11849, 12070, 12074, 12078, 12082, 12086, 12307, 12311, 12315, 12319, 12323, 12544, 12548, 12552, 12556, 12560, 12781, 12785, 12789, 12793, 12797, 13018, 13022, 13026, 13030, 13034, 13255, 13259, 13263, 13267, 13271, 13492, 13496, 13500, 13504, 13508, 13729, 13733, 13737, 13741, 13745, 13966, 13970, 13974, 13978, 13982, 14203, 14207, 14211, 14215, 14219]"
