method,rank_cap,alpha,n,fit_budget,representation,input_mode,level_mae,projected_level_mae,delta_mae,projected_delta_mae,raw_invalid_fraction,near_zero_prompt_fraction,delta_error_ss,delta_truth_ss,response_nrmse,sample_count,level_rmse,projected_level_rmse,delta_rmse,projected_delta_rmse,mean_block_prompt_abs_error_q95,group_delta_pX_q95_max,group_delta_v_q95_max,panel,noise_replicas,noise_indices,block_count,training_seed_count,paired_block_coverage
B0_PERSISTENCE,0,0.0,exact,8,per_prompt,actual_d,0.00337903322729464,0.00337903322729464,0.00337903322729464,0.00337903322729464,0.0,0.8600887345679012,5.548249977175462,5.548249977175462,1.0,720,0.00517267887628953,0.00517267887628953,0.00517267887628953,0.00517267887628953,0.008688955179877562,0.002427057712993322,0.006394995810945838,primary,1,[0],60,10,MATCHES_B0_EXACTLY
B1_LOG_RIDGE,0,0.01,exact,8,per_prompt,actual_d,0.0022848504027678067,0.0022848504027678062,0.002284850402767807,0.0022848504027678062,0.0,0.8600887345679012,2.8435401835731384,5.548249977175462,0.7158988667124381,720,0.003703114945403042,0.003703114945403042,0.003703114945403042,0.003703114945403042,0.006520116904386895,0.0013438866088469033,0.003882032029275667,primary,1,[0],60,10,MATCHES_B0_EXACTLY
B2_RANDOM_Q,0,0.0,exact,8,per_prompt,actual_d,0.00337903322729464,0.00337903322729464,0.00337903322729464,0.00337903322729464,0.0,0.8600887345679012,5.548249977175462,5.548249977175462,1.0,720,0.00517267887628953,0.00517267887628953,0.00517267887628953,0.00517267887628953,0.008688955179877562,0.002427057712993322,0.006394995810945838,primary,1,[0],60,10,MATCHES_B0_EXACTLY
B2_RANDOM_Q,1,0.01,exact,8,per_prompt,actual_d,0.0025491250084783614,0.0025491250084783614,0.0025491250084783614,0.002549125008478361,0.0,0.8600887345679012,3.5733548027265303,5.548249977175462,0.8025277527480428,720,0.004151218354275907,0.004151218354275907,0.004151218354275907,0.004151218354275907,0.0073064190296005084,0.0023531383485479083,0.005455166728372464,primary,1,[0],60,10,MATCHES_B0_EXACTLY
B2_RANDOM_Q,2,0.01,exact,8,per_prompt,actual_d,0.0010478137484597222,0.0010478137484597225,0.0010478137484597222,0.0010478137484597225,0.0,0.8600887345679012,0.7775744480149931,5.548249977175462,0.3743630529819748,720,0.001936459856223119,0.0019364598562231193,0.001936459856223119,0.0019364598562231193,0.0035904894892906905,0.0008359389707852608,0.002529710483671194,primary,1,[0],60,10,MATCHES_B0_EXACTLY
B2_RANDOM_Q,4,0.01,exact,8,per_prompt,actual_d,0.0007346753958673463,0.0007346753958673462,0.0007346753958673463,0.0007346753958673463,0.0,0.8600887345679012,0.39944167327351965,5.548249977175462,0.2683173006415979,720,0.0013879192331718204,0.0013879192331718204,0.0013879192331718204,0.0013879192331718204,0.0025035547182084205,0.0005352755001665271,0.0020920844063622205,primary,1,[0],60,10,MATCHES_B0_EXACTLY
B2_RANDOM_Q,8,0.01,exact,8,per_prompt,actual_d,0.000514179315496511,0.000514179315496511,0.000514179315496511,0.000514179315496511,0.0,0.8600887345679012,0.22230141418847213,5.548249977175462,0.20016728690835234,720,0.0010354010967150197,0.00103540109671502,0.0010354010967150197,0.00103540109671502,0.0017484693382082833,0.00035730733465620944,0.0013931115909782202,primary,1,[0],60,10,MATCHES_B0_EXACTLY
B2_RANDOM_Q,16,0.01,exact,8,per_prompt,actual_d,0.000426004608485215,0.00042600460848521497,0.00042600460848521497,0.00042600460848521497,0.0,0.8600887345679012,0.17003869365930274,5.548249977175462,0.17506360598239648,720,0.0009055478166722157,0.0009055478166722159,0.0009055478166722156,0.0009055478166722159,0.0015305517005088326,0.00028603818459801164,0.0010107818589880455,primary,1,[0],60,10,MATCHES_B0_EXACTLY
B2_RANDOM_Q,FULL,0.01,exact,8,per_prompt,actual_d,0.00041433002355505767,0.00041433002355505756,0.00041433002355505767,0.00041433002355505756,0.0,0.8600887345679012,0.16440016975020041,5.548249977175462,0.1721365604273845,720,0.000890407149959868,0.0008904071499598682,0.0008904071499598679,0.0008904071499598683,0.001489373619763971,0.00028249106474084653,0.00095618189476184,primary,1,[0],60,10,MATCHES_B0_EXACTLY
B3_UPDATE_PCA,0,0.0,exact,8,per_prompt,actual_d,0.00337903322729464,0.00337903322729464,0.00337903322729464,0.00337903322729464,0.0,0.8600887345679012,5.548249977175462,5.548249977175462,1.0,720,0.00517267887628953,0.00517267887628953,0.00517267887628953,0.00517267887628953,0.008688955179877562,0.002427057712993322,0.006394995810945838,primary,1,[0],60,10,MATCHES_B0_EXACTLY
B3_UPDATE_PCA,1,0.01,exact,8,per_prompt,actual_d,0.0007778497387954758,0.0007778497387954756,0.0007778497387954758,0.0007778497387954756,0.0,0.8600887345679012,0.5409653253259553,5.548249977175462,0.3122530609219599,720,0.0016151848122877698,0.00161518481228777,0.0016151848122877698,0.00161518481228777,0.0027858758581172966,0.00039381151863538967,0.0019308788236319667,primary,1,[0],60,10,MATCHES_B0_EXACTLY
B3_UPDATE_PCA,2,0.01,exact,8,per_prompt,actual_d,0.0005700675103824751,0.000570067510382475,0.0005700675103824752,0.000570067510382475,0.0,0.8600887345679012,0.3159010373985403,5.548249977175462,0.23861487631433306,720,0.0012342781302795893,0.0012342781302795895,0.0012342781302795895,0.0012342781302795895,0.0020117743394916098,0.0003203866825618912,0.001506473689544988,primary,1,[0],60,10,MATCHES_B0_EXACTLY
B3_UPDATE_PCA,4,1e-05,exact,8,per_prompt,actual_d,0.0004300256954958278,0.00043002569549582776,0.00043002569549582776,0.00043002569549582776,0.0,0.8600887345679012,0.18359221455933525,5.548249977175462,0.18190687797398605,720,0.0009409458651478147,0.000940945865147815,0.0009409458651478147,0.000940945865147815,0.0015280080126415805,0.000274898233333808,0.001132507529576102,primary,1,[0],60,10,MATCHES_B0_EXACTLY
B3_UPDATE_PCA,8,0.01,exact,8,per_prompt,actual_d,0.000431008310677608,0.00043100831067760797,0.000431008310677608,0.00043100831067760786,0.0,0.8600887345679012,0.17996002454878007,5.548249977175462,0.18009846523007397,720,0.000931591526747768,0.0009315915267477682,0.000931591526747768,0.0009315915267477681,0.0015475774675074248,0.00028602614746338535,0.0010390746964593289,primary,1,[0],60,10,MATCHES_B0_EXACTLY
B3_UPDATE_PCA,16,0.01,exact,8,per_prompt,actual_d,0.0004150263624855268,0.0004150263624855268,0.0004150263624855268,0.0004150263624855268,0.0,0.8600887345679012,0.16463972183421294,5.548249977175462,0.17226192727271467,720,0.0008910556323924944,0.0008910556323924946,0.0008910556323924944,0.0008910556323924946,0.0014917460993446874,0.00028249106474084534,0.0009676829014614385,primary,1,[0],60,10,MATCHES_B0_EXACTLY
B3_UPDATE_PCA,FULL,0.01,exact,8,per_prompt,actual_d,0.00041433002355505756,0.0004143300235550574,0.00041433002355505756,0.00041433002355505745,0.0,0.8600887345679012,0.16440016975019983,5.548249977175462,0.1721365604273842,720,0.0008904071499598663,0.0008904071499598665,0.0008904071499598664,0.0008904071499598665,0.0014893736197639682,0.00028249106474084534,0.0009561818947618603,primary,1,[0],60,10,MATCHES_B0_EXACTLY
B4_RESPONSE_SVD,0,0.0,exact,8,per_prompt,actual_d,0.00337903322729464,0.00337903322729464,0.00337903322729464,0.00337903322729464,0.0,0.8600887345679012,5.548249977175462,5.548249977175462,1.0,720,0.00517267887628953,0.00517267887628953,0.00517267887628953,0.00517267887628953,0.008688955179877562,0.002427057712993322,0.006394995810945838,primary,1,[0],60,10,MATCHES_B0_EXACTLY
B4_RESPONSE_SVD,1,0.01,exact,8,per_prompt,actual_d,0.0006444397158737508,0.0006444397158737507,0.0006444397158737508,0.0006444397158737507,0.0,0.8600887345679012,0.3022380153125264,5.548249977175462,0.2333976797596856,720,0.0012072912478679138,0.0012072912478679138,0.0012072912478679138,0.001207291247867914,0.0020182650411563023,0.0008394571678411029,0.0028185744459315377,primary,1,[0],60,10,MATCHES_B0_EXACTLY
B4_RESPONSE_SVD,2,0.01,exact,8,per_prompt,actual_d,0.0004235007346184825,0.00042350073461848236,0.0004235007346184826,0.00042350073461848236,0.0,0.8600887345679012,0.172280555465012,5.548249977175462,0.17621388314676273,720,0.000911497831062211,0.0009114978310622111,0.0009114978310622111,0.0009114978310622111,0.0014616869872139625,0.0003364233591086434,0.0009682942378759896,primary,1,[0],60,10,MATCHES_B0_EXACTLY
B4_RESPONSE_SVD,4,0.01,exact,8,per_prompt,actual_d,0.00041427196047066905,0.00041427196047066905,0.000414271960470669,0.00041427196047066905,0.0,0.8600887345679012,0.16335362049904315,5.548249977175462,0.17158778664403884,720,0.0008875685194028943,0.0008875685194028946,0.0008875685194028943,0.0008875685194028946,0.0014758999599233885,0.0002883975702728967,0.0009655883436262525,primary,1,[0],60,10,MATCHES_B0_EXACTLY
B4_RESPONSE_SVD,8,0.01,exact,8,per_prompt,actual_d,0.0004141333551477758,0.0004141333551477758,0.0004141333551477758,0.0004141333551477758,0.0,0.8600887345679012,0.16456256616084328,5.548249977175462,0.17222155869591724,720,0.0008908468187080284,0.0008908468187080286,0.0008908468187080284,0.0008908468187080286,0.0014873481110483876,0.0002815584251804949,0.0009499026498013998,primary,1,[0],60,10,MATCHES_B0_EXACTLY
B4_RESPONSE_SVD,16,0.01,exact,8,per_prompt,actual_d,0.0004143063841291248,0.00041430638412912475,0.0004143063841291249,0.00041430638412912475,0.0,0.8600887345679012,0.16439243462548261,5.548249977175462,0.17213251081652423,720,0.0008903862026233137,0.0008903862026233139,0.0008903862026233137,0.0008903862026233139,0.0014892678170960773,0.0002824910647408485,0.0009553893354692299,primary,1,[0],60,10,MATCHES_B0_EXACTLY
B4_RESPONSE_SVD,FULL,0.01,exact,8,per_prompt,actual_d,0.0004143300235550587,0.00041433002355505865,0.0004143300235550587,0.00041433002355505865,0.0,0.8600887345679012,0.1644001697502004,5.548249977175462,0.17213656042738448,720,0.0008904071499598678,0.0008904071499598679,0.0008904071499598678,0.0008904071499598679,0.0014893736197639726,0.0002824910647408485,0.000956181894761841,primary,1,[0],60,10,MATCHES_B0_EXACTLY
B5_WORST_GROUP_RANK,0,0.0,exact,8,per_prompt,actual_d,0.00337903322729464,0.00337903322729464,0.00337903322729464,0.00337903322729464,0.0,0.8600887345679012,5.548249977175462,5.548249977175462,1.0,720,0.00517267887628953,0.00517267887628953,0.00517267887628953,0.00517267887628953,0.008688955179877562,0.002427057712993322,0.006394995810945838,primary,1,[0],60,10,MATCHES_B0_EXACTLY
B5_WORST_GROUP_RANK,1,0.01,exact,8,per_prompt,actual_d,0.0006444397158737508,0.0006444397158737507,0.0006444397158737508,0.0006444397158737507,0.0,0.8600887345679012,0.3022380153125264,5.548249977175462,0.2333976797596856,720,0.0012072912478679138,0.0012072912478679138,0.0012072912478679138,0.001207291247867914,0.0020182650411563023,0.0008394571678411029,0.0028185744459315377,primary,1,[0],60,10,MATCHES_B0_EXACTLY
B5_WORST_GROUP_RANK,2,0.01,exact,8,per_prompt,actual_d,0.0004235007346184825,0.00042350073461848236,0.0004235007346184826,0.00042350073461848236,0.0,0.8600887345679012,0.172280555465012,5.548249977175462,0.17621388314676273,720,0.000911497831062211,0.0009114978310622111,0.0009114978310622111,0.0009114978310622111,0.0014616869872139625,0.0003364233591086434,0.0009682942378759896,primary,1,[0],60,10,MATCHES_B0_EXACTLY
B5_WORST_GROUP_RANK,4,0.01,exact,8,per_prompt,actual_d,0.00041427196047066905,0.00041427196047066905,0.000414271960470669,0.00041427196047066905,0.0,0.8600887345679012,0.16335362049904315,5.548249977175462,0.17158778664403884,720,0.0008875685194028943,0.0008875685194028946,0.0008875685194028943,0.0008875685194028946,0.0014758999599233885,0.0002883975702728967,0.0009655883436262525,primary,1,[0],60,10,MATCHES_B0_EXACTLY
B5_WORST_GROUP_RANK,8,0.01,exact,8,per_prompt,actual_d,0.0004141333551477758,0.0004141333551477758,0.0004141333551477758,0.0004141333551477758,0.0,0.8600887345679012,0.16456256616084328,5.548249977175462,0.17222155869591724,720,0.0008908468187080284,0.0008908468187080286,0.0008908468187080284,0.0008908468187080286,0.0014873481110483876,0.0002815584251804949,0.0009499026498013998,primary,1,[0],60,10,MATCHES_B0_EXACTLY
B5_WORST_GROUP_RANK,16,0.01,exact,8,per_prompt,actual_d,0.0004143063841291248,0.00041430638412912475,0.0004143063841291249,0.00041430638412912475,0.0,0.8600887345679012,0.16439243462548261,5.548249977175462,0.17213251081652423,720,0.0008903862026233137,0.0008903862026233139,0.0008903862026233137,0.0008903862026233139,0.0014892678170960773,0.0002824910647408485,0.0009553893354692299,primary,1,[0],60,10,MATCHES_B0_EXACTLY
B5_WORST_GROUP_RANK,FULL,0.01,exact,8,per_prompt,actual_d,0.0004143300235550587,0.00041433002355505865,0.0004143300235550587,0.00041433002355505865,0.0,0.8600887345679012,0.1644001697502004,5.548249977175462,0.17213656042738448,720,0.0008904071499598678,0.0008904071499598679,0.0008904071499598678,0.0008904071499598679,0.0014893736197639726,0.0002824910647408485,0.000956181894761841,primary,1,[0],60,10,MATCHES_B0_EXACTLY
B6_FULL_Q_RIDGE,FULL,0.01,exact,8,per_prompt,actual_d,0.00041433002355505756,0.0004143300235550574,0.00041433002355505756,0.00041433002355505745,0.0,0.8600887345679012,0.16440016975019983,5.548249977175462,0.1721365604273842,720,0.0008904071499598663,0.0008904071499598665,0.0008904071499598664,0.0008904071499598665,0.0014893736197639682,0.00028249106474084534,0.0009561818947618603,primary,1,[0],60,10,MATCHES_B0_EXACTLY
O0_FULL_J_ORACLE,FULL,0.0,exact,8,per_prompt,actual_d,7.233454718970596e-05,7.233454718970491e-05,7.233454718970602e-05,7.23345471897049e-05,0.0,0.8600887345679012,0.0038750764265800502,5.548249977175462,0.026427867829134876,720,0.0001367028736651375,0.00013670287366513668,0.0001367028736651376,0.0001367028736651367,0.00021298136784510195,7.851744495525039e-05,0.000197519169966439,primary,1,[0],60,10,MATCHES_B0_EXACTLY
O1_JQ_SVD_ORACLE,0,0.0,exact,8,per_prompt,actual_d,0.00337903322729464,0.00337903322729464,0.00337903322729464,0.00337903322729464,0.0,0.8600887345679012,5.548249977175462,5.548249977175462,1.0,720,0.00517267887628953,0.00517267887628953,0.00517267887628953,0.00517267887628953,0.008688955179877562,0.002427057712993322,0.006394995810945838,primary,1,[0],60,10,MATCHES_B0_EXACTLY
O1_JQ_SVD_ORACLE,1,0.0,exact,8,per_prompt,actual_d,0.0014471160097041065,0.0014471160097041065,0.001447116009704107,0.0014471160097041065,0.0,0.8600887345679012,1.1743622137986285,5.548249977175462,0.46006905666908793,720,0.0023797894910666416,0.0023797894910666416,0.0023797894910666416,0.0023797894910666416,0.0032129465764037368,0.0016860058478450162,0.007393667009357705,primary,1,[0],60,10,MATCHES_B0_EXACTLY
O1_JQ_SVD_ORACLE,2,0.0,exact,8,per_prompt,actual_d,0.0005382296326797609,0.0005382296326797608,0.000538229632679761,0.0005382296326797608,0.0,0.8600887345679012,0.22877869638815573,5.548249977175462,0.20306252421475954,720,0.0010503772295717179,0.0010503772295717179,0.0010503772295717179,0.0010503772295717179,0.0015352942289953001,0.0010143097379291994,0.002039267745812389,primary,1,[0],60,10,MATCHES_B0_EXACTLY
O1_JQ_SVD_ORACLE,4,0.0,exact,8,per_prompt,actual_d,0.00037968541579252687,0.0003796854157925263,0.0003796854157925269,0.0003796854157925263,0.0,0.8600887345679012,0.1311915523766194,5.548249977175462,0.15377117237645493,720,0.0007954088951339643,0.0007954088951339642,0.0007954088951339644,0.0007954088951339642,0.0011938614293104243,0.0007916233682584155,0.000611633171346998,primary,1,[0],60,10,MATCHES_B0_EXACTLY
O1_JQ_SVD_ORACLE,8,0.0,exact,8,per_prompt,actual_d,0.0002817543893394948,0.0002817543893394942,0.00028175438933949483,0.0002817543893394942,0.0,0.8600887345679012,0.07367328188203781,5.548249977175462,0.11523303441718286,720,0.0005960634829805061,0.0005960634829805059,0.0005960634829805061,0.0005960634829805059,0.0009663082424633639,0.00031408561126527063,0.0005469763696437468,primary,1,[0],60,10,MATCHES_B0_EXACTLY
O1_JQ_SVD_ORACLE,16,0.0,exact,8,per_prompt,actual_d,0.00026920866855448673,0.00026920866855448613,0.0002692086685544868,0.00026920866855448613,0.0,0.8600887345679012,0.06925193662368213,5.548249977175462,0.11172180700644123,720,0.0005779010311231141,0.0005779010311231139,0.0005779010311231141,0.0005779010311231139,0.0009389787170736724,0.00021071578031605807,0.0005393307939009703,primary,1,[0],60,10,MATCHES_B0_EXACTLY
O1_JQ_SVD_ORACLE,FULL,0.0,exact,8,per_prompt,actual_d,0.0002691564332725601,0.0002691564332725595,0.0002691564332725601,0.0002691564332725595,0.0,0.8600887345679012,0.06924506329699565,5.548249977175462,0.11171626261613479,720,0.0005778723517724941,0.0005778723517724941,0.0005778723517724941,0.000577872351772494,0.0009385738732467936,0.0002103434659537392,0.000539382563648096,primary,1,[0],60,10,MATCHES_B0_EXACTLY
B4_ENERGY95,FULL,0.01,exact,8,per_prompt,actual_d,0.00042363877003928906,0.0004236387700392889,0.00042363877003928917,0.0004236387700392889,0.0,0.8600887345679012,0.1664461567069414,5.548249977175462,0.1732043821971232,720,0.0008959306490718373,0.0008959306490718374,0.0008959306490718374,0.0008959306490718374,0.0014735418011360473,0.0003073911312640314,0.0009863374014630745,primary,1,[0],60,10,MATCHES_B0_EXACTLY
B2_FULL_PARAMETER_SKETCH,4,0.01,exact,8,per_prompt,actual_d,0.0011150899719817493,0.0011150899719817497,0.0011150899719817493,0.0011150899719817497,0.0,0.8600887345679012,1.1010599567172559,5.548249977175462,0.44547924428080304,720,0.002304321076716733,0.002304321076716733,0.002304321076716733,0.002304321076716733,0.004046727371607297,0.0010260499795089713,0.0033116941498210306,primary,1,[0],60,10,MATCHES_B0_EXACTLY
B5_EXACT_SELECTED_DIAGNOSTIC,1,0.01,exact,8,per_prompt,actual_d,0.0006444397158737508,0.0006444397158737507,0.0006444397158737508,0.0006444397158737507,0.0,0.8600887345679012,0.3022380153125264,5.548249977175462,0.2333976797596856,720,0.0012072912478679138,0.0012072912478679138,0.0012072912478679138,0.001207291247867914,0.0020182650411563023,0.0008394571678411029,0.0028185744459315377,primary,1,[0],60,10,MATCHES_B0_EXACTLY
B0_PERSISTENCE,0,0.0,64,8,per_prompt,actual_d,0.031563853866331607,0.031563853866331607,0.00337903322729464,0.00337903322729464,0.0,0.8600887345679012,16.644749931526384,16.644749931526384,1.0,2160,0.04185700765005834,0.04185700765005834,0.00517267887628953,0.00517267887628953,0.08439180098742009,0.0024270577129933196,0.006394995810945838,primary,3,"[0, 1, 2]",180,10,MATCHES_B0_EXACTLY
B1_LOG_RIDGE,0,0.01,64,8,per_prompt,actual_d,0.03287522048746973,0.03268678136876035,0.009614382189839394,0.009467908929502129,0.1204025205761317,0.8600887345679012,107.3479164932085,16.644749931526384,2.539558213375468,2160,0.04364530623112317,0.04350415572009284,0.013136319125434861,0.013051589181647439,0.08818160493682294,0.006579140897776753,0.008357532120895598,primary,3,"[0, 1, 2]",180,10,MATCHES_B0_EXACTLY
B2_RANDOM_Q,0,0.0,64,8,per_prompt,actual_d,0.031563853866331607,0.031563853866331607,0.00337903322729464,0.00337903322729464,0.0,0.8600887345679012,16.644749931526384,16.644749931526384,1.0,2160,0.04185700765005834,0.04185700765005834,0.00517267887628953,0.00517267887628953,0.08439180098742009,0.0024270577129933196,0.006394995810945838,primary,3,"[0, 1, 2]",180,10,MATCHES_B0_EXACTLY
B2_RANDOM_Q,1,0.01,64,8,per_prompt,actual_d,0.025462473277755464,0.02540068099951875,0.013655675191860929,0.013610450966704848,0.03800797325102881,0.8600887345679012,323.26619085579705,16.644749931526384,4.406984322398365,2160,0.03598206494534208,0.03586672230402918,0.02279591471260915,0.02273155471600336,0.07121982103985633,0.012223697580940355,0.009882573904226755,primary,3,"[0, 1, 2]",180,10,MATCHES_B0_EXACTLY
B2_RANDOM_Q,2,0.01,64,8,per_prompt,actual_d,0.013426467822942965,0.013418346634679132,0.029331681890542406,0.029324945839778075,0.006796553497942386,0.8600887345679012,1013.2771074847607,16.644749931526384,7.802350897824195,2160,0.018917540118945045,0.018904441965506565,0.04035905567457386,0.04035227727088109,0.03764311636776085,0.019440266773117356,0.01789937234591941,primary,3,"[0, 1, 2]",180,10,MATCHES_B0_EXACTLY
B2_RANDOM_Q,4,0.01,64,8,per_prompt,actual_d,0.01316989608899825,0.013157076533707979,0.03152891438265332,0.03151746273455765,0.007568158436213991,0.8600887345679012,1113.9250218030013,16.644749931526384,8.18067882229288,2160,0.018273056596245722,0.018240779181942134,0.042316024537783485,0.0423045323748216,0.03651058415150108,0.020510185075271768,0.018045458176390954,primary,3,"[0, 1, 2]",180,10,MATCHES_B0_EXACTLY
B2_RANDOM_Q,8,0.01,64,8,per_prompt,actual_d,0.013138432659864793,0.01312366389138191,0.03302114528696013,0.033007245755130074,0.008179012345679013,0.8600887345679012,1203.7100359917415,16.644749931526384,8.503981434153145,2160,0.01816283270368671,0.01812312281844099,0.04398836512880231,0.04397405184633849,0.03615765706684991,0.02159469995638422,0.018778088575847434,primary,3,"[0, 1, 2]",180,10,MATCHES_B0_EXACTLY
B2_RANDOM_Q,16,0.01,64,8,per_prompt,actual_d,0.013116176531204685,0.01310455148689247,0.03323931031286795,0.033228678775061464,0.007163065843621399,0.8600887345679012,1215.214227493082,16.644749931526384,8.544522257050208,2160,0.01796223248174326,0.017936056417038247,0.044198069787029344,0.04418893577477725,0.03599983443557267,0.02154434354362433,0.018277828153904035,primary,3,"[0, 1, 2]",180,10,MATCHES_B0_EXACTLY
B2_RANDOM_Q,FULL,0.01,64,8,per_prompt,actual_d,0.012938875330492372,0.01292728615791572,0.03321133914216827,0.03320074436497443,0.007163065843621399,0.8600887345679012,1212.38811429877,16.644749931526384,8.534580864631426,2160,0.017722451348307185,0.017695986282600006,0.044146646156463805,0.04413753791968996,0.03550613531764492,0.021325053078386193,0.018378924620355674,primary,3,"[0, 1, 2]",180,10,MATCHES_B0_EXACTLY
B3_UPDATE_PCA,0,0.0,64,8,per_prompt,actual_d,0.031563853866331607,0.031563853866331607,0.00337903322729464,0.00337903322729464,0.0,0.8600887345679012,16.644749931526384,16.644749931526384,1.0,2160,0.04185700765005834,0.04185700765005834,0.00517267887628953,0.00517267887628953,0.08439180098742009,0.0024270577129933196,0.006394995810945838,primary,3,"[0, 1, 2]",180,10,MATCHES_B0_EXACTLY
B3_UPDATE_PCA,1,0.01,64,8,per_prompt,actual_d,0.009270622705575025,0.009270501682639374,0.03171769659151422,0.031717573514006434,0.0004758230452674897,0.8600887345679012,1108.8044529505157,16.644749931526384,8.161854404253825,2160,0.012414157964666387,0.012414049678235882,0.04221865186823442,0.04221855123170064,0.025013490561054213,0.021261885316042783,0.018193126049512925,primary,3,"[0, 1, 2]",180,10,MATCHES_B0_EXACTLY
B3_UPDATE_PCA,2,0.01,64,8,per_prompt,actual_d,0.010121159304348442,0.010117007065503348,0.03211241497748335,0.03210862945564635,0.002372685185185185,0.8600887345679012,1133.910836820015,16.644749931526384,8.253740597850474,2160,0.013684735159285573,0.013673352816092476,0.04269394964087445,0.042690936939108165,0.027442476832742767,0.021087488231022314,0.018196342144770367,primary,3,"[0, 1, 2]",180,10,MATCHES_B0_EXACTLY
B3_UPDATE_PCA,4,1e-05,64,8,per_prompt,actual_d,0.012962666808904554,0.012928672240856144,0.0336164595672234,0.03358367753294999,0.012930812757201647,0.8600887345679012,1243.3751010963451,16.644749931526384,8.642958859264919,2160,0.018055734562486322,0.017926107592053136,0.044707250719959096,0.04465656287191014,0.03603266828515031,0.02239245711330033,0.018500475780520054,primary,3,"[0, 1, 2]",180,10,MATCHES_B0_EXACTLY
B3_UPDATE_PCA,8,0.01,64,8,per_prompt,actual_d,0.012358465617232656,0.012347308088028282,0.03298322604688631,0.03297311692666141,0.006918724279835391,0.8600887345679012,1194.8288721104032,16.644749931526384,8.47255149000882,2160,0.016939643792855504,0.016913068475191338,0.043825788120644006,0.04381709419737427,0.033876783293455025,0.021005012753996983,0.018418467899343708,primary,3,"[0, 1, 2]",180,10,MATCHES_B0_EXACTLY
B3_UPDATE_PCA,16,0.01,64,8,per_prompt,actual_d,0.012883792364063614,0.012872203737157454,0.03318809658813416,0.033177504773644464,0.007163065843621399,0.8600887345679012,1210.6290633513147,16.644749931526384,8.528387215985392,2160,0.017652446743335482,0.01762587810137608,0.044114608400945304,0.044105494572467346,0.03533835042927161,0.021202550184431426,0.018604063763337543,primary,3,"[0, 1, 2]",180,10,MATCHES_B0_EXACTLY
B3_UPDATE_PCA,FULL,0.01,64,8,per_prompt,actual_d,0.012938875330492362,0.01292728615791571,0.03321133914216826,0.03320074436497443,0.007163065843621399,0.8600887345679012,1212.3881142987696,16.644749931526384,8.534580864631426,2160,0.01772245134830717,0.017695986282599992,0.0441466461564638,0.04413753791968995,0.03550613531764489,0.021325053078386155,0.01837892462035565,primary,3,"[0, 1, 2]",180,10,MATCHES_B0_EXACTLY
B4_RESPONSE_SVD,0,0.0,64,8,per_prompt,actual_d,0.031563853866331607,0.031563853866331607,0.00337903322729464,0.00337903322729464,0.0,0.8600887345679012,16.644749931526384,16.644749931526384,1.0,2160,0.04185700765005834,0.04185700765005834,0.00517267887628953,0.00517267887628953,0.08439180098742009,0.0024270577129933196,0.006394995810945838,primary,3,"[0, 1, 2]",180,10,MATCHES_B0_EXACTLY
B4_RESPONSE_SVD,1,0.01,64,8,per_prompt,actual_d,0.02059835478608302,0.020546388438469565,0.020162916957537236,0.020117804852179767,0.034908693415637855,0.8600887345679012,599.1711784748569,16.644749931526384,5.9998006392316015,2160,0.02990500255175318,0.02980492000343428,0.03103504202850172,0.03094780457973549,0.057258855713873104,0.0159548450564699,0.013380134127098443,primary,3,"[0, 1, 2]",180,10,MATCHES_B0_EXACTLY
B4_RESPONSE_SVD,2,0.01,64,8,per_prompt,actual_d,0.01655782022389479,0.016495613627261554,0.027008393110427537,0.026951420181655406,0.026652520576131686,0.8600887345679012,902.3999286067269,16.644749931526384,7.363103221077089,2160,0.024324344968327666,0.02416750306822469,0.03808696849560485,0.03797914196730719,0.04680856423256718,0.018221331483535438,0.016394985394632734,primary,3,"[0, 1, 2]",180,10,MATCHES_B0_EXACTLY
B4_RESPONSE_SVD,4,0.01,64,8,per_prompt,actual_d,0.014366852803329503,0.014324463130355505,0.03233382379448361,0.032294380897339874,0.01871141975308642,0.8600887345679012,1176.8491368997722,16.644749931526384,8.408562550444884,2160,0.02061717089992407,0.020494996171996672,0.043494793884645465,0.04343608905640971,0.04037303731471721,0.02112795418779365,0.018074332466700652,primary,3,"[0, 1, 2]",180,10,MATCHES_B0_EXACTLY
B4_RESPONSE_SVD,8,0.01,64,8,per_prompt,actual_d,0.013000510921266232,0.012987994698360697,0.033228823337902225,0.033217481061608184,0.007793209876543209,0.8600887345679012,1213.7475091172796,16.644749931526384,8.539364239910272,2160,0.01789725424446919,0.017868022044081347,0.04417138902072606,0.04416074047849407,0.03594644375958905,0.02104266688153546,0.018947276954020112,primary,3,"[0, 1, 2]",180,10,MATCHES_B0_EXACTLY
B4_RESPONSE_SVD,16,0.01,64,8,per_prompt,actual_d,0.012929755108610313,0.012918166998514993,0.03321879178478912,0.033208202631449586,0.007156635802469136,0.8600887345679012,1212.6206814708257,16.644749931526384,8.535399401259735,2160,0.0177150076160783,0.017688535269791084,0.04415088018359053,0.04414177462224091,0.03548255686269052,0.021335218067486332,0.018486629475872558,primary,3,"[0, 1, 2]",180,10,MATCHES_B0_EXACTLY
B4_RESPONSE_SVD,FULL,0.01,64,8,per_prompt,actual_d,0.012938875330492351,0.012927286157915703,0.033211339142168256,0.03320074436497442,0.007163065843621399,0.8600887345679012,1212.388114298769,16.644749931526384,8.534580864631424,2160,0.017722451348307158,0.01769598628259998,0.04414664615646379,0.04413753791968994,0.03550613531764485,0.02132505307838614,0.018378924620355647,primary,3,"[0, 1, 2]",180,10,MATCHES_B0_EXACTLY
B5_WORST_GROUP_RANK,0,0.0,64,8,per_prompt,actual_d,0.031563853866331607,0.031563853866331607,0.00337903322729464,0.00337903322729464,0.0,0.8600887345679012,16.644749931526384,16.644749931526384,1.0,2160,0.04185700765005834,0.04185700765005834,0.00517267887628953,0.00517267887628953,0.08439180098742009,0.0024270577129933196,0.006394995810945838,primary,3,"[0, 1, 2]",180,10,MATCHES_B0_EXACTLY
B5_WORST_GROUP_RANK,1,0.01,64,8,per_prompt,actual_d,0.02059835478608302,0.020546388438469565,0.020162916957537236,0.020117804852179767,0.034908693415637855,0.8600887345679012,599.1711784748569,16.644749931526384,5.9998006392316015,2160,0.02990500255175318,0.02980492000343428,0.03103504202850172,0.03094780457973549,0.057258855713873104,0.0159548450564699,0.013380134127098443,primary,3,"[0, 1, 2]",180,10,MATCHES_B0_EXACTLY
B5_WORST_GROUP_RANK,2,0.01,64,8,per_prompt,actual_d,0.01655782022389479,0.016495613627261554,0.027008393110427537,0.026951420181655406,0.026652520576131686,0.8600887345679012,902.3999286067269,16.644749931526384,7.363103221077089,2160,0.024324344968327666,0.02416750306822469,0.03808696849560485,0.03797914196730719,0.04680856423256718,0.018221331483535438,0.016394985394632734,primary,3,"[0, 1, 2]",180,10,MATCHES_B0_EXACTLY
B5_WORST_GROUP_RANK,4,0.01,64,8,per_prompt,actual_d,0.014366852803329503,0.014324463130355505,0.03233382379448361,0.032294380897339874,0.01871141975308642,0.8600887345679012,1176.8491368997722,16.644749931526384,8.408562550444884,2160,0.02061717089992407,0.020494996171996672,0.043494793884645465,0.04343608905640971,0.04037303731471721,0.02112795418779365,0.018074332466700652,primary,3,"[0, 1, 2]",180,10,MATCHES_B0_EXACTLY
B5_WORST_GROUP_RANK,8,0.01,64,8,per_prompt,actual_d,0.013000510921266232,0.012987994698360697,0.033228823337902225,0.033217481061608184,0.007793209876543209,0.8600887345679012,1213.7475091172796,16.644749931526384,8.539364239910272,2160,0.01789725424446919,0.017868022044081347,0.04417138902072606,0.04416074047849407,0.03594644375958905,0.02104266688153546,0.018947276954020112,primary,3,"[0, 1, 2]",180,10,MATCHES_B0_EXACTLY
B5_WORST_GROUP_RANK,16,0.01,64,8,per_prompt,actual_d,0.012929755108610313,0.012918166998514993,0.03321879178478912,0.033208202631449586,0.007156635802469136,0.8600887345679012,1212.6206814708257,16.644749931526384,8.535399401259735,2160,0.0177150076160783,0.017688535269791084,0.04415088018359053,0.04414177462224091,0.03548255686269052,0.021335218067486332,0.018486629475872558,primary,3,"[0, 1, 2]",180,10,MATCHES_B0_EXACTLY
B5_WORST_GROUP_RANK,FULL,0.01,64,8,per_prompt,actual_d,0.012938875330492351,0.012927286157915703,0.033211339142168256,0.03320074436497442,0.007163065843621399,0.8600887345679012,1212.388114298769,16.644749931526384,8.534580864631424,2160,0.017722451348307158,0.01769598628259998,0.04414664615646379,0.04413753791968994,0.03550613531764485,0.02132505307838614,0.018378924620355647,primary,3,"[0, 1, 2]",180,10,MATCHES_B0_EXACTLY
B6_FULL_Q_RIDGE,FULL,0.01,64,8,per_prompt,actual_d,0.012938875330492362,0.01292728615791571,0.03321133914216826,0.03320074436497443,0.007163065843621399,0.8600887345679012,1212.3881142987696,16.644749931526384,8.534580864631426,2160,0.01772245134830717,0.017695986282599992,0.0441466461564638,0.04413753791968995,0.03550613531764489,0.021325053078386155,0.01837892462035565,primary,3,"[0, 1, 2]",180,10,MATCHES_B0_EXACTLY
O0_FULL_J_ORACLE,FULL,0.0,64,8,per_prompt,actual_d,0.03141326337364965,0.031374675816254555,7.233454718970602e-05,0.000132278013166034,0.1193801440329218,0.8600887345679012,0.01162522927974015,16.644749931526384,0.026427867829134876,2160,0.041599212477502735,0.041568718884043045,0.0001367028736651376,0.0003459250289390304,0.08390531529681818,7.851744495525039e-05,0.000197519169966439,primary,3,"[0, 1, 2]",180,10,MATCHES_B0_EXACTLY
O1_JQ_SVD_ORACLE,0,0.0,64,8,per_prompt,actual_d,0.031563853866331607,0.031563853866331607,0.00337903322729464,0.00337903322729464,0.0,0.8600887345679012,16.644749931526384,16.644749931526384,1.0,2160,0.04185700765005834,0.04185700765005834,0.00517267887628953,0.00517267887628953,0.08439180098742009,0.0024270577129933196,0.006394995810945838,primary,3,"[0, 1, 2]",180,10,MATCHES_B0_EXACTLY
O1_JQ_SVD_ORACLE,1,0.0,64,8,per_prompt,actual_d,0.03144506654328978,0.03143224041373836,0.0014471160097041067,0.001464891270979773,0.0662744341563786,0.8600887345679012,3.523086641395885,16.644749931526384,0.46006905666908793,2160,0.04165745653709129,0.0416452433691498,0.0023797894910666416,0.0023888920384447236,0.08405347389517319,0.0016860058478450162,0.007393667009357701,primary,3,"[0, 1, 2]",180,10,MATCHES_B0_EXACTLY
O1_JQ_SVD_ORACLE,2,0.0,64,8,per_prompt,actual_d,0.03142264033741192,0.03139943497795675,0.000538229632679761,0.0005688932527489636,0.07890946502057612,0.8600887345679012,0.6863360891644672,16.644749931526384,0.20306252421475957,2160,0.0416139165407124,0.04159232384532521,0.0010503772295717179,0.0010880240340701791,0.08398999449406444,0.0010143097379291994,0.002039267745812389,primary,3,"[0, 1, 2]",180,10,MATCHES_B0_EXACTLY
O1_JQ_SVD_ORACLE,4,0.0,64,8,per_prompt,actual_d,0.031417403837805835,0.03138278343796058,0.0003796854157925269,0.0004244840612609575,0.10475180041152263,0.8600887345679012,0.3935746571298582,16.644749931526384,0.15377117237645493,2160,0.04160665792204703,0.04157808812833971,0.0007954088951339644,0.0008554989073388271,0.08393706409018221,0.0007916233682584146,0.0006116331713469979,primary,3,"[0, 1, 2]",180,10,MATCHES_B0_EXACTLY
O1_JQ_SVD_ORACLE,8,0.0,64,8,per_prompt,actual_d,0.03141605357088622,0.031378751964106215,0.0002817543893394948,0.00033220537210560443,0.11965020576131688,0.8600887345679012,0.2210198456461134,16.644749931526384,0.11523303441718286,2160,0.041603383193659214,0.04157403285486595,0.000596063482980506,0.0006751881862839351,0.08396994365863462,0.00031408561126527063,0.0005469763696437468,primary,3,"[0, 1, 2]",180,10,MATCHES_B0_EXACTLY
O1_JQ_SVD_ORACLE,16,0.0,64,8,per_prompt,actual_d,0.03141598836721825,0.03137854360811205,0.00026920866855448673,0.00032011845470024527,0.12104552469135801,0.8600887345679012,0.2077558098710464,16.644749931526384,0.11172180700644123,2160,0.04160257293845015,0.04157306286919703,0.0005779010311231141,0.0006592495487963094,0.08398205670840542,0.00021071578031605807,0.0005393307939009702,primary,3,"[0, 1, 2]",180,10,MATCHES_B0_EXACTLY
O1_JQ_SVD_ORACLE,FULL,0.0,64,8,per_prompt,actual_d,0.03141596774574322,0.031378524412675794,0.0002691564332725601,0.0003200671050640924,0.12104552469135801,0.8600887345679012,0.20773518989098697,16.644749931526384,0.11171626261613479,2160,0.041602569077196186,0.041573062131327124,0.0005778723517724942,0.0006592242359742883,0.08398188946738033,0.0002103434659537392,0.0005393825636480956,primary,3,"[0, 1, 2]",180,10,MATCHES_B0_EXACTLY
B4_ENERGY95,FULL,0.01,64,8,per_prompt,actual_d,0.013020687139013122,0.01300858349536478,0.03326808665709116,0.03325709631695792,0.007896090534979423,0.8600887345679012,1216.010070962154,16.644749931526384,8.547319701771858,2160,0.01784864286313811,0.017821361542747993,0.044212540070248614,0.04420283857861056,0.03579187505071984,0.021246488918204895,0.01856608270411211,primary,3,"[0, 1, 2]",180,10,MATCHES_B0_EXACTLY
B2_FULL_PARAMETER_SKETCH,4,0.01,64,8,per_prompt,actual_d,0.017687682793124188,0.017593564031999763,0.032583772849173034,0.032494565134919565,0.02296167695473251,0.8600887345679012,1258.4166431627548,16.644749931526384,8.695080144023096,2160,0.026645526892870117,0.02631130667262156,0.04497685738863279,0.04476643179183844,0.05139578405072678,0.023370744951913647,0.018249649282857473,primary,3,"[0, 1, 2]",180,10,MATCHES_B0_EXACTLY
B5_EXACT_SELECTED_DIAGNOSTIC,1,0.01,64,8,per_prompt,actual_d,0.02059835478608302,0.020546388438469565,0.020162916957537236,0.020117804852179767,0.034908693415637855,0.8600887345679012,599.1711784748569,16.644749931526384,5.9998006392316015,2160,0.02990500255175318,0.02980492000343428,0.03103504202850172,0.03094780457973549,0.057258855713873104,0.0159548450564699,0.013380134127098443,primary,3,"[0, 1, 2]",180,10,MATCHES_B0_EXACTLY
