method,rank_cap,alpha,n,fit_budget,representation,input_mode,seed,level_mae,projected_level_mae,delta_mae,projected_delta_mae,raw_invalid_fraction,near_zero_prompt_fraction,delta_error_ss,delta_truth_ss,response_nrmse,sample_count,level_rmse,projected_level_rmse,delta_rmse,projected_delta_rmse,mean_block_prompt_abs_error_q95,group_delta_pX_q95_max,group_delta_v_q95_max,panel,noise_replicas
B0_PERSISTENCE,0,0.0,exact,8,per_prompt,actual_d,301,0.003546245201398124,0.003546245201398124,0.003546245201398124,0.003546245201398124,0.0,0.871141975308642,0.5315488613558021,0.5315488613558021,1.0,72,0.005063013716866082,0.005063013716866083,0.005063013716866082,0.005063013716866083,0.008753808702271543,0.002522036293010236,0.0063888282515328606,robust,1
B5_WORST_GROUP_RANK,0,0.0,exact,8,per_prompt,actual_d,301,0.003546245201398124,0.003546245201398124,0.003546245201398124,0.003546245201398124,0.0,0.871141975308642,0.5315488613558021,0.5315488613558021,1.0,72,0.005063013716866082,0.005063013716866083,0.005063013716866082,0.005063013716866083,0.008753808702271543,0.002522036293010236,0.0063888282515328606,robust,1
B6_FULL_Q_RIDGE,FULL,0.01,exact,8,per_prompt,actual_d,301,0.00041870969306495825,0.0004187096930649578,0.0004187096930649585,0.0004187096930649579,0.0,0.871141975308642,0.0123403871305918,0.5315488613558021,0.1523676593393106,72,0.0007714395492417077,0.0007714395492417077,0.0007714395492417081,0.0007714395492417077,0.0013197834597995224,0.0003141445941955135,0.0011494281034785073,robust,1
B5_EXACT_SELECTED_DIAGNOSTIC,1,0.01,exact,8,per_prompt,actual_d,301,0.0005805225858556204,0.0005805225858556198,0.0005805225858556205,0.0005805225858556199,0.0,0.871141975308642,0.023097789244706114,0.5315488613558021,0.2084556213421934,72,0.001055413670213367,0.0010554136702133673,0.001055413670213367,0.0010554136702133675,0.0018579102423507722,0.0007294909983117084,0.0026628465505396143,robust,1
B0_PERSISTENCE,0,0.0,64,8,per_prompt,actual_d,301,0.03166185010079425,0.03166185010079425,0.003546245201398124,0.003546245201398124,0.0,0.871141975308642,2.6577443067790107,2.6577443067790107,1.0,360,0.04189412498143023,0.04189412498143023,0.005063013716866082,0.005063013716866082,0.08338931270520904,0.002559452977113579,0.006602232756602269,robust,5
B5_WORST_GROUP_RANK,0,0.0,64,8,per_prompt,actual_d,301,0.03166185010079425,0.03166185010079425,0.003546245201398124,0.003546245201398124,0.0,0.871141975308642,2.6577443067790107,2.6577443067790107,1.0,360,0.04189412498143023,0.04189412498143023,0.005063013716866082,0.005063013716866082,0.08338931270520904,0.002559452977113579,0.006602232756602269,robust,5
B6_FULL_Q_RIDGE,FULL,0.01,64,8,per_prompt,actual_d,301,0.013492252472795552,0.013489826540754674,0.03351768811202214,0.033516174279456815,0.00798611111111111,0.871141975308642,204.0570319503065,2.6577443067790107,8.762321511318339,360,0.018080662544555478,0.018078962068874084,0.04436375400339549,0.04436260287352043,0.03656625320045563,0.021717744130920136,0.022844289180917236,robust,5
B5_EXACT_SELECTED_DIAGNOSTIC,1,0.01,64,8,per_prompt,actual_d,301,0.017800686206895802,0.017786857657305002,0.027343651145646575,0.027329382126187088,0.014274691358024692,0.871141975308642,154.40256466616313,2.6577443067790107,7.622030049862199,360,0.025645099237811955,0.025622267604064518,0.038590442692817785,0.038573801322526025,0.0487352346483503,0.02139453903840401,0.021786617543912448,robust,5
B0_PERSISTENCE,0,0.0,16,8,per_prompt,actual_d,301,0.06214961901409415,0.06214961901409415,0.003546245201398124,0.003546245201398124,0.0,0.871141975308642,2.6577443067790107,2.6577443067790107,1.0,360,0.0832041093945816,0.0832041093945816,0.005063013716866082,0.005063013716866082,0.16740392202566015,0.002559452977113579,0.006602232756602269,robust,5
B6_FULL_Q_RIDGE,FULL,0.01,16,8,per_prompt,actual_d,301,0.02702489745738925,0.026987443431925585,0.06649478929236007,0.06646729465896575,0.03641975308641975,0.871141975308642,813.1691381176238,2.6577443067790107,17.491773521261017,360,0.03627557155252805,0.0362422659276567,0.08856108927045947,0.08854322368609972,0.07327985119260162,0.057728793467730036,0.04007471639120654,robust,5
B5_WORST_GROUP_RANK,0,0.0,16,8,per_prompt,actual_d,301,0.06214961901409415,0.06214961901409415,0.003546245201398124,0.003546245201398124,0.0,0.871141975308642,2.6577443067790107,2.6577443067790107,1.0,360,0.0832041093945816,0.0832041093945816,0.005063013716866082,0.005063013716866082,0.16740392202566015,0.002559452977113579,0.006602232756602269,robust,5
B5_EXACT_SELECTED_DIAGNOSTIC,1,0.01,16,8,per_prompt,actual_d,301,0.036057283502527175,0.03587303017361776,0.052007715772273894,0.05184747678542509,0.0736496913580247,0.871141975308642,591.8273965966592,2.6577443067790107,14.922477559443562,360,0.05176972272196595,0.05148961457406868,0.07555270857308906,0.07543208693796007,0.09945002579441053,0.056935577157679655,0.034832783696761134,robust,5
B0_PERSISTENCE,0,0.0,256,8,per_prompt,actual_d,301,0.016162771080770046,0.016162771080770046,0.003546245201398124,0.003546245201398124,0.0,0.871141975308642,2.6577443067790107,2.6577443067790107,1.0,360,0.02148475814984028,0.02148475814984028,0.005063013716866082,0.005063013716866082,0.042882646273503855,0.002559452977113579,0.006602232756602269,robust,5
B6_FULL_Q_RIDGE,FULL,0.01,256,8,per_prompt,actual_d,301,0.006772316038208297,0.006772316038208297,0.016917622743597576,0.016917622743597576,0.0,0.871141975308642,52.04459203902848,2.6577443067790107,4.4251827016966745,360,0.009048917029334165,0.009048917029334165,0.02240476071832877,0.02240476071832877,0.018336916106641735,0.015513065339798718,0.011421360516306262,robust,5
B5_WORST_GROUP_RANK,0,0.0,256,8,per_prompt,actual_d,301,0.016162771080770046,0.016162771080770046,0.003546245201398124,0.003546245201398124,0.0,0.871141975308642,2.6577443067790107,2.6577443067790107,1.0,360,0.02148475814984028,0.02148475814984028,0.005063013716866082,0.005063013716866082,0.042882646273503855,0.002559452977113579,0.006602232756602269,robust,5
B5_EXACT_SELECTED_DIAGNOSTIC,1,0.01,256,8,per_prompt,actual_d,301,0.009049500289086304,0.009049003735193423,0.013685714089096803,0.013685582496933262,0.0017746913580246916,0.871141975308642,38.55673984333111,2.6577443067790107,3.8088472345100066,360,0.012885659491152652,0.01288522639454402,0.019284245793771606,0.019284119496454682,0.02452412788819625,0.014666176017398,0.009944807345554361,robust,5
B0_PERSISTENCE,0,0.0,exact,8,per_prompt,actual_d,302,0.0035041636446940952,0.0035041636446940944,0.0035041636446940952,0.0035041636446940944,0.0,0.8659336419753086,0.5698248934042685,0.5698248934042685,1.0,72,0.005242135190578504,0.005242135190578504,0.005242135190578504,0.005242135190578504,0.008912180317517416,0.0020850655182430254,0.007096139103531239,robust,1
B5_WORST_GROUP_RANK,0,0.0,exact,8,per_prompt,actual_d,302,0.0035041636446940952,0.0035041636446940944,0.0035041636446940952,0.0035041636446940944,0.0,0.8659336419753086,0.5698248934042685,0.5698248934042685,1.0,72,0.005242135190578504,0.005242135190578504,0.005242135190578504,0.005242135190578504,0.008912180317517416,0.0020850655182430254,0.007096139103531239,robust,1
B6_FULL_Q_RIDGE,FULL,0.01,exact,8,per_prompt,actual_d,302,0.0003856587162653428,0.0003856587162653425,0.00038565871626534303,0.0003856587162653425,0.0,0.8659336419753086,0.011028341349776255,0.5698248934042685,0.13911834131589282,72,0.0007292771526669528,0.0007292771526669532,0.0007292771526669532,0.0007292771526669532,0.0013725570961494044,0.0002479901546735115,0.0010083397738254003,robust,1
B5_EXACT_SELECTED_DIAGNOSTIC,1,0.01,exact,8,per_prompt,actual_d,302,0.0006830641357017095,0.0006830641357017092,0.0006830641357017095,0.0006830641357017091,0.0,0.8659336419753086,0.02912479704659676,0.5698248934042685,0.22607927140394943,72,0.0011851381044869918,0.0011851381044869918,0.0011851381044869916,0.0011851381044869918,0.00196543011264556,0.0008605105858285547,0.0030638012171866308,robust,1
B0_PERSISTENCE,0,0.0,64,8,per_prompt,actual_d,302,0.03270435722556126,0.03270435722556126,0.0035041636446940952,0.0035041636446940952,0.0,0.8659336419753085,2.8491244670213423,2.8491244670213423,1.0,360,0.043121230523552045,0.043121230523552045,0.005242135190578504,0.005242135190578504,0.0859923375560776,0.0021787870180515457,0.0074688775445691845,robust,5
B5_WORST_GROUP_RANK,0,0.0,64,8,per_prompt,actual_d,302,0.03270435722556126,0.03270435722556126,0.0035041636446940952,0.0035041636446940952,0.0,0.8659336419753085,2.8491244670213423,2.8491244670213423,1.0,360,0.043121230523552045,0.043121230523552045,0.005242135190578504,0.005242135190578504,0.0859923375560776,0.0021787870180515457,0.0074688775445691845,robust,5
B6_FULL_Q_RIDGE,FULL,0.01,64,8,per_prompt,actual_d,302,0.01371545910106813,0.013707079399368584,0.034688530833692326,0.03468149067664172,0.006597222222222222,0.8659336419753085,215.89932769825933,2.8491244670213423,8.705023218861134,360,0.018831874345630314,0.018815202113109983,0.04563290855039491,0.045628668099408236,0.03745613739240142,0.020693986567230885,0.019142945163333296,robust,5
B5_EXACT_SELECTED_DIAGNOSTIC,1,0.01,64,8,per_prompt,actual_d,302,0.022778694749015466,0.022750063400080053,0.02042789992915515,0.02040424601501984,0.018209876543209876,0.8659336419753085,99.50160730844443,2.8491244670213423,5.909617022312178,360,0.03261557622543339,0.032567290792764964,0.03097901135550442,0.030933960331584215,0.06272483692242159,0.014481393046314055,0.015501681186064646,robust,5
B0_PERSISTENCE,0,0.0,16,8,per_prompt,actual_d,302,0.06502996722892715,0.06502996722892715,0.0035041636446940952,0.0035041636446940952,0.0,0.8659336419753085,2.8491244670213423,2.8491244670213423,1.0,360,0.08631496055991289,0.08631496055991289,0.005242135190578504,0.005242135190578504,0.17425888801756922,0.0021787870180515457,0.0074688775445691845,robust,5
B6_FULL_Q_RIDGE,FULL,0.01,16,8,per_prompt,actual_d,302,0.02737974392209052,0.02725322060261463,0.06956414513840124,0.0694534597275817,0.040817901234567903,0.8659336419753085,875.1054655500423,2.8491244670213423,17.52566423445118,360,0.03729471308575877,0.03705359504661529,0.09187190122167961,0.09180143853657573,0.07377425188499165,0.04641568141112284,0.0487647374170927,robust,5
B5_WORST_GROUP_RANK,0,0.0,16,8,per_prompt,actual_d,302,0.06502996722892715,0.06502996722892715,0.0035041636446940952,0.0035041636446940952,0.0,0.8659336419753085,2.8491244670213423,2.8491244670213423,1.0,360,0.08631496055991289,0.08631496055991289,0.005242135190578504,0.005242135190578504,0.17425888801756922,0.0021787870180515457,0.0074688775445691845,robust,5
B5_EXACT_SELECTED_DIAGNOSTIC,1,0.01,16,8,per_prompt,actual_d,302,0.04112047405549781,0.04071456930547471,0.042392016860508724,0.0420245181909543,0.11400462962962962,0.8659336419753085,430.9128833984452,2.8491244670213423,12.298128547948393,360,0.05903474538470072,0.058212364295617054,0.06446845243945838,0.06386930991970398,0.11356636593839055,0.04390597980282626,0.03168744404526165,robust,5
B0_PERSISTENCE,0,0.0,256,8,per_prompt,actual_d,302,0.016693962354097196,0.016693962354097196,0.0035041636446940952,0.0035041636446940952,0.0,0.8659336419753085,2.8491244670213423,2.8491244670213423,1.0,360,0.021997525936769815,0.021997525936769815,0.005242135190578504,0.005242135190578504,0.044406189546341034,0.0021787870180515457,0.0074688775445691845,robust,5
B6_FULL_Q_RIDGE,FULL,0.01,256,8,per_prompt,actual_d,302,0.006887462631267386,0.00688733588969022,0.017636526190294797,0.01763638990576566,0.00023148148148148146,0.8659336419753085,55.2024766602129,2.8491244670213423,4.401731729542123,360,0.009415333228923283,0.00941499299983165,0.023074472798918746,0.023074379527730084,0.018703022769582564,0.012850784601019022,0.013405895220493624,robust,5
B5_WORST_GROUP_RANK,0,0.0,256,8,per_prompt,actual_d,302,0.016693962354097196,0.016693962354097196,0.0035041636446940952,0.0035041636446940952,0.0,0.8659336419753085,2.8491244670213423,2.8491244670213423,1.0,360,0.021997525936769815,0.021997525936769815,0.005242135190578504,0.005242135190578504,0.044406189546341034,0.0021787870180515457,0.0074688775445691845,robust,5
B5_EXACT_SELECTED_DIAGNOSTIC,1,0.01,256,8,per_prompt,actual_d,302,0.01136412246945152,0.011362090407406784,0.01041235456494212,0.010410250814405584,0.0015432098765432096,0.8659336419753085,24.65083151663585,2.8491244670213423,2.9414405524029577,360,0.01628009961473542,0.01627598050866999,0.015419429030746218,0.015415077870632033,0.031099155863309472,0.008631185501789453,0.007878008883310332,robust,5
B0_PERSISTENCE,0,0.0,exact,8,per_prompt,actual_d,303,0.003620023631442452,0.003620023631442453,0.003620023631442452,0.003620023631442453,0.0,0.8337191358024691,0.7004438823024066,0.7004438823024066,1.0,72,0.005811980936859393,0.0058119809368593935,0.005811980936859393,0.0058119809368593935,0.009235757933060718,0.0025362936042160025,0.005617674096221107,robust,1
B5_WORST_GROUP_RANK,0,0.0,exact,8,per_prompt,actual_d,303,0.003620023631442452,0.003620023631442453,0.003620023631442452,0.003620023631442453,0.0,0.8337191358024691,0.7004438823024066,0.7004438823024066,1.0,72,0.005811980936859393,0.0058119809368593935,0.005811980936859393,0.0058119809368593935,0.009235757933060718,0.0025362936042160025,0.005617674096221107,robust,1
B6_FULL_Q_RIDGE,FULL,0.01,exact,8,per_prompt,actual_d,303,0.00027075598381272575,0.00027075598381272537,0.00027075598381272597,0.0002707559838127254,0.0,0.8337191358024691,0.004209650953186372,0.7004438823024066,0.0775240352700126,72,0.0004505682151377282,0.00045056821513772853,0.0004505682151377285,0.00045056821513772864,0.0008410304427375565,0.0003052879891305948,0.0007108195499344162,robust,1
B5_EXACT_SELECTED_DIAGNOSTIC,1,0.01,exact,8,per_prompt,actual_d,303,0.0005458243860056443,0.0005458243860056447,0.0005458243860056449,0.0005458243860056447,0.0,0.8337191358024691,0.017442586921447636,0.7004438823024066,0.15780427877522396,72,0.000917155459996447,0.000917155459996447,0.000917155459996447,0.000917155459996447,0.0014633448198439305,0.0007741978338404229,0.002699158128516711,robust,1
B0_PERSISTENCE,0,0.0,64,8,per_prompt,actual_d,303,0.03128972520336373,0.03128972520336373,0.003620023631442452,0.003620023631442452,0.0,0.8337191358024693,3.502219411512033,3.502219411512033,1.0,360,0.04143045702388834,0.04143045702388834,0.005811980936859393,0.005811980936859393,0.08343945505814887,0.0025402638870556603,0.005617674096221107,robust,5
B5_WORST_GROUP_RANK,0,0.0,64,8,per_prompt,actual_d,303,0.03128972520336373,0.03128972520336373,0.003620023631442452,0.003620023631442452,0.0,0.8337191358024693,3.502219411512033,3.502219411512033,1.0,360,0.04143045702388834,0.04143045702388834,0.005811980936859393,0.005811980936859393,0.08343945505814887,0.0025402638870556603,0.005617674096221107,robust,5
B6_FULL_Q_RIDGE,FULL,0.01,64,8,per_prompt,actual_d,303,0.012165598371769238,0.012162758015424527,0.032651238254634715,0.03264917056244335,0.002700617283950617,0.8337191358024693,194.679224008801,3.502219411512033,7.455694903385618,360,0.016546254821372616,0.016541750749178883,0.04333235664951694,0.043330842996006196,0.03358886683586293,0.03030469042633488,0.021986724944888503,robust,5
B5_EXACT_SELECTED_DIAGNOSTIC,1,0.01,64,8,per_prompt,actual_d,303,0.02000216326353409,0.01998155716454019,0.018608083583471293,0.018591815128175936,0.03765432098765432,0.8337191358024693,84.48870319428295,3.502219411512033,4.911652656824487,360,0.028919580290057686,0.028892113988417015,0.02854643160993871,0.02854223432353275,0.055268851918878426,0.017561942845732932,0.01551547380324639,robust,5
B0_PERSISTENCE,0,0.0,16,8,per_prompt,actual_d,303,0.06164559861005543,0.06164559861005543,0.003620023631442452,0.003620023631442452,0.0,0.8337191358024693,3.502219411512033,3.502219411512033,1.0,360,0.08205396988761002,0.08205396988761002,0.005811980936859393,0.005811980936859393,0.16645603805160156,0.0025402638870556603,0.005617674096221107,robust,5
B6_FULL_Q_RIDGE,FULL,0.01,16,8,per_prompt,actual_d,303,0.024344824366473734,0.02430360292580702,0.06516055103020822,0.06512983561267388,0.02183641975308642,0.8337191358024693,782.330921567856,3.502219411512033,14.945951636872172,360,0.03338457614433341,0.03332423498550571,0.0868655859967235,0.08684401482725035,0.0674972270223284,0.04094115893354312,0.04062244271835269,robust,5
B5_WORST_GROUP_RANK,0,0.0,16,8,per_prompt,actual_d,303,0.06164559861005543,0.06164559861005543,0.003620023631442452,0.003620023631442452,0.0,0.8337191358024693,3.502219411512033,3.502219411512033,1.0,360,0.08205396988761002,0.08205396988761002,0.005811980936859393,0.005811980936859393,0.16645603805160156,0.0025402638870556603,0.005617674096221107,robust,5
B5_EXACT_SELECTED_DIAGNOSTIC,1,0.01,16,8,per_prompt,actual_d,303,0.04721395200324766,0.046652920045489044,0.028318970247589018,0.02791369609648293,0.1773533950617284,0.8337191358024693,229.05714378855828,3.502219411512033,8.08723838922799,360,0.06743334211990164,0.06653955076889578,0.04700287535003053,0.04675484977878109,0.13113251698895673,0.03075817508541096,0.030213532253831443,robust,5
B0_PERSISTENCE,0,0.0,256,8,per_prompt,actual_d,303,0.016032563295881503,0.016032563295881503,0.003620023631442452,0.003620023631442452,0.0,0.8337191358024693,3.502219411512033,3.502219411512033,1.0,360,0.02148002632066766,0.02148002632066766,0.005811980936859393,0.005811980936859393,0.04360733876125559,0.0025402638870556603,0.005617674096221107,robust,5
B6_FULL_Q_RIDGE,FULL,0.01,256,8,per_prompt,actual_d,303,0.006111276421331399,0.006111276421331399,0.01637050053500609,0.01637050053500609,0.0,0.8337191358024693,48.998131393657985,3.502219411512033,3.7404003035320157,360,0.00832993087365665,0.00832993087365665,0.021739135260351164,0.021739135260351164,0.016765154836668093,0.013217497312743349,0.010953504778296609,robust,5
B5_WORST_GROUP_RANK,0,0.0,256,8,per_prompt,actual_d,303,0.016032563295881503,0.016032563295881503,0.003620023631442452,0.003620023631442452,0.0,0.8337191358024693,3.502219411512033,3.502219411512033,1.0,360,0.02148002632066766,0.02148002632066766,0.005811980936859393,0.005811980936859393,0.04360733876125559,0.0025402638870556603,0.005617674096221107,robust,5
B5_EXACT_SELECTED_DIAGNOSTIC,1,0.01,256,8,per_prompt,actual_d,303,0.010767532900977546,0.010763973523090196,0.00993411462494601,0.009930822441731978,0.008680555555555556,0.8337191358024693,24.15037693401797,3.502219411512033,2.625973150793008,360,0.015502214504632274,0.015498310803194514,0.015262105893113559,0.015261177961425303,0.03018874805252133,0.011097838050473038,0.009719393888728677,robust,5
B0_PERSISTENCE,0,0.0,exact,8,per_prompt,actual_d,304,0.003522172395780221,0.0035221723957802203,0.003522172395780221,0.0035221723957802203,0.0,0.865162037037037,0.5795917717255175,0.5795917717255175,1.0,72,0.005286869780674797,0.005286869780674798,0.005286869780674797,0.005286869780674798,0.009471368275882493,0.0021604330023734,0.0062036219031529624,robust,1
B5_WORST_GROUP_RANK,0,0.0,exact,8,per_prompt,actual_d,304,0.003522172395780221,0.0035221723957802203,0.003522172395780221,0.0035221723957802203,0.0,0.865162037037037,0.5795917717255175,0.5795917717255175,1.0,72,0.005286869780674797,0.005286869780674798,0.005286869780674797,0.005286869780674798,0.009471368275882493,0.0021604330023734,0.0062036219031529624,robust,1
B6_FULL_Q_RIDGE,FULL,0.01,exact,8,per_prompt,actual_d,304,0.0004833209962546211,0.0004833209962546209,0.0004833209962546211,0.0004833209962546209,0.0,0.865162037037037,0.024466343331643027,0.5795917717255175,0.2054581755284566,72,0.0010862306193939757,0.001086230619393976,0.0010862306193939754,0.001086230619393976,0.0018803902196654998,0.0002757421080032338,0.0008813619356448849,robust,1
B5_EXACT_SELECTED_DIAGNOSTIC,1,0.01,exact,8,per_prompt,actual_d,304,0.0007542126110113718,0.0007542126110113717,0.0007542126110113716,0.0007542126110113717,0.0,0.865162037037037,0.04438771055337993,0.5795917717255175,0.27673893612956396,72,0.0014630827185594846,0.0014630827185594844,0.0014630827185594846,0.0014630827185594841,0.002406790823813802,0.0013341403196129406,0.003389763315845075,robust,1
B0_PERSISTENCE,0,0.0,64,8,per_prompt,actual_d,304,0.030344203079403373,0.030344203079403373,0.0035221723957802207,0.0035221723957802207,0.0,0.865162037037037,2.8979588586275873,2.8979588586275873,1.0,360,0.0405154704125234,0.0405154704125234,0.005286869780674797,0.005286869780674797,0.08129738869280288,0.0021604330023734,0.006240318749301976,robust,5
B5_WORST_GROUP_RANK,0,0.0,64,8,per_prompt,actual_d,304,0.030344203079403373,0.030344203079403373,0.0035221723957802207,0.0035221723957802207,0.0,0.865162037037037,2.8979588586275873,2.8979588586275873,1.0,360,0.0405154704125234,0.0405154704125234,0.005286869780674797,0.005286869780674797,0.08129738869280288,0.0021604330023734,0.006240318749301976,robust,5
B6_FULL_Q_RIDGE,FULL,0.01,64,8,per_prompt,actual_d,304,0.013061817348425295,0.013056166737141574,0.03160519618912108,0.031599945598360636,0.012962962962962964,0.865162037037037,185.5556751148262,2.8979588586275873,8.001861183343413,360,0.017912386097715498,0.01790831198923052,0.04230479807937296,0.04230326673245843,0.03588161791883324,0.024841314472446488,0.019044747050828304,robust,5
B5_EXACT_SELECTED_DIAGNOSTIC,1,0.01,64,8,per_prompt,actual_d,304,0.021094725292875344,0.021032356982085224,0.017308218483307252,0.01725295986552254,0.043055555555555555,0.865162037037037,75.02790383782619,2.8979588586275873,5.088213181772052,360,0.030891690501751244,0.03077160278491166,0.026900720508341823,0.026844432363130923,0.059609619950936506,0.01579323494426043,0.013421884468085302,robust,5
B0_PERSISTENCE,0,0.0,16,8,per_prompt,actual_d,304,0.06085158014458436,0.06085158014458436,0.0035221723957802207,0.0035221723957802207,0.0,0.865162037037037,2.8979588586275873,2.8979588586275873,1.0,360,0.08120390225264952,0.08120390225264952,0.005286869780674797,0.005286869780674797,0.1646310894283184,0.0021604330023734,0.006240318749301976,robust,5
B6_FULL_Q_RIDGE,FULL,0.01,16,8,per_prompt,actual_d,304,0.0261059659288911,0.026021368393298463,0.06343742190036884,0.06336217367760597,0.05042438271604938,0.865162037037037,749.1662281043804,2.8979588586275873,16.078405887310726,360,0.03566500511417472,0.035572850723411924,0.08500443820704684,0.0849678293194375,0.07174122661386674,0.046106379152608346,0.047274075437865964,robust,5
B5_WORST_GROUP_RANK,0,0.0,16,8,per_prompt,actual_d,304,0.06085158014458436,0.06085158014458436,0.0035221723957802207,0.0035221723957802207,0.0,0.865162037037037,2.8979588586275873,2.8979588586275873,1.0,360,0.08120390225264952,0.08120390225264952,0.005286869780674797,0.005286869780674797,0.1646310894283184,0.0021604330023734,0.006240318749301976,robust,5
B5_EXACT_SELECTED_DIAGNOSTIC,1,0.01,16,8,per_prompt,actual_d,304,0.04271835936895575,0.042138247801849556,0.031177821643100716,0.03071514672418256,0.1672067901234568,0.865162037037037,261.7325539188303,2.8979588586275873,9.503482156672295,360,0.06135686065775207,0.060476852238602455,0.050243672625292904,0.04997119814343986,0.11881862678280455,0.03701602681256759,0.03247280320994786,robust,5
B0_PERSISTENCE,0,0.0,256,8,per_prompt,actual_d,304,0.01580018098179173,0.01580018098179173,0.0035221723957802207,0.0035221723957802207,0.0,0.865162037037037,2.8979588586275873,2.8979588586275873,1.0,360,0.021240299370356548,0.021240299370356548,0.005286869780674797,0.005286869780674797,0.043301640933339075,0.0021604330023734,0.006240318749301976,robust,5
B6_FULL_Q_RIDGE,FULL,0.01,256,8,per_prompt,actual_d,304,0.0066212723535549805,0.006621232379737575,0.015975573173986086,0.015975534907494204,0.0002700617283950617,0.865162037037037,47.74752487241142,2.8979588586275873,4.059096011524263,360,0.009108758741193596,0.009108725688783719,0.02145991204018522,0.021459906531052717,0.018125135573351707,0.012673578654315967,0.010463245193590162,robust,5
B5_WORST_GROUP_RANK,0,0.0,256,8,per_prompt,actual_d,304,0.01580018098179173,0.01580018098179173,0.0035221723957802207,0.0035221723957802207,0.0,0.865162037037037,2.8979588586275873,2.8979588586275873,1.0,360,0.021240299370356548,0.021240299370356548,0.005286869780674797,0.005286869780674797,0.043301640933339075,0.0021604330023734,0.006240318749301976,robust,5
B5_EXACT_SELECTED_DIAGNOSTIC,1,0.01,256,8,per_prompt,actual_d,304,0.010520688383029105,0.010516564727176683,0.009444987522080662,0.009441048565048777,0.00925925925925926,0.865162037037037,21.231196888214146,2.8979588586275873,2.7067062830836983,360,0.015314775954025603,0.015310805846720257,0.014310003653197808,0.01430884171163649,0.029747693810138632,0.009259269905542296,0.007903357318823764,robust,5
B0_PERSISTENCE,0,0.0,exact,8,per_prompt,actual_d,305,0.003149269407621723,0.0031492694076217225,0.003149269407621723,0.0031492694076217225,0.0,0.8587962962962963,0.49890199889609577,0.49890199889609577,1.0,72,0.00490506910031476,0.00490506910031476,0.00490506910031476,0.00490506910031476,0.007888959914973178,0.002686383113517664,0.007032704747235826,robust,1
B5_WORST_GROUP_RANK,0,0.0,exact,8,per_prompt,actual_d,305,0.003149269407621723,0.0031492694076217225,0.003149269407621723,0.0031492694076217225,0.0,0.8587962962962963,0.49890199889609577,0.49890199889609577,1.0,72,0.00490506910031476,0.00490506910031476,0.00490506910031476,0.00490506910031476,0.007888959914973178,0.002686383113517664,0.007032704747235826,robust,1
B6_FULL_Q_RIDGE,FULL,0.01,exact,8,per_prompt,actual_d,305,0.0004564358296309834,0.00045643582963098364,0.00045643582963098326,0.00045643582963098364,0.0,0.8587962962962963,0.01970207977818583,0.49890199889609577,0.19872312804401152,72,0.0009747506748865741,0.000974750674886574,0.0009747506748865743,0.000974750674886574,0.0016544287965103337,0.00028196767988427295,0.0008402107371277487,robust,1
B5_EXACT_SELECTED_DIAGNOSTIC,1,0.01,exact,8,per_prompt,actual_d,305,0.000674251600605898,0.000674251600605898,0.0006742516006058979,0.0006742516006058979,0.0,0.8587962962962963,0.03290845295817842,0.49890199889609577,0.256830212558292,72,0.00125976993964695,0.0012597699396469499,0.0012597699396469499,0.0012597699396469499,0.0020841354708866677,0.0008436075347565056,0.002206744102699007,robust,1
B0_PERSISTENCE,0,0.0,64,8,per_prompt,actual_d,305,0.03069874408612217,0.03069874408612217,0.003149269407621723,0.003149269407621723,0.0,0.8587962962962964,2.4945099944804787,2.4945099944804787,1.0,360,0.040772717067105224,0.040772717067105224,0.004905069100314759,0.004905069100314759,0.08139919109471212,0.0026916735701468116,0.0071162516254159175,robust,5
B5_WORST_GROUP_RANK,0,0.0,64,8,per_prompt,actual_d,305,0.03069874408612217,0.03069874408612217,0.003149269407621723,0.003149269407621723,0.0,0.8587962962962964,2.4945099944804787,2.4945099944804787,1.0,360,0.040772717067105224,0.040772717067105224,0.004905069100314759,0.004905069100314759,0.08139919109471212,0.0026916735701468116,0.0071162516254159175,robust,5
B6_FULL_Q_RIDGE,FULL,0.01,64,8,per_prompt,actual_d,305,0.012543779949360867,0.012497390205845494,0.03234878133298684,0.0323058480581692,0.011689814814814814,0.8587962962962964,192.70260769241958,2.4945099944804787,8.789236926686929,360,0.017899456570087364,0.017758379600696716,0.043111814464437515,0.04306442545898452,0.035002962021859804,0.028600484607754446,0.020547192179420776,robust,5
B5_EXACT_SELECTED_DIAGNOSTIC,1,0.01,64,8,per_prompt,actual_d,305,0.020041616187396374,0.019931644457998634,0.01951938061619995,0.0194219590486618,0.045023148148148145,0.8587962962962964,98.30587057559767,2.4945099944804787,6.277650057164214,360,0.03026358930045434,0.029978298717747716,0.03079230731798537,0.03048186537535506,0.05582981599480367,0.016398744016161426,0.020019283145429168,robust,5
B0_PERSISTENCE,0,0.0,16,8,per_prompt,actual_d,305,0.06139638123335237,0.06139638123335237,0.003149269407621723,0.003149269407621723,0.0,0.8587962962962964,2.4945099944804787,2.4945099944804787,1.0,360,0.08188637706263613,0.08188637706263613,0.004905069100314759,0.004905069100314759,0.16300611227439576,0.0026916735701468116,0.0071162516254159175,robust,5
B6_FULL_Q_RIDGE,FULL,0.01,16,8,per_prompt,actual_d,305,0.025083490340585272,0.024698029799167118,0.06479913338103645,0.06444315076139984,0.035841049382716046,0.8587962962962964,781.0262819166337,2.4945099944804787,17.69457761108309,360,0.03598824584778158,0.03484845235264696,0.08679312588324502,0.0863816692416952,0.07044292768612326,0.04995450953892272,0.03971290054117623,robust,5
B5_WORST_GROUP_RANK,0,0.0,16,8,per_prompt,actual_d,305,0.06139638123335237,0.06139638123335237,0.003149269407621723,0.003149269407621723,0.0,0.8587962962962964,2.4945099944804787,2.4945099944804787,1.0,360,0.08188637706263613,0.08188637706263613,0.004905069100314759,0.004905069100314759,0.16300611227439576,0.0026916735701468116,0.0071162516254159175,robust,5
B5_EXACT_SELECTED_DIAGNOSTIC,1,0.01,16,8,per_prompt,actual_d,305,0.0446885464616004,0.04396139455163194,0.030150438121720278,0.029518121545989488,0.16616512345679013,0.8587962962962964,264.1959415351092,2.4945099944804787,10.291304937184975,360,0.0640671296598157,0.06268135922856785,0.050479561849302745,0.049248486693959564,0.1249780047565412,0.030076279108072906,0.02064930357356961,robust,5
B0_PERSISTENCE,0,0.0,256,8,per_prompt,actual_d,305,0.01572907829954124,0.01572907829954124,0.003149269407621723,0.003149269407621723,0.0,0.8587962962962964,2.4945099944804787,2.4945099944804787,1.0,360,0.0209961424581439,0.0209961424581439,0.004905069100314759,0.004905069100314759,0.04226027997175804,0.0026916735701468116,0.0071162516254159175,robust,5
B6_FULL_Q_RIDGE,FULL,0.01,256,8,per_prompt,actual_d,305,0.006364885454189511,0.006359673703226159,0.016247175696785385,0.016242343000968305,0.0037037037037037034,0.8587962962962964,48.80374845182719,2.4945099944804787,4.423173406575842,360,0.00908705756612643,0.009077807906267724,0.02169597120192913,0.021692531630603334,0.017685897623758873,0.011142655668433789,0.010060438072713033,robust,5
B5_WORST_GROUP_RANK,0,0.0,256,8,per_prompt,actual_d,305,0.01572907829954124,0.01572907829954124,0.003149269407621723,0.003149269407621723,0.0,0.8587962962962964,2.4945099944804787,2.4945099944804787,1.0,360,0.0209961424581439,0.0209961424581439,0.004905069100314759,0.004905069100314759,0.04226027997175804,0.0026916735701468116,0.0071162516254159175,robust,5
B5_EXACT_SELECTED_DIAGNOSTIC,1,0.01,256,8,per_prompt,actual_d,305,0.010095213842762856,0.01008556174276387,0.010420131976620197,0.010411311935788118,0.007137345679012345,0.8587962962962964,26.77806348561585,2.4945099944804787,3.2764003169074383,360,0.014935402240463105,0.014915052291958253,0.016070969954724162,0.016048515666469223,0.028567586415438443,0.010691676721376617,0.007770770449135697,robust,5
B0_PERSISTENCE,0,0.0,exact,8,per_prompt,actual_d,306,0.0035732314508884746,0.0035732314508884738,0.0035732314508884746,0.0035732314508884738,0.0,0.8427854938271605,0.6839455770260818,0.6839455770260818,1.0,72,0.0057431251550350785,0.0057431251550350785,0.0057431251550350785,0.0057431251550350785,0.009608425771738531,0.0025729555793599593,0.005837249402251229,robust,1
B5_WORST_GROUP_RANK,0,0.0,exact,8,per_prompt,actual_d,306,0.0035732314508884746,0.0035732314508884738,0.0035732314508884746,0.0035732314508884738,0.0,0.8427854938271605,0.6839455770260818,0.6839455770260818,1.0,72,0.0057431251550350785,0.0057431251550350785,0.0057431251550350785,0.0057431251550350785,0.009608425771738531,0.0025729555793599593,0.005837249402251229,robust,1
B6_FULL_Q_RIDGE,FULL,0.01,exact,8,per_prompt,actual_d,306,0.00048448820918272614,0.00048448820918272603,0.00048448820918272587,0.000484488209182726,0.0,0.8427854938271605,0.0270913482426235,0.6839455770260818,0.19902358127356842,72,0.0011430173360573994,0.0011430173360573999,0.0011430173360573992,0.0011430173360573999,0.0019031622335733734,0.00016431002447163623,0.0010261046102232572,robust,1
B5_EXACT_SELECTED_DIAGNOSTIC,1,0.01,exact,8,per_prompt,actual_d,306,0.0007309180887627258,0.0007309180887627258,0.0007309180887627259,0.0007309180887627258,0.0,0.8427854938271605,0.042803633557947696,0.6839455770260818,0.2501667266623665,72,0.0014367388208474216,0.0014367388208474216,0.0014367388208474216,0.0014367388208474216,0.002531253838770198,0.0008312929841874689,0.003213494600789618,robust,1
B0_PERSISTENCE,0,0.0,64,8,per_prompt,actual_d,306,0.03137978171514234,0.03137978171514234,0.003573231450888475,0.003573231450888475,0.0,0.8427854938271605,3.4197278851304094,3.4197278851304094,1.0,360,0.04196512575485164,0.04196512575485164,0.0057431251550350785,0.0057431251550350785,0.08480630579304327,0.002579541161805954,0.005840825267896442,robust,5
B5_WORST_GROUP_RANK,0,0.0,64,8,per_prompt,actual_d,306,0.03137978171514234,0.03137978171514234,0.003573231450888475,0.003573231450888475,0.0,0.8427854938271605,3.4197278851304094,3.4197278851304094,1.0,360,0.04196512575485164,0.04196512575485164,0.0057431251550350785,0.0057431251550350785,0.08480630579304327,0.002579541161805954,0.005840825267896442,robust,5
B6_FULL_Q_RIDGE,FULL,0.01,64,8,per_prompt,actual_d,306,0.012243693950830237,0.012240731751497822,0.03241214250881864,0.032409648313823806,0.0049382716049382715,0.8427854938271605,193.4969984355416,3.4197278851304094,7.522138775164216,360,0.01648706910901699,0.016484052851275525,0.043200584419310364,0.04319940580047898,0.03374562472973791,0.02447646465111584,0.018651416354885365,robust,5
B5_EXACT_SELECTED_DIAGNOSTIC,1,0.01,64,8,per_prompt,actual_d,306,0.019120865904517042,0.019074108318336554,0.020425896848563482,0.02039522044483051,0.03132716049382716,0.8427854938271605,98.02843561415247,3.4197278851304094,5.3540233530119785,360,0.028299232354216337,0.028207613750305855,0.03074882619932835,0.03072783002676,0.05391446075529068,0.018577527388357207,0.014391132324390113,robust,5
B0_PERSISTENCE,0,0.0,16,8,per_prompt,actual_d,306,0.06205223916002635,0.06205223916002635,0.003573231450888475,0.003573231450888475,0.0,0.8427854938271605,3.4197278851304094,3.4197278851304094,1.0,360,0.08350172352217779,0.08350172352217779,0.0057431251550350785,0.0057431251550350785,0.17018368593878305,0.002579541161805954,0.005840825267896442,robust,5
B6_FULL_Q_RIDGE,FULL,0.01,16,8,per_prompt,actual_d,306,0.024701933038402228,0.024637383962932663,0.06480971514406754,0.0647585499585413,0.03526234567901235,0.8427854938271605,785.412990588968,3.4197278851304094,15.154906637325455,360,0.03353098809669085,0.03344816149152998,0.08703652553103189,0.08700948346664537,0.06873366556529957,0.04241434429899723,0.04302837548268015,robust,5
B5_WORST_GROUP_RANK,0,0.0,16,8,per_prompt,actual_d,306,0.06205223916002635,0.06205223916002635,0.003573231450888475,0.003573231450888475,0.0,0.8427854938271605,3.4197278851304094,3.4197278851304094,1.0,360,0.08350172352217779,0.08350172352217779,0.0057431251550350785,0.0057431251550350785,0.17018368593878305,0.002579541161805954,0.005840825267896442,robust,5
B5_EXACT_SELECTED_DIAGNOSTIC,1,0.01,16,8,per_prompt,actual_d,306,0.04148142914098722,0.04085302569206364,0.03727880673848203,0.03677195412454393,0.15308641975308643,0.8427854938271605,354.7859904333087,3.4197278851304094,10.185619686101157,360,0.0616618399785762,0.06069408273574004,0.05849728863886806,0.05813771377362951,0.11678753760222967,0.03751609977510848,0.028465260301678192,robust,5
B0_PERSISTENCE,0,0.0,256,8,per_prompt,actual_d,306,0.016105674667039438,0.016105674667039438,0.003573231450888475,0.003573231450888475,0.0,0.8427854938271605,3.4197278851304094,3.4197278851304094,1.0,360,0.021591792926516057,0.021591792926516057,0.0057431251550350785,0.0057431251550350785,0.043349777714597054,0.002579541161805954,0.005840825267896442,robust,5
B6_FULL_Q_RIDGE,FULL,0.01,256,8,per_prompt,actual_d,306,0.0061052194737898,0.00610521676128673,0.016241923500276093,0.016241920787773024,3.8580246913580246e-05,0.8427854938271605,47.919117366840446,3.4197278851304094,3.743334442158352,360,0.008223232044249563,0.008223229950843932,0.021498438198468833,0.021498436739939574,0.016652717324884377,0.010500741107560392,0.011681815351298325,robust,5
B5_WORST_GROUP_RANK,0,0.0,256,8,per_prompt,actual_d,306,0.016105674667039438,0.016105674667039438,0.003573231450888475,0.003573231450888475,0.0,0.8427854938271605,3.4197278851304094,3.4197278851304094,1.0,360,0.021591792926516057,0.021591792926516057,0.0057431251550350785,0.0057431251550350785,0.043349777714597054,0.002579541161805954,0.005840825267896442,robust,5
B5_EXACT_SELECTED_DIAGNOSTIC,1,0.01,256,8,per_prompt,actual_d,306,0.008687261315918175,0.00868673124749529,0.011520560993714346,0.011520464843562828,0.001388888888888889,0.8427854938271605,29.105186922622334,3.4197278851304094,2.9173559527851833,360,0.012553632321206014,0.012552757949098986,0.016754740358631913,0.016754705431880006,0.024380852547115254,0.009594522828328232,0.009621137785894521,robust,5
B0_PERSISTENCE,0,0.0,exact,8,per_prompt,actual_d,307,0.0034269909240176814,0.003426990924017682,0.0034269909240176814,0.003426990924017682,0.0,0.8595679012345678,0.5276304282510934,0.5276304282510934,1.0,72,0.005044317619986532,0.005044317619986531,0.005044317619986532,0.005044317619986531,0.008758279840832571,0.002183354517425513,0.006060699424068498,robust,1
B5_WORST_GROUP_RANK,0,0.0,exact,8,per_prompt,actual_d,307,0.0034269909240176814,0.003426990924017682,0.0034269909240176814,0.003426990924017682,0.0,0.8595679012345678,0.5276304282510934,0.5276304282510934,1.0,72,0.005044317619986532,0.005044317619986531,0.005044317619986532,0.005044317619986531,0.008758279840832571,0.002183354517425513,0.006060699424068498,robust,1
B6_FULL_Q_RIDGE,FULL,0.01,exact,8,per_prompt,actual_d,307,0.00042140185189342273,0.0004214018518934224,0.0004214018518934227,0.0004214018518934224,0.0,0.8595679012345678,0.013749297430533559,0.5276304282510934,0.16142668816322372,72,0.0008142874874378204,0.0008142874874378202,0.0008142874874378206,0.0008142874874378203,0.0013513138405043072,0.00028050640382944544,0.0008928735186709922,robust,1
B5_EXACT_SELECTED_DIAGNOSTIC,1,0.01,exact,8,per_prompt,actual_d,307,0.0006777919461856159,0.0006777919461856154,0.000677791946185616,0.0006777919461856154,0.0,0.8595679012345678,0.02900696750065387,0.5276304282510934,0.23446944075876747,72,0.0011827383313678392,0.0011827383313678388,0.001182738331367839,0.001182738331367839,0.001964024344250519,0.0008593674633964282,0.0032639097784994543,robust,1
B0_PERSISTENCE,0,0.0,64,8,per_prompt,actual_d,307,0.03180882371930026,0.03180882371930026,0.003426990924017682,0.003426990924017682,0.0,0.8595679012345679,2.6381521412554667,2.6381521412554667,1.0,360,0.04201696634757552,0.04201696634757552,0.005044317619986531,0.005044317619986531,0.0854488817095247,0.0022421463362560733,0.006060699424068498,robust,5
B5_WORST_GROUP_RANK,0,0.0,64,8,per_prompt,actual_d,307,0.03180882371930026,0.03180882371930026,0.003426990924017682,0.003426990924017682,0.0,0.8595679012345679,2.6381521412554667,2.6381521412554667,1.0,360,0.04201696634757552,0.04201696634757552,0.005044317619986531,0.005044317619986531,0.0854488817095247,0.0022421463362560733,0.006060699424068498,robust,5
B6_FULL_Q_RIDGE,FULL,0.01,64,8,per_prompt,actual_d,307,0.014239510134448397,0.01423258006588997,0.034209240493686566,0.034203284405501924,0.00949074074074074,0.8595679012345679,213.74475790956822,2.6381521412554667,9.001146235841675,360,0.019417552378064022,0.01940726317404628,0.04540464055753161,0.04539904513793588,0.03913993876634851,0.019464015731884162,0.020672350859022613,robust,5
B5_EXACT_SELECTED_DIAGNOSTIC,1,0.01,64,8,per_prompt,actual_d,307,0.019975457980327196,0.01993404110337675,0.024613491550381155,0.02457551413364878,0.03460648148148148,0.8595679012345679,141.20838438085252,2.6381521412554667,7.316111628817252,360,0.029338795419030943,0.029277353790718257,0.03690479079903122,0.036846906324269166,0.055485888916957854,0.01718290558937059,0.0156445208591204,robust,5
B0_PERSISTENCE,0,0.0,16,8,per_prompt,actual_d,307,0.06300807688632508,0.06300807688632508,0.003426990924017682,0.003426990924017682,0.0,0.8595679012345679,2.6381521412554667,2.6381521412554667,1.0,360,0.08432331773537702,0.08432331773537702,0.005044317619986531,0.005044317619986531,0.17030369434053305,0.0022421463362560733,0.006060699424068498,robust,5
B6_FULL_Q_RIDGE,FULL,0.01,16,8,per_prompt,actual_d,307,0.028739523474856466,0.02866316765298417,0.06815949535014514,0.06809213050006138,0.042631172839506175,0.8595679012345679,864.0618262954349,2.6381521412554667,18.09766273796439,360,0.039215242307298934,0.03909559303534606,0.09129035902968748,0.09122083814020882,0.07868707527976666,0.04997469145609292,0.049911663266238145,robust,5
B5_WORST_GROUP_RANK,0,0.0,16,8,per_prompt,actual_d,307,0.06300807688632508,0.06300807688632508,0.003426990924017682,0.003426990924017682,0.0,0.8595679012345679,2.6381521412554667,2.6381521412554667,1.0,360,0.08432331773537702,0.08432331773537702,0.005044317619986531,0.005044317619986531,0.17030369434053305,0.0022421463362560733,0.006060699424068498,robust,5
B5_EXACT_SELECTED_DIAGNOSTIC,1,0.01,16,8,per_prompt,actual_d,307,0.04223605534685268,0.041461092708192225,0.04406759667336506,0.0433956792320689,0.15320216049382715,0.8595679012345679,495.6067507404233,2.6381521412554667,13.706251227090748,360,0.06087406529265201,0.05956771231780808,0.06913868456877588,0.06843041979140946,0.11876400335846138,0.037836741088300256,0.030279378698278177,robust,5
B0_PERSISTENCE,0,0.0,256,8,per_prompt,actual_d,307,0.015756496974761326,0.015756496974761326,0.003426990924017682,0.003426990924017682,0.0,0.8595679012345679,2.6381521412554667,2.6381521412554667,1.0,360,0.0209264733964286,0.0209264733964286,0.005044317619986531,0.005044317619986531,0.041743339456047704,0.0022421463362560733,0.006060699424068498,robust,5
B6_FULL_Q_RIDGE,FULL,0.01,256,8,per_prompt,actual_d,307,0.007105839112316829,0.00710558572696443,0.016683240732998157,0.01668302429266323,0.0008487654320987653,0.8595679012345679,51.07074615489912,2.6381521412554667,4.399832898987303,360,0.009650179765979544,0.009649924528719173,0.022194154617358075,0.02219400721255519,0.01944209098330456,0.013837726229289875,0.010013680432220002,robust,5
B5_WORST_GROUP_RANK,0,0.0,256,8,per_prompt,actual_d,307,0.015756496974761326,0.015756496974761326,0.003426990924017682,0.003426990924017682,0.0,0.8595679012345679,2.6381521412554667,2.6381521412554667,1.0,360,0.0209264733964286,0.0209264733964286,0.005044317619986531,0.005044317619986531,0.041743339456047704,0.0022421463362560733,0.006060699424068498,robust,5
B5_EXACT_SELECTED_DIAGNOSTIC,1,0.01,256,8,per_prompt,actual_d,307,0.01032099383927374,0.010317899591474057,0.01171453210839012,0.011711605268792483,0.004243827160493827,0.8595679012345679,31.98053791190021,2.6381521412554667,3.481712954437309,360,0.014932554211914233,0.014929450914802333,0.01756286600380348,0.01755876956736633,0.028409651155930735,0.0109056112150134,0.008031995183111875,robust,5
B0_PERSISTENCE,0,0.0,exact,8,per_prompt,actual_d,308,0.002979983506972592,0.002979983506972593,0.002979983506972592,0.002979983506972593,0.0,0.8686342592592592,0.4079305020911666,0.4079305020911666,1.0,72,0.0044353775902196265,0.004435377590219627,0.0044353775902196265,0.004435377590219627,0.007424243657575266,0.0022731896369020035,0.005979159456882652,robust,1
B5_WORST_GROUP_RANK,0,0.0,exact,8,per_prompt,actual_d,308,0.002979983506972592,0.002979983506972593,0.002979983506972592,0.002979983506972593,0.0,0.8686342592592592,0.4079305020911666,0.4079305020911666,1.0,72,0.0044353775902196265,0.004435377590219627,0.0044353775902196265,0.004435377590219627,0.007424243657575266,0.0022731896369020035,0.005979159456882652,robust,1
B6_FULL_Q_RIDGE,FULL,0.01,exact,8,per_prompt,actual_d,308,0.0004018762606610445,0.0004018762606610444,0.00040187626066104474,0.00040187626066104436,0.0,0.8686342592592592,0.01764986931120004,0.4079305020911666,0.20800685949194753,72,0.0009225889632025465,0.0009225889632025467,0.0009225889632025467,0.0009225889632025467,0.0014412585097779468,0.00024121656928942887,0.0008959155322900567,robust,1
B5_EXACT_SELECTED_DIAGNOSTIC,1,0.01,exact,8,per_prompt,actual_d,308,0.0005732554525265831,0.0005732554525265833,0.0005732554525265831,0.0005732554525265833,0.0,0.8686342592592592,0.028602658133626863,0.4079305020911666,0.26479519964287584,72,0.0011744666944937436,0.0011744666944937439,0.0011744666944937439,0.001174466694493744,0.0017084055045542602,0.0008749142689004904,0.0019091501858581026,robust,1
B0_PERSISTENCE,0,0.0,64,8,per_prompt,actual_d,308,0.03177584099390545,0.03177584099390545,0.002979983506972592,0.002979983506972592,0.0,0.8686342592592592,2.039652510455833,2.039652510455833,1.0,360,0.04165924921133542,0.04165924921133542,0.0044353775902196265,0.0044353775902196265,0.0841713960551137,0.0022817531339727666,0.006061825455354854,robust,5
B5_WORST_GROUP_RANK,0,0.0,64,8,per_prompt,actual_d,308,0.03177584099390545,0.03177584099390545,0.002979983506972592,0.002979983506972592,0.0,0.8686342592592592,2.039652510455833,2.039652510455833,1.0,360,0.04165924921133542,0.04165924921133542,0.0044353775902196265,0.0044353775902196265,0.0841713960551137,0.0022817531339727666,0.006061825455354854,robust,5
B6_FULL_Q_RIDGE,FULL,0.01,64,8,per_prompt,actual_d,308,0.012558994564860971,0.012558747334832806,0.03347258811053477,0.03347237439952068,0.0005015432098765432,0.8686342592592592,202.60897901109976,2.039652510455833,9.966696920280226,360,0.01704501640194914,0.017044553964847286,0.04420606416872188,0.0442057685442645,0.03397846363523458,0.02096744571271086,0.01707965022769923,robust,5
B5_EXACT_SELECTED_DIAGNOSTIC,1,0.01,64,8,per_prompt,actual_d,308,0.0237674986519884,0.02373493680382282,0.015770925352661957,0.01574677538942832,0.05138888888888889,0.8686342592592592,72.27421783097631,2.039652510455833,5.952694684537954,360,0.0325689324908402,0.032534824035238954,0.02640244860521913,0.02639638458166124,0.06514915795094178,0.015285275122534239,0.01181027189471133,robust,5
B0_PERSISTENCE,0,0.0,16,8,per_prompt,actual_d,308,0.0624077053189166,0.0624077053189166,0.002979983506972592,0.002979983506972592,0.0,0.8686342592592592,2.039652510455833,2.039652510455833,1.0,360,0.08327889300757467,0.08327889300757467,0.0044353775902196265,0.0044353775902196265,0.16616161008882196,0.0022817531339727666,0.006061825455354854,robust,5
B6_FULL_Q_RIDGE,FULL,0.01,16,8,per_prompt,actual_d,308,0.02523842447005709,0.025213441937421244,0.06676698690322927,0.0667465256329855,0.013464506172839506,0.8686342592592592,822.7447301152476,2.039652510455833,20.084196532090647,360,0.03417888645400222,0.034141745145331776,0.0890809952160016,0.08905136227164262,0.06834151669672153,0.050060615766952636,0.04291200535386307,robust,5
B5_WORST_GROUP_RANK,0,0.0,16,8,per_prompt,actual_d,308,0.0624077053189166,0.0624077053189166,0.002979983506972592,0.002979983506972592,0.0,0.8686342592592592,2.039652510455833,2.039652510455833,1.0,360,0.08327889300757467,0.08327889300757467,0.0044353775902196265,0.0044353775902196265,0.16616161008882196,0.0022817531339727666,0.006061825455354854,robust,5
B5_EXACT_SELECTED_DIAGNOSTIC,1,0.01,16,8,per_prompt,actual_d,308,0.04255836207974687,0.0421537550923633,0.03732736888852292,0.03701428485145139,0.1576003086419753,0.8686342592592592,394.89661299252805,2.039652510455833,13.914372072597725,360,0.060367748184587386,0.05979526724148141,0.06171549407277777,0.06152353177680631,0.11456236952163429,0.03813505306619683,0.034840318282385596,robust,5
B0_PERSISTENCE,0,0.0,256,8,per_prompt,actual_d,308,0.01602149254619505,0.01602149254619505,0.002979983506972592,0.002979983506972592,0.0,0.8686342592592592,2.039652510455833,2.039652510455833,1.0,360,0.021197868172210414,0.021197868172210414,0.0044353775902196265,0.0044353775902196265,0.042756601363383426,0.0022817531339727666,0.006061825455354854,robust,5
B6_FULL_Q_RIDGE,FULL,0.01,256,8,per_prompt,actual_d,308,0.006383824715316566,0.006383824715316567,0.01659552511575454,0.01659552511575454,0.0,0.8686342592592592,50.64420054582031,2.039652510455833,4.982952735545433,360,0.008732466245446588,0.008732466245446588,0.022101276896361797,0.022101276896361797,0.017273222889525937,0.012948133959320186,0.011608470805593163,robust,5
B5_WORST_GROUP_RANK,0,0.0,256,8,per_prompt,actual_d,308,0.01602149254619505,0.01602149254619505,0.002979983506972592,0.002979983506972592,0.0,0.8686342592592592,2.039652510455833,2.039652510455833,1.0,360,0.021197868172210414,0.021197868172210414,0.0044353775902196265,0.0044353775902196265,0.042756601363383426,0.0022817531339727666,0.006061825455354854,robust,5
B5_EXACT_SELECTED_DIAGNOSTIC,1,0.01,256,8,per_prompt,actual_d,308,0.012437487847765261,0.012436472384885353,0.008386029685396808,0.008385456759739864,0.003780864197530864,0.8686342592592592,18.3438222467853,2.039652510455833,2.998933423910243,360,0.017465524843919198,0.017464291016551996,0.013301402102972109,0.013301194978611739,0.03386881917225357,0.008399248497973763,0.00787559920244955,robust,5
B0_PERSISTENCE,0,0.0,exact,8,per_prompt,actual_d,309,0.0035611677615010376,0.0035611677615010376,0.0035611677615010376,0.0035611677615010376,0.0,0.8674768518518519,0.6717203548593299,0.6717203548593299,1.0,72,0.005691565815677472,0.005691565815677471,0.005691565815677472,0.005691565815677471,0.009402208194610335,0.0025814327419528714,0.006106313866372977,robust,1
B5_WORST_GROUP_RANK,0,0.0,exact,8,per_prompt,actual_d,309,0.0035611677615010376,0.0035611677615010376,0.0035611677615010376,0.0035611677615010376,0.0,0.8674768518518519,0.6717203548593299,0.6717203548593299,1.0,72,0.005691565815677472,0.005691565815677471,0.005691565815677472,0.005691565815677471,0.009402208194610335,0.0025814327419528714,0.006106313866372977,robust,1
B6_FULL_Q_RIDGE,FULL,0.01,exact,8,per_prompt,actual_d,309,0.0004112410721158939,0.000411241072115894,0.0004112410721158939,0.00041124107211589395,0.0,0.8674768518518519,0.016871067117321576,0.6717203548593299,0.15848093406438743,72,0.0009020046667575028,0.0009020046667575029,0.0009020046667575028,0.0009020046667575029,0.0016350551416095208,0.00027126958839164447,0.0010431063944292315,robust,1
B5_EXACT_SELECTED_DIAGNOSTIC,1,0.01,exact,8,per_prompt,actual_d,309,0.0005668706796100374,0.0005668706796100375,0.0005668706796100377,0.0005668706796100375,0.0,0.8674768518518519,0.023989600165253862,0.6717203548593299,0.18898061172274944,72,0.0010755955895070178,0.0010755955895070178,0.001075595589507018,0.0010755955895070178,0.0020817779814176203,0.0006610479431497834,0.002386645112603019,robust,1
B0_PERSISTENCE,0,0.0,64,8,per_prompt,actual_d,309,0.03239325201586652,0.03239325201586652,0.003561167761501037,0.003561167761501037,0.0,0.8674768518518519,3.358601774296649,3.358601774296649,1.0,360,0.042937758504113126,0.042937758504113126,0.005691565815677472,0.005691565815677472,0.0858963913605932,0.0026217225108827896,0.006227564038908495,robust,5
B5_WORST_GROUP_RANK,0,0.0,64,8,per_prompt,actual_d,309,0.03239325201586652,0.03239325201586652,0.003561167761501037,0.003561167761501037,0.0,0.8674768518518519,3.358601774296649,3.358601774296649,1.0,360,0.042937758504113126,0.042937758504113126,0.005691565815677472,0.005691565815677472,0.0858963913605932,0.0026217225108827896,0.006227564038908495,robust,5
B6_FULL_Q_RIDGE,FULL,0.01,64,8,per_prompt,actual_d,309,0.012399736551768957,0.012384070852570867,0.034123461164846346,0.0341081601176862,0.007291666666666667,0.8674768518518519,211.2254522539003,3.358601774296649,7.930377624013575,360,0.016954210872099904,0.01691097152696486,0.04513626619024919,0.04512215718735252,0.0341284304535019,0.02306908540056643,0.02486130016250619,robust,5
B5_EXACT_SELECTED_DIAGNOSTIC,1,0.01,64,8,per_prompt,actual_d,309,0.020453669735628878,0.02036584303641502,0.020429025857185795,0.020346323641497077,0.03217592592592593,0.8674768518518519,102.42364308480215,3.358601774296649,5.522310896455397,360,0.02981489795239436,0.029622105796162226,0.031430595921808746,0.031197844968008676,0.056419331643412965,0.02020215637126534,0.015059547627803581,robust,5
B0_PERSISTENCE,0,0.0,16,8,per_prompt,actual_d,309,0.06382483039423781,0.06382483039423781,0.003561167761501037,0.003561167761501037,0.0,0.8674768518518519,3.358601774296649,3.358601774296649,1.0,360,0.08425781281569822,0.08425781281569822,0.005691565815677472,0.005691565815677472,0.1721734027891479,0.0026217225108827896,0.006227564038908495,robust,5
B6_FULL_Q_RIDGE,FULL,0.01,16,8,per_prompt,actual_d,309,0.02452637636197707,0.024369760380300823,0.067505994174482,0.06735024328603662,0.03553240740740741,0.8674768518518519,825.9219535290447,3.358601774296649,15.681595546230358,360,0.03337197401584859,0.03295664867743787,0.0892528331462048,0.0891061326059267,0.06699559973545081,0.04885036059390074,0.04288805093479184,robust,5
B5_WORST_GROUP_RANK,0,0.0,16,8,per_prompt,actual_d,309,0.06382483039423781,0.06382483039423781,0.003561167761501037,0.003561167761501037,0.0,0.8674768518518519,3.358601774296649,3.358601774296649,1.0,360,0.08425781281569822,0.08425781281569822,0.005691565815677472,0.005691565815677472,0.1721734027891479,0.0026217225108827896,0.006227564038908495,robust,5
B5_EXACT_SELECTED_DIAGNOSTIC,1,0.01,16,8,per_prompt,actual_d,309,0.04078334153139784,0.040296811839755656,0.03826488503920518,0.03783019107539763,0.12445987654320988,0.8674768518518519,357.8910813201358,3.358601774296649,10.322768345482864,360,0.059349262280344324,0.0585005600674765,0.05875271543830776,0.05803022842196518,0.11187748093799493,0.034052406241921886,0.0321139422275411,robust,5
B0_PERSISTENCE,0,0.0,256,8,per_prompt,actual_d,309,0.016405200567595372,0.016405200567595372,0.003561167761501037,0.003561167761501037,0.0,0.8674768518518519,3.358601774296649,3.358601774296649,1.0,360,0.02173061988989644,0.02173061988989644,0.005691565815677472,0.005691565815677472,0.04438208016848926,0.0026217225108827896,0.006227564038908495,robust,5
B6_FULL_Q_RIDGE,FULL,0.01,256,8,per_prompt,actual_d,309,0.006226044692207385,0.006224752652302038,0.016959011022621227,0.016957949669820848,0.001427469135802469,0.8674768518518519,52.121920243199355,3.358601774296649,3.9394078603871465,360,0.008522216364280305,0.008519414799549038,0.02242139911219061,0.022420528453432453,0.017054566189619924,0.01425559518915689,0.009826500807579248,robust,5
B5_WORST_GROUP_RANK,0,0.0,256,8,per_prompt,actual_d,309,0.016405200567595372,0.016405200567595372,0.003561167761501037,0.003561167761501037,0.0,0.8674768518518519,3.358601774296649,3.358601774296649,1.0,360,0.02173061988989644,0.02173061988989644,0.005691565815677472,0.005691565815677472,0.04438208016848926,0.0026217225108827896,0.006227564038908495,robust,5
B5_EXACT_SELECTED_DIAGNOSTIC,1,0.01,256,8,per_prompt,actual_d,309,0.010464802226993714,0.010457893181666005,0.011416550055960283,0.011409789575709805,0.003973765432098765,0.8674768518518519,31.344722744303247,3.358601774296649,3.054941933225694,360,0.015407264822866635,0.015388398706311389,0.01738740307602701,0.01736401328301685,0.029005192051653098,0.010599778340712289,0.008878007332723049,robust,5
B0_PERSISTENCE,0,0.0,exact,8,per_prompt,actual_d,310,0.0029070843486300032,0.0029070843486300024,0.0029070843486300032,0.0029070843486300024,0.0,0.8676697530864197,0.3767117072636992,0.3767117072636992,1.0,72,0.004262280886079347,0.004262280886079347,0.004262280886079347,0.004262280886079347,0.007434319190313562,0.0020104525712452757,0.006031544767003123,robust,1
B5_WORST_GROUP_RANK,0,0.0,exact,8,per_prompt,actual_d,310,0.0029070843486300032,0.0029070843486300024,0.0029070843486300032,0.0029070843486300024,0.0,0.8676697530864197,0.3767117072636992,0.3767117072636992,1.0,72,0.004262280886079347,0.004262280886079347,0.004262280886079347,0.004262280886079347,0.007434319190313562,0.0020104525712452757,0.006031544767003123,robust,1
B6_FULL_Q_RIDGE,FULL,0.01,exact,8,per_prompt,actual_d,310,0.0004094116226688566,0.00040941162266885706,0.00040941162266885657,0.0004094116226688571,0.0,0.8676697530864197,0.017291785105137875,0.3767117072636992,0.21424729935567705,72,0.0009131821689378223,0.0009131821689378227,0.0009131821689378223,0.0009131821689378227,0.0014947564573122173,0.00024065311996531043,0.0009404362483002593,robust,1
B5_EXACT_SELECTED_DIAGNOSTIC,1,0.01,exact,8,per_prompt,actual_d,310,0.0006576856724723017,0.0006576856724723019,0.0006576856724723019,0.0006576856724723018,0.0,0.8676697530864197,0.030873819230735275,0.3767117072636992,0.28627974380893845,72,0.0012202046801085306,0.0012202046801085308,0.0012202046801085306,0.0012202046801085308,0.002119577273029695,0.0007737879172262013,0.002973594167716977,robust,1
B0_PERSISTENCE,0,0.0,64,8,per_prompt,actual_d,310,0.031177567940477314,0.031177567940477314,0.0029070843486300032,0.0029070843486300032,0.0,0.8676697530864198,1.883558536318496,1.883558536318496,1.0,360,0.04153710522831739,0.04153710522831739,0.004262280886079347,0.004262280886079347,0.08385556363697937,0.002063391921129447,0.006031544767003123,robust,5
B5_WORST_GROUP_RANK,0,0.0,64,8,per_prompt,actual_d,310,0.031177567940477314,0.031177567940477314,0.0029070843486300032,0.0029070843486300032,0.0,0.8676697530864198,1.883558536318496,1.883558536318496,1.0,360,0.04153710522831739,0.04153710522831739,0.004262280886079347,0.004262280886079347,0.08385556363697937,0.002063391921129447,0.006031544767003123,robust,5
B6_FULL_Q_RIDGE,FULL,0.01,64,8,per_prompt,actual_d,310,0.013272360754322516,0.013249553285306156,0.03318896945734556,0.033168905361140026,0.009760802469135802,0.8676697530864198,203.20672179137338,1.883558536318496,10.386745107186384,360,0.018331446013788676,0.018270431498819774,0.044271225138938705,0.04424871348413795,0.03647259908648701,0.026229209984014797,0.026212980768416504,robust,5
B5_EXACT_SELECTED_DIAGNOSTIC,1,0.01,64,8,per_prompt,actual_d,310,0.01932052404510866,0.019255171381999097,0.021326137789830626,0.02126324323323744,0.04375,0.8676697530864198,107.72695544657981,1.883558536318496,7.562626153698044,360,0.02818654002808077,0.028055637588943378,0.032234036903470945,0.03205218821358144,0.05400673001135659,0.023674600304780004,0.020797840592745063,robust,5
B0_PERSISTENCE,0,0.0,16,8,per_prompt,actual_d,310,0.06066223261023761,0.06066223261023761,0.0029070843486300032,0.0029070843486300032,0.0,0.8676697530864198,1.883558536318496,1.883558536318496,1.0,360,0.08098707281223572,0.08098707281223572,0.004262280886079347,0.004262280886079347,0.1631075012208436,0.002063391921129447,0.006031544767003123,robust,5
B6_FULL_Q_RIDGE,FULL,0.01,16,8,per_prompt,actual_d,310,0.026439259717390598,0.026278365122949066,0.06512244986422676,0.06498391982033867,0.035416666666666666,0.8676697530864198,788.9834888595454,1.883558536318496,20.4665384929502,360,0.036371855619072135,0.036032465102001435,0.08723413582270884,0.08711651663793721,0.07247971640665397,0.05894346129433189,0.04794745737340587,robust,5
B5_WORST_GROUP_RANK,0,0.0,16,8,per_prompt,actual_d,310,0.06066223261023761,0.06066223261023761,0.0029070843486300032,0.0029070843486300032,0.0,0.8676697530864198,1.883558536318496,1.883558536318496,1.0,360,0.08098707281223572,0.08098707281223572,0.004262280886079347,0.004262280886079347,0.1631075012208436,0.002063391921129447,0.006031544767003123,robust,5
B5_EXACT_SELECTED_DIAGNOSTIC,1,0.01,16,8,per_prompt,actual_d,310,0.04095905714809443,0.04041432361673158,0.038595391172066756,0.038120609269997864,0.13819444444444445,0.8676697530864198,384.4173463110935,1.883558536318496,14.286042159075958,360,0.059025665668167894,0.058159737757125074,0.060891124432353186,0.06029012637347513,0.11175198877809488,0.03557110608182773,0.03456856423513959,robust,5
B0_PERSISTENCE,0,0.0,256,8,per_prompt,actual_d,310,0.015461395141763763,0.015461395141763763,0.0029070843486300032,0.0029070843486300032,0.0,0.8676697530864198,1.883558536318496,1.883558536318496,1.0,360,0.020739163179237165,0.020739163179237165,0.004262280886079347,0.004262280886079347,0.04211312771987383,0.002063391921129447,0.006031544767003123,robust,5
B6_FULL_Q_RIDGE,FULL,0.01,256,8,per_prompt,actual_d,310,0.006731743714442188,0.006730418745845953,0.016409277245292963,0.016407936009871275,0.001388888888888889,0.8676697530864198,50.139276412460774,1.883558536318496,5.159403218975606,360,0.009342513087326572,0.009338865324312842,0.02199082572381598,0.02198944218565762,0.018560754654554777,0.012809507812086066,0.009864514300785504,robust,5
B5_WORST_GROUP_RANK,0,0.0,256,8,per_prompt,actual_d,310,0.015461395141763763,0.015461395141763763,0.0029070843486300032,0.0029070843486300032,0.0,0.8676697530864198,1.883558536318496,1.883558536318496,1.0,360,0.020739163179237165,0.020739163179237165,0.004262280886079347,0.004262280886079347,0.04211312771987383,0.002063391921129447,0.006031544767003123,robust,5
B5_EXACT_SELECTED_DIAGNOSTIC,1,0.01,256,8,per_prompt,actual_d,310,0.010116182353152623,0.010114091384207269,0.011134436034451491,0.011132631837142467,0.004128086419753086,0.8676697530864198,29.259159564220028,1.883558536318496,3.9413169668404686,360,0.014896990481615219,0.0148943483005202,0.016798999973744358,0.016795733609757724,0.028210559438580116,0.010443505747123624,0.007567985371360018,robust,5
