method,rank_cap,alpha,n,fit_budget,representation,input_mode,group,level_pX_mae,level_v_mae,projected_level_pX_mae,projected_level_v_mae,delta_pX_mae,delta_v_mae,delta_pX_q95,delta_v_q95,panel,noise_replicas,noise_indices,block_count,training_seed_count,paired_block_coverage
B0_PERSISTENCE,0,0.0,exact,8,per_prompt,actual_d,0,0.001031012981254595,0.002653818220769817,0.0010310129812545945,0.0026538182207698174,0.001031012981254595,0.002653818220769817,0.002415107563894735,0.006337517768275261,robust,1,[0],60,10,MATCHES_B0_EXACTLY
B0_PERSISTENCE,0,0.0,exact,8,per_prompt,actual_d,1,0.0010380733302923564,0.002682493193331769,0.0010380733302923558,0.00268249319333177,0.0010380733302923564,0.002682493193331769,0.002427057712993322,0.006306511195453489,robust,1,[0],60,10,MATCHES_B0_EXACTLY
B0_PERSISTENCE,0,0.0,exact,8,per_prompt,actual_d,2,0.0010056442340555798,0.0027069065980697368,0.0010056442340555776,0.002706906598069739,0.0010056442340555798,0.0027069065980697368,0.0023260998003693883,0.0063749792933924495,robust,1,[0],60,10,MATCHES_B0_EXACTLY
B0_PERSISTENCE,0,0.0,exact,8,per_prompt,actual_d,3,0.0010158040448788616,0.002758363693844634,0.0010158040448788577,0.002758363693844636,0.0010158040448788616,0.002758363693844634,0.0023714512844827023,0.006394995810945838,robust,1,[0],60,10,MATCHES_B0_EXACTLY
B0_PERSISTENCE,0,0.0,exact,8,per_prompt,actual_d,4,0.0009525213079671415,0.002675358199704587,0.0009525213079671401,0.002675358199704587,0.0009525213079671415,0.002675358199704587,0.002108164101801905,0.006386512534114926,robust,1,[0],60,10,MATCHES_B0_EXACTLY
B0_PERSISTENCE,0,0.0,exact,8,per_prompt,actual_d,5,0.0009611766479887744,0.002686994295312533,0.0009611766479887722,0.0026869942953125342,0.0009611766479887744,0.002686994295312533,0.00211757882928551,0.006328369681508198,robust,1,[0],60,10,MATCHES_B0_EXACTLY
B5_WORST_GROUP_RANK,0,0.0,exact,8,per_prompt,actual_d,0,0.001031012981254595,0.002653818220769817,0.0010310129812545945,0.0026538182207698174,0.001031012981254595,0.002653818220769817,0.002415107563894735,0.006337517768275261,robust,1,[0],60,10,MATCHES_B0_EXACTLY
B5_WORST_GROUP_RANK,0,0.0,exact,8,per_prompt,actual_d,1,0.0010380733302923564,0.002682493193331769,0.0010380733302923558,0.00268249319333177,0.0010380733302923564,0.002682493193331769,0.002427057712993322,0.006306511195453489,robust,1,[0],60,10,MATCHES_B0_EXACTLY
B5_WORST_GROUP_RANK,0,0.0,exact,8,per_prompt,actual_d,2,0.0010056442340555798,0.0027069065980697368,0.0010056442340555776,0.002706906598069739,0.0010056442340555798,0.0027069065980697368,0.0023260998003693883,0.0063749792933924495,robust,1,[0],60,10,MATCHES_B0_EXACTLY
B5_WORST_GROUP_RANK,0,0.0,exact,8,per_prompt,actual_d,3,0.0010158040448788616,0.002758363693844634,0.0010158040448788577,0.002758363693844636,0.0010158040448788616,0.002758363693844634,0.0023714512844827023,0.006394995810945838,robust,1,[0],60,10,MATCHES_B0_EXACTLY
B5_WORST_GROUP_RANK,0,0.0,exact,8,per_prompt,actual_d,4,0.0009525213079671415,0.002675358199704587,0.0009525213079671401,0.002675358199704587,0.0009525213079671415,0.002675358199704587,0.002108164101801905,0.006386512534114926,robust,1,[0],60,10,MATCHES_B0_EXACTLY
B5_WORST_GROUP_RANK,0,0.0,exact,8,per_prompt,actual_d,5,0.0009611766479887744,0.002686994295312533,0.0009611766479887722,0.0026869942953125342,0.0009611766479887744,0.002686994295312533,0.00211757882928551,0.006328369681508198,robust,1,[0],60,10,MATCHES_B0_EXACTLY
B6_FULL_Q_RIDGE,FULL,0.01,exact,8,per_prompt,actual_d,0,8.3270964005773e-05,0.00027673680712348814,8.327096400577257e-05,0.00027673680712348803,8.3270964005773e-05,0.0002767368071234881,0.00027496507244619185,0.0009354715521203956,robust,1,[0],60,10,MATCHES_B0_EXACTLY
B6_FULL_Q_RIDGE,FULL,0.01,exact,8,per_prompt,actual_d,1,8.53273387950192e-05,0.0002787557372651134,8.532733879501767e-05,0.000278755737265113,8.532733879501924e-05,0.00027875573726511343,0.00028249106474084534,0.0009561818947618603,robust,1,[0],60,10,MATCHES_B0_EXACTLY
B6_FULL_Q_RIDGE,FULL,0.01,exact,8,per_prompt,actual_d,2,6.838431604386983e-05,0.0002842879761560264,6.838431604386966e-05,0.000284287976156025,6.838431604386988e-05,0.00028428797615602644,0.0002099235517146749,0.0009404808442978493,robust,1,[0],60,10,MATCHES_B0_EXACTLY
B6_FULL_Q_RIDGE,FULL,0.01,exact,8,per_prompt,actual_d,3,7.079036445264679e-05,0.00028808344002929155,7.07903644526456e-05,0.0002880834400292916,7.079036445264676e-05,0.0002880834400292915,0.00020785378499374135,0.0009533441552426045,robust,1,[0],60,10,MATCHES_B0_EXACTLY
B6_FULL_Q_RIDGE,FULL,0.01,exact,8,per_prompt,actual_d,4,6.507020199287261e-05,0.0002702870649689904,6.507020199287135e-05,0.00027028706496898903,6.507020199287255e-05,0.0002702870649689904,0.00022123045826545837,0.0009102832712650099,robust,1,[0],60,10,MATCHES_B0_EXACTLY
B6_FULL_Q_RIDGE,FULL,0.01,exact,8,per_prompt,actual_d,5,6.720034874635049e-05,0.00027357796466007117,6.720034874634983e-05,0.00027357796466007117,6.720034874635049e-05,0.0002735779646600712,0.0002205332098199316,0.0009361167571453238,robust,1,[0],60,10,MATCHES_B0_EXACTLY
B5_EXACT_SELECTED_DIAGNOSTIC,1,0.01,exact,8,per_prompt,actual_d,0,0.0002157142526742242,0.0007183233466823281,0.00021571425267422452,0.0007183233466823287,0.0002157142526742242,0.0007183233466823282,0.0008394571678411029,0.0027494783379350177,robust,1,[0],60,10,MATCHES_B0_EXACTLY
B5_EXACT_SELECTED_DIAGNOSTIC,1,0.01,exact,8,per_prompt,actual_d,1,0.0002203901268531703,0.0007187939212977117,0.0002203901268531697,0.0007187939212977121,0.00022039012685317027,0.0007187939212977115,0.0008337190860418411,0.002734107862864914,robust,1,[0],60,10,MATCHES_B0_EXACTLY
B5_EXACT_SELECTED_DIAGNOSTIC,1,0.01,exact,8,per_prompt,actual_d,2,0.00018741657438285314,0.0007215896817510924,0.0001874165743828535,0.0007215896817510922,0.00018741657438285308,0.0007215896817510924,0.0007565690049092331,0.002727412225570117,robust,1,[0],60,10,MATCHES_B0_EXACTLY
B5_EXACT_SELECTED_DIAGNOSTIC,1,0.01,exact,8,per_prompt,actual_d,3,0.00019641316088361895,0.0007231274746373715,0.0001964131608836182,0.0007231274746373711,0.00019641316088361892,0.0007231274746373713,0.0007786039167326983,0.002724504918841346,robust,1,[0],60,10,MATCHES_B0_EXACTLY
B5_EXACT_SELECTED_DIAGNOSTIC,1,0.01,exact,8,per_prompt,actual_d,4,0.00019162827479405215,0.000719380062734558,0.00019162827479405026,0.0007193800627345586,0.0001916282747940521,0.000719380062734558,0.0007683167382967464,0.002807774260973869,robust,1,[0],60,10,MATCHES_B0_EXACTLY
B5_EXACT_SELECTED_DIAGNOSTIC,1,0.01,exact,8,per_prompt,actual_d,5,0.00019912918318253705,0.0007204585616552053,0.00019912918318253558,0.0007204585616552061,0.00019912918318253697,0.0007204585616552053,0.0007755534998202862,0.0028185744459315377,robust,1,[0],60,10,MATCHES_B0_EXACTLY
B0_PERSISTENCE,0,0.0,64,8,per_prompt,actual_d,0,0.00756682570844688,0.0063224813438826225,0.00756682570844688,0.0063224813438826225,0.001031012981254595,0.002653818220769817,0.002415107563894735,0.006337517768275261,robust,5,"[0, 1, 2, 3, 4]",300,10,MATCHES_B0_EXACTLY
B0_PERSISTENCE,0,0.0,64,8,per_prompt,actual_d,1,0.0075636675916795635,0.0061287588721919105,0.0075636675916795635,0.0061287588721919105,0.0010380733302923564,0.0026824931933317696,0.0024270577129933196,0.0063065111954534805,robust,5,"[0, 1, 2, 3, 4]",300,10,MATCHES_B0_EXACTLY
B0_PERSISTENCE,0,0.0,64,8,per_prompt,actual_d,2,0.008293318196481147,0.006584102242010126,0.008293318196481147,0.006584102242010126,0.0010056442340555798,0.0027069065980697363,0.0023260998003693883,0.006374979293392444,robust,5,"[0, 1, 2, 3, 4]",300,10,MATCHES_B0_EXACTLY
B0_PERSISTENCE,0,0.0,64,8,per_prompt,actual_d,3,0.007810886079651469,0.006629211831185826,0.007810886079651469,0.006629211831185826,0.0010158040448788616,0.002758363693844634,0.002371451284482701,0.006394995810945838,robust,5,"[0, 1, 2, 3, 4]",300,10,MATCHES_B0_EXACTLY
B0_PERSISTENCE,0,0.0,64,8,per_prompt,actual_d,4,0.007459336257835549,0.006193003645970568,0.007459336257835549,0.006193003645970568,0.0009525213079671415,0.002675358199704587,0.002108164101801902,0.006386512534114926,robust,5,"[0, 1, 2, 3, 4]",300,10,MATCHES_B0_EXACTLY
B0_PERSISTENCE,0,0.0,64,8,per_prompt,actual_d,5,0.007263868612395263,0.006535938360517771,0.007263868612395263,0.006535938360517771,0.0009611766479887744,0.0026869942953125334,0.002117578829285509,0.0063283696815081975,robust,5,"[0, 1, 2, 3, 4]",300,10,MATCHES_B0_EXACTLY
B5_WORST_GROUP_RANK,0,0.0,64,8,per_prompt,actual_d,0,0.00756682570844688,0.0063224813438826225,0.00756682570844688,0.0063224813438826225,0.001031012981254595,0.002653818220769817,0.002415107563894735,0.006337517768275261,robust,5,"[0, 1, 2, 3, 4]",300,10,MATCHES_B0_EXACTLY
B5_WORST_GROUP_RANK,0,0.0,64,8,per_prompt,actual_d,1,0.0075636675916795635,0.0061287588721919105,0.0075636675916795635,0.0061287588721919105,0.0010380733302923564,0.0026824931933317696,0.0024270577129933196,0.0063065111954534805,robust,5,"[0, 1, 2, 3, 4]",300,10,MATCHES_B0_EXACTLY
B5_WORST_GROUP_RANK,0,0.0,64,8,per_prompt,actual_d,2,0.008293318196481147,0.006584102242010126,0.008293318196481147,0.006584102242010126,0.0010056442340555798,0.0027069065980697363,0.0023260998003693883,0.006374979293392444,robust,5,"[0, 1, 2, 3, 4]",300,10,MATCHES_B0_EXACTLY
B5_WORST_GROUP_RANK,0,0.0,64,8,per_prompt,actual_d,3,0.007810886079651469,0.006629211831185826,0.007810886079651469,0.006629211831185826,0.0010158040448788616,0.002758363693844634,0.002371451284482701,0.006394995810945838,robust,5,"[0, 1, 2, 3, 4]",300,10,MATCHES_B0_EXACTLY
B5_WORST_GROUP_RANK,0,0.0,64,8,per_prompt,actual_d,4,0.007459336257835549,0.006193003645970568,0.007459336257835549,0.006193003645970568,0.0009525213079671415,0.002675358199704587,0.002108164101801902,0.006386512534114926,robust,5,"[0, 1, 2, 3, 4]",300,10,MATCHES_B0_EXACTLY
B5_WORST_GROUP_RANK,0,0.0,64,8,per_prompt,actual_d,5,0.007263868612395263,0.006535938360517771,0.007263868612395263,0.006535938360517771,0.0009611766479887744,0.0026869942953125334,0.002117578829285509,0.0063283696815081975,robust,5,"[0, 1, 2, 3, 4]",300,10,MATCHES_B0_EXACTLY
B6_FULL_Q_RIDGE,FULL,0.01,64,8,per_prompt,actual_d,0,0.0031941525904951975,0.0024177290749021426,0.0031896814286189977,0.0024151275755599647,0.008241915462064138,0.0065084829531572635,0.019781136851286314,0.018448133364832073,robust,5,"[0, 1, 2, 3, 4]",300,10,MATCHES_B0_EXACTLY
B6_FULL_Q_RIDGE,FULL,0.01,64,8,per_prompt,actual_d,1,0.0030843280634957476,0.002504726409222286,0.003082660526918308,0.0024996516320046546,0.007701179383955464,0.006067362646607064,0.019651546217441092,0.017256694643816736,robust,5,"[0, 1, 2, 3, 4]",300,10,MATCHES_B0_EXACTLY
B6_FULL_Q_RIDGE,FULL,0.01,64,8,per_prompt,actual_d,2,0.0029749966262629943,0.0025265437521333083,0.002970775986250181,0.002522267453449946,0.008481314918166278,0.006464255901997731,0.020735742191349382,0.01784680964869289,robust,5,"[0, 1, 2, 3, 4]",300,10,MATCHES_B0_EXACTLY
B6_FULL_Q_RIDGE,FULL,0.01,64,8,per_prompt,actual_d,3,0.0030767992206821404,0.0026571477020808404,0.0030676880587107774,0.0026482238042510966,0.008234906047397251,0.0064370454328362674,0.019600853675778282,0.01755851405887104,robust,5,"[0, 1, 2, 3, 4]",300,10,MATCHES_B0_EXACTLY
B6_FULL_Q_RIDGE,FULL,0.01,64,8,per_prompt,actual_d,4,0.003287867797918349,0.002281175798387917,0.0032848444664158745,0.0022776140232084667,0.007745605798086827,0.0061394313860681365,0.019449179732573343,0.0166239082519489,robust,5,"[0, 1, 2, 3, 4]",300,10,MATCHES_B0_EXACTLY
B6_FULL_Q_RIDGE,FULL,0.01,64,8,per_prompt,actual_d,5,0.003250270480307541,0.0025054133318486798,0.0032393041563241964,0.0024973947585052573,0.00787293877672542,0.006540183548573648,0.018095861769365385,0.01852030196692792,robust,5,"[0, 1, 2, 3, 4]",300,10,MATCHES_B0_EXACTLY
B5_EXACT_SELECTED_DIAGNOSTIC,1,0.01,64,8,per_prompt,actual_d,0,0.005039597628415285,0.003909208723420175,0.005017476478510239,0.0038868586224456137,0.004976515271969461,0.0045493623624507104,0.01600801304485532,0.014227833132486465,robust,5,"[0, 1, 2, 3, 4]",300,10,MATCHES_B0_EXACTLY
B5_EXACT_SELECTED_DIAGNOSTIC,1,0.01,64,8,per_prompt,actual_d,1,0.0048917944804067635,0.004081737406101778,0.004882743684915307,0.004084330383850427,0.004771188533465882,0.004196597608743348,0.014647937491720683,0.012464399270486965,robust,5,"[0, 1, 2, 3, 4]",300,10,MATCHES_B0_EXACTLY
B5_EXACT_SELECTED_DIAGNOSTIC,1,0.01,64,8,per_prompt,actual_d,2,0.005328325105958343,0.004007396724168514,0.005316681211181568,0.004004276717930198,0.004869974020684107,0.004660461899144084,0.015127880780504319,0.013960207271888351,robust,5,"[0, 1, 2, 3, 4]",300,10,MATCHES_B0_EXACTLY
B5_EXACT_SELECTED_DIAGNOSTIC,1,0.01,64,8,per_prompt,actual_d,3,0.0049749840701957815,0.004375362249993511,0.004953643701897056,0.004353389187757225,0.005042597406373309,0.004488702636756106,0.01605620101064511,0.012233370956393853,robust,5,"[0, 1, 2, 3, 4]",300,10,MATCHES_B0_EXACTLY
B5_EXACT_SELECTED_DIAGNOSTIC,1,0.01,64,8,per_prompt,actual_d,4,0.005129731596556448,0.004001262002991026,0.005107921427021436,0.003993575167555759,0.004689706656000486,0.004267877382864776,0.014825438176135597,0.011998967458280118,robust,5,"[0, 1, 2, 3, 4]",300,10,MATCHES_B0_EXACTLY
B5_EXACT_SELECTED_DIAGNOSTIC,1,0.01,64,8,per_prompt,actual_d,5,0.004975434275754443,0.004019668705533241,0.004952755107649749,0.004006229569468437,0.004898138615040323,0.0046584019970968655,0.015083533931859044,0.01383979907145563,robust,5,"[0, 1, 2, 3, 4]",300,10,MATCHES_B0_EXACTLY
B0_PERSISTENCE,0,0.0,16,8,per_prompt,actual_d,0,0.01588281324989771,0.012291817149137161,0.01588281324989771,0.012291817149137161,0.001031012981254595,0.002653818220769817,0.002415107563894735,0.006337517768275261,robust,5,"[0, 1, 2, 3, 4]",300,10,MATCHES_B0_EXACTLY
B0_PERSISTENCE,0,0.0,16,8,per_prompt,actual_d,1,0.015592732450369027,0.0118726824756426,0.015592732450369027,0.0118726824756426,0.0010380733302923564,0.0026824931933317696,0.0024270577129933196,0.0063065111954534805,robust,5,"[0, 1, 2, 3, 4]",300,10,MATCHES_B0_EXACTLY
B0_PERSISTENCE,0,0.0,16,8,per_prompt,actual_d,2,0.01371975585825075,0.012818138592382174,0.01371975585825075,0.012818138592382174,0.0010056442340555798,0.0027069065980697363,0.0023260998003693883,0.006374979293392444,robust,5,"[0, 1, 2, 3, 4]",300,10,MATCHES_B0_EXACTLY
B0_PERSISTENCE,0,0.0,16,8,per_prompt,actual_d,3,0.01451707939183962,0.011466106147390567,0.01451707939183962,0.011466106147390567,0.0010158040448788616,0.002758363693844634,0.002371451284482701,0.006394995810945838,robust,5,"[0, 1, 2, 3, 4]",300,10,MATCHES_B0_EXACTLY
B0_PERSISTENCE,0,0.0,16,8,per_prompt,actual_d,4,0.015271796215755393,0.01127661988839767,0.015271796215755393,0.01127661988839767,0.0009525213079671415,0.002675358199704587,0.002108164101801902,0.006386512534114926,robust,5,"[0, 1, 2, 3, 4]",300,10,MATCHES_B0_EXACTLY
B0_PERSISTENCE,0,0.0,16,8,per_prompt,actual_d,5,0.014214996140965755,0.011852444819822085,0.014214996140965755,0.011852444819822085,0.0009611766479887744,0.0026869942953125334,0.002117578829285509,0.0063283696815081975,robust,5,"[0, 1, 2, 3, 4]",300,10,MATCHES_B0_EXACTLY
B6_FULL_Q_RIDGE,FULL,0.01,16,8,per_prompt,actual_d,0,0.006342977488917637,0.004826293471834735,0.006323312139002493,0.004784935625483793,0.01721200878286115,0.012494678380257154,0.04118723657075831,0.036860707985747816,robust,5,"[0, 1, 2, 3, 4]",300,10,MATCHES_B0_EXACTLY
B6_FULL_Q_RIDGE,FULL,0.01,16,8,per_prompt,actual_d,1,0.006183265186939864,0.005040088303752062,0.006165126854221363,0.005007615408333354,0.016569395913272295,0.012371655645896993,0.04492831811749221,0.03497168991515549,robust,5,"[0, 1, 2, 3, 4]",300,10,MATCHES_B0_EXACTLY
B6_FULL_Q_RIDGE,FULL,0.01,16,8,per_prompt,actual_d,2,0.006111759351022097,0.005067519370137476,0.0060839765042446006,0.005014045000988801,0.014670168686091176,0.013375758756936165,0.03869700416164799,0.03875681075950255,robust,5,"[0, 1, 2, 3, 4]",300,10,MATCHES_B0_EXACTLY
B6_FULL_Q_RIDGE,FULL,0.01,16,8,per_prompt,actual_d,3,0.006385481829923233,0.005104431548468231,0.006344920452572573,0.005020468181785344,0.01622570054690998,0.0117447084370163,0.04152996045337425,0.0340052145995274,robust,5,"[0, 1, 2, 3, 4]",300,10,MATCHES_B0_EXACTLY
B6_FULL_Q_RIDGE,FULL,0.01,16,8,per_prompt,actual_d,4,0.006276185277322822,0.004665686454309674,0.006217385459513578,0.004596883800910631,0.016246565338033224,0.012323670384115136,0.04014915549032527,0.035417119387276964,robust,5,"[0, 1, 2, 3, 4]",300,10,MATCHES_B0_EXACTLY
B6_FULL_Q_RIDGE,FULL,0.01,16,8,per_prompt,actual_d,5,0.005967588967756369,0.00465678072323267,0.005941037962589586,0.004603357651505831,0.01578498080807386,0.012495725218334124,0.04140545922356494,0.035450472849236817,robust,5,"[0, 1, 2, 3, 4]",300,10,MATCHES_B0_EXACTLY
B5_WORST_GROUP_RANK,0,0.0,16,8,per_prompt,actual_d,0,0.01588281324989771,0.012291817149137161,0.01588281324989771,0.012291817149137161,0.001031012981254595,0.002653818220769817,0.002415107563894735,0.006337517768275261,robust,5,"[0, 1, 2, 3, 4]",300,10,MATCHES_B0_EXACTLY
B5_WORST_GROUP_RANK,0,0.0,16,8,per_prompt,actual_d,1,0.015592732450369027,0.0118726824756426,0.015592732450369027,0.0118726824756426,0.0010380733302923564,0.0026824931933317696,0.0024270577129933196,0.0063065111954534805,robust,5,"[0, 1, 2, 3, 4]",300,10,MATCHES_B0_EXACTLY
B5_WORST_GROUP_RANK,0,0.0,16,8,per_prompt,actual_d,2,0.01371975585825075,0.012818138592382174,0.01371975585825075,0.012818138592382174,0.0010056442340555798,0.0027069065980697363,0.0023260998003693883,0.006374979293392444,robust,5,"[0, 1, 2, 3, 4]",300,10,MATCHES_B0_EXACTLY
B5_WORST_GROUP_RANK,0,0.0,16,8,per_prompt,actual_d,3,0.01451707939183962,0.011466106147390567,0.01451707939183962,0.011466106147390567,0.0010158040448788616,0.002758363693844634,0.002371451284482701,0.006394995810945838,robust,5,"[0, 1, 2, 3, 4]",300,10,MATCHES_B0_EXACTLY
B5_WORST_GROUP_RANK,0,0.0,16,8,per_prompt,actual_d,4,0.015271796215755393,0.01127661988839767,0.015271796215755393,0.01127661988839767,0.0009525213079671415,0.002675358199704587,0.002108164101801902,0.006386512534114926,robust,5,"[0, 1, 2, 3, 4]",300,10,MATCHES_B0_EXACTLY
B5_WORST_GROUP_RANK,0,0.0,16,8,per_prompt,actual_d,5,0.014214996140965755,0.011852444819822085,0.014214996140965755,0.011852444819822085,0.0009611766479887744,0.0026869942953125334,0.002117578829285509,0.0063283696815081975,robust,5,"[0, 1, 2, 3, 4]",300,10,MATCHES_B0_EXACTLY
B5_EXACT_SELECTED_DIAGNOSTIC,1,0.01,16,8,per_prompt,actual_d,0,0.010733262803372442,0.007876369450711943,0.0105308021983309,0.007789565808961351,0.009736964816210216,0.0074661837674481115,0.03105857814483507,0.026145632122272375,robust,5,"[0, 1, 2, 3, 4]",300,10,MATCHES_B0_EXACTLY
B5_EXACT_SELECTED_DIAGNOSTIC,1,0.01,16,8,per_prompt,actual_d,1,0.010296844506577151,0.00813262102589644,0.010092170654320842,0.008028738649090456,0.0091920374112447,0.0072552590446244,0.032681669996255686,0.025224438192864032,robust,5,"[0, 1, 2, 3, 4]",300,10,MATCHES_B0_EXACTLY
B5_EXACT_SELECTED_DIAGNOSTIC,1,0.01,16,8,per_prompt,actual_d,2,0.00971905028003179,0.008572733253175794,0.009598115293469284,0.008438517072823294,0.008239885220185938,0.007772252247391631,0.03014002382065233,0.027073544571257314,robust,5,"[0, 1, 2, 3, 4]",300,10,MATCHES_B0_EXACTLY
B5_EXACT_SELECTED_DIAGNOSTIC,1,0.01,16,8,per_prompt,actual_d,3,0.009951575875584978,0.008031649169309991,0.009819399973317024,0.00784262059590819,0.00927358373083055,0.006910825098335665,0.03182258750133021,0.023624481254284267,robust,5,"[0, 1, 2, 3, 4]",300,10,MATCHES_B0_EXACTLY
B5_EXACT_SELECTED_DIAGNOSTIC,1,0.01,16,8,per_prompt,actual_d,4,0.01052469856672581,0.0075421096151804135,0.010319288742259392,0.00742403306106367,0.00913895859138865,0.0074873442256968795,0.030269519457312346,0.026313251097172603,robust,5,"[0, 1, 2, 3, 4]",300,10,MATCHES_B0_EXACTLY
B5_EXACT_SELECTED_DIAGNOSTIC,1,0.01,16,8,per_prompt,actual_d,5,0.009594873781662707,0.007955195325245388,0.009411390239336717,0.007766174957569062,0.009104994513181362,0.007731094666779,0.03301123748897446,0.025687103338279307,robust,5,"[0, 1, 2, 3, 4]",300,10,MATCHES_B0_EXACTLY
B0_PERSISTENCE,0,0.0,256,8,per_prompt,actual_d,0,0.004238788991661733,0.003957741593745901,0.004238788991661733,0.003957741593745901,0.001031012981254595,0.002653818220769817,0.002415107563894735,0.006337517768275261,robust,5,"[0, 1, 2, 3, 4]",300,10,MATCHES_B0_EXACTLY
B0_PERSISTENCE,0,0.0,256,8,per_prompt,actual_d,1,0.0041338647883180585,0.004000621837084408,0.0041338647883180585,0.004000621837084408,0.0010380733302923564,0.0026824931933317696,0.0024270577129933196,0.0063065111954534805,robust,5,"[0, 1, 2, 3, 4]",300,10,MATCHES_B0_EXACTLY
B0_PERSISTENCE,0,0.0,256,8,per_prompt,actual_d,2,0.0038783894485570174,0.004003203018259815,0.0038783894485570174,0.004003203018259815,0.0010056442340555798,0.0027069065980697363,0.0023260998003693883,0.006374979293392444,robust,5,"[0, 1, 2, 3, 4]",300,10,MATCHES_B0_EXACTLY
B0_PERSISTENCE,0,0.0,256,8,per_prompt,actual_d,3,0.004251043667859544,0.003709394994300296,0.004251043667859544,0.003709394994300296,0.0010158040448788616,0.002758363693844634,0.002371451284482701,0.006394995810945838,robust,5,"[0, 1, 2, 3, 4]",300,10,MATCHES_B0_EXACTLY
B0_PERSISTENCE,0,0.0,256,8,per_prompt,actual_d,4,0.003987571969373706,0.003594851230541548,0.003987571969373706,0.003594851230541548,0.0009525213079671415,0.002675358199704587,0.002108164101801902,0.006386512534114926,robust,5,"[0, 1, 2, 3, 4]",300,10,MATCHES_B0_EXACTLY
B0_PERSISTENCE,0,0.0,256,8,per_prompt,actual_d,5,0.0036955535147423896,0.004434478516563139,0.0036955535147423896,0.004434478516563139,0.0009611766479887744,0.0026869942953125334,0.002117578829285509,0.0063283696815081975,robust,5,"[0, 1, 2, 3, 4]",300,10,MATCHES_B0_EXACTLY
B6_FULL_Q_RIDGE,FULL,0.01,256,8,per_prompt,actual_d,0,0.001685034858093331,0.0012568788988558887,0.0016846277744251746,0.0012561240089978762,0.004533013169400086,0.0032656002869450424,0.01236647009730295,0.008585143484358461,robust,5,"[0, 1, 2, 3, 4]",300,10,MATCHES_B0_EXACTLY
B6_FULL_Q_RIDGE,FULL,0.01,256,8,per_prompt,actual_d,1,0.0016977597752894232,0.0012299268613185394,0.0016979700488247665,0.0012311086954053013,0.004082687918021396,0.003368236364561034,0.01055627916518295,0.009364661248122332,robust,5,"[0, 1, 2, 3, 4]",300,10,MATCHES_B0_EXACTLY
B6_FULL_Q_RIDGE,FULL,0.01,256,8,per_prompt,actual_d,2,0.0015121034420558365,0.0012578413950528778,0.0015116471493206004,0.0012567479685659153,0.003949865070619059,0.0034189720715477323,0.009822281852074921,0.009405331666778588,robust,5,"[0, 1, 2, 3, 4]",300,10,MATCHES_B0_EXACTLY
B6_FULL_Q_RIDGE,FULL,0.01,256,8,per_prompt,actual_d,3,0.001568075236770602,0.0012618868926612071,0.0015679036779872935,0.001261604658000914,0.004209509521479255,0.002968206944375101,0.01023593511382027,0.008235496969763065,robust,5,"[0, 1, 2, 3, 4]",300,10,MATCHES_B0_EXACTLY
B6_FULL_Q_RIDGE,FULL,0.01,256,8,per_prompt,actual_d,4,0.0016008978187889748,0.0011910984663193597,0.0016004271829654815,0.0011903961939110524,0.004157005917029235,0.0030381673655779135,0.010474188273669372,0.008882006767829156,robust,5,"[0, 1, 2, 3, 4]",300,10,MATCHES_B0_EXACTLY
B6_FULL_Q_RIDGE,FULL,0.01,256,8,per_prompt,actual_d,5,0.0014474839985085758,0.0011639841124550698,0.0014470830954447839,0.0011641355909857033,0.00375190318625671,0.003371813360659524,0.009797494933971982,0.009371029194151453,robust,5,"[0, 1, 2, 3, 4]",300,10,MATCHES_B0_EXACTLY
B5_WORST_GROUP_RANK,0,0.0,256,8,per_prompt,actual_d,0,0.004238788991661733,0.003957741593745901,0.004238788991661733,0.003957741593745901,0.001031012981254595,0.002653818220769817,0.002415107563894735,0.006337517768275261,robust,5,"[0, 1, 2, 3, 4]",300,10,MATCHES_B0_EXACTLY
B5_WORST_GROUP_RANK,0,0.0,256,8,per_prompt,actual_d,1,0.0041338647883180585,0.004000621837084408,0.0041338647883180585,0.004000621837084408,0.0010380733302923564,0.0026824931933317696,0.0024270577129933196,0.0063065111954534805,robust,5,"[0, 1, 2, 3, 4]",300,10,MATCHES_B0_EXACTLY
B5_WORST_GROUP_RANK,0,0.0,256,8,per_prompt,actual_d,2,0.0038783894485570174,0.004003203018259815,0.0038783894485570174,0.004003203018259815,0.0010056442340555798,0.0027069065980697363,0.0023260998003693883,0.006374979293392444,robust,5,"[0, 1, 2, 3, 4]",300,10,MATCHES_B0_EXACTLY
B5_WORST_GROUP_RANK,0,0.0,256,8,per_prompt,actual_d,3,0.004251043667859544,0.003709394994300296,0.004251043667859544,0.003709394994300296,0.0010158040448788616,0.002758363693844634,0.002371451284482701,0.006394995810945838,robust,5,"[0, 1, 2, 3, 4]",300,10,MATCHES_B0_EXACTLY
B5_WORST_GROUP_RANK,0,0.0,256,8,per_prompt,actual_d,4,0.003987571969373706,0.003594851230541548,0.003987571969373706,0.003594851230541548,0.0009525213079671415,0.002675358199704587,0.002108164101801902,0.006386512534114926,robust,5,"[0, 1, 2, 3, 4]",300,10,MATCHES_B0_EXACTLY
B5_WORST_GROUP_RANK,0,0.0,256,8,per_prompt,actual_d,5,0.0036955535147423896,0.004434478516563139,0.0036955535147423896,0.004434478516563139,0.0009611766479887744,0.0026869942953125334,0.002117578829285509,0.0063283696815081975,robust,5,"[0, 1, 2, 3, 4]",300,10,MATCHES_B0_EXACTLY
B5_EXACT_SELECTED_DIAGNOSTIC,1,0.01,256,8,per_prompt,actual_d,0,0.0027455992517629304,0.0024350158264137257,0.0027444043071356452,0.0024284274214342364,0.002926533347135781,0.0027979974307103606,0.009480155467847815,0.007159798114524907,robust,5,"[0, 1, 2, 3, 4]",300,10,MATCHES_B0_EXACTLY
B5_EXACT_SELECTED_DIAGNOSTIC,1,0.01,256,8,per_prompt,actual_d,1,0.0028577298591326234,0.002657754836861269,0.0028583229247547016,0.0026548721714734413,0.002589821308816639,0.0026399686798208766,0.007288811855644894,0.006936838574582877,robust,5,"[0, 1, 2, 3, 4]",300,10,MATCHES_B0_EXACTLY
B5_EXACT_SELECTED_DIAGNOSTIC,1,0.01,256,8,per_prompt,actual_d,2,0.002464952684656354,0.0024625304128095956,0.0024639257729923212,0.0024597836455822566,0.002559815678578387,0.002937867361099623,0.007511697072101908,0.007370774083972659,robust,5,"[0, 1, 2, 3, 4]",300,10,MATCHES_B0_EXACTLY
B5_EXACT_SELECTED_DIAGNOSTIC,1,0.01,256,8,per_prompt,actual_d,3,0.002510709954551461,0.0023261293228138786,0.002510249311362244,0.0023279496663468563,0.002830492466275937,0.0027552895571962177,0.008489585818546906,0.00699928562463747,robust,5,"[0, 1, 2, 3, 4]",300,10,MATCHES_B0_EXACTLY
B5_EXACT_SELECTED_DIAGNOSTIC,1,0.01,256,8,per_prompt,actual_d,4,0.0026783087792654346,0.0022796853467588014,0.002677490449768544,0.0022754970280911054,0.002706835227553315,0.0027821413883407156,0.008708965548869749,0.007147643893615571,robust,5,"[0, 1, 2, 3, 4]",300,10,MATCHES_B0_EXACTLY
B5_EXACT_SELECTED_DIAGNOSTIC,1,0.01,256,8,per_prompt,actual_d,5,0.0023814528714443807,0.0026803446949430283,0.0023805033636180905,0.002679968365872934,0.002355657331445691,0.0028147226587954288,0.006813372490391938,0.007730674873684429,robust,5,"[0, 1, 2, 3, 4]",300,10,MATCHES_B0_EXACTLY
