method,rank_cap,alpha,n,level_mae,projected_level_mae,delta_mae,projected_delta_mae,raw_invalid_fraction,near_zero_prompt_fraction,delta_error_ss,delta_truth_ss,response_nrmse,sample_count,level_rmse,projected_level_rmse,delta_rmse,projected_delta_rmse,mean_block_prompt_abs_error_q95,group_delta_pX_q95_max,group_delta_v_q95_max
B0_PERSISTENCE,0,0.0,exact,0.0030029829236324127,0.0030029829236324127,0.0030029829236324127,0.0030029829236324127,0.0,0.878954475308642,1.6924620366648147,1.6924620366648147,1.0,288,0.004517175668572865,0.004517175668572865,0.004517175668572865,0.004517175668572865,0.007729590618845673,0.002107057053355212,0.00638952001585659
B0_PERSISTENCE,0,0.0,64,0.031253689176698976,0.031253689176698976,0.0030029829236324127,0.0030029829236324127,0.0,0.8789544753086419,5.0773861099944435,5.0773861099944435,1.0,864,0.041518638177202395,0.041518638177202395,0.004517175668572865,0.004517175668572865,0.0832599613232569,0.002115697345132391,0.006396159333725324
B1_LOG_RIDGE,0,0.0,exact,0.003174403168331033,0.0031379140193221675,0.003174403168331033,0.0031379140193221675,0.033854166666666664,0.878954475308642,2.693669133744791,1.6924620366648147,1.2615737879514828,288,0.0056987504190437405,0.0056360129323732265,0.0056987504190437405,0.0056360129323732265,0.008980861948690098,0.0016547275367970223,0.0037905117653183598
B1_LOG_RIDGE,0,1e-08,exact,0.002358463697535859,0.0023579672147912276,0.002358463697535859,0.0023579672147912276,0.0036651234567901237,0.878954475308642,1.3508828632116952,1.6924620366648147,0.893407056261537,288,0.004035676616675923,0.004035019965038187,0.004035676616675923,0.004035019965038187,0.006664202427897834,0.0012566108955481417,0.0035641999601530115
B1_LOG_RIDGE,0,1e-05,exact,0.0016545272093526004,0.0016545272093526002,0.0016545272093526002,0.0016545272093526002,0.0,0.878954475308642,0.6613980925289923,1.6924620366648147,0.6251323892823974,288,0.002823832818503266,0.0028238328185032657,0.002823832818503266,0.0028238328185032657,0.00513601629387,0.0012349426789856684,0.002461262797371373
B1_LOG_RIDGE,0,0.01,exact,0.0019675684057111325,0.0019675655106701556,0.0019675684057111325,0.0019675655106701556,4.8225308641975306e-05,0.878954475308642,0.7855904160849534,1.6924620366648147,0.6813003630248253,288,0.0030775534228456003,0.0030775519657075465,0.0030775534228456003,0.0030775519657075465,0.005496814694739764,0.0013612527888383777,0.0035801523567676502
B1_LOG_RIDGE,0,0.0,64,0.04829089313060292,0.0460307660716731,0.038447286767966854,0.036272029845364755,0.2720711162551441,0.8789544753086419,664.202553736701,5.0773861099944435,11.437475459000295,864,0.06400980912232485,0.06138052043027389,0.051665085853295385,0.04935936370263064,0.12732764694831877,0.024728948500080963,0.021449057221958726
B1_LOG_RIDGE,0,1e-08,64,0.04827753439338964,0.04601977295467729,0.03843035640624454,0.036257410218989955,0.27195859053497945,0.8789544753086419,663.5988399010855,5.0773861099944435,11.432276343244046,864,0.06399150911709223,0.06136549983887542,0.05164160053410316,0.049338910711209785,0.1272927357113053,0.02471539207888083,0.021446842974697667
B1_LOG_RIDGE,0,1e-05,64,0.04203449487225039,0.04076192948416166,0.029925044192790472,0.02871112497469584,0.22085583847736626,0.8789544753086419,399.2507571169723,5.0773861099944435,8.867532296470433,864,0.055548174068667924,0.05422768381734881,0.0400562011299003,0.03893710087142532,0.11095261210551183,0.0189749444999646,0.018260894823989012
B1_LOG_RIDGE,0,0.01,64,0.03229849751965056,0.03210664917019937,0.009033683339799526,0.008888253098956826,0.12490354938271606,0.8789544753086419,37.111966643881715,5.0773861099944435,2.7035654593988236,864,0.042871726446305186,0.04274518238263093,0.012212480111590384,0.01213045888259437,0.0861027993533011,0.005457501163135577,0.007777372173761659
B2_RANDOM_Q,0,0.0,exact,0.0030029829236324127,0.0030029829236324127,0.0030029829236324127,0.0030029829236324127,0.0,0.878954475308642,1.6924620366648147,1.6924620366648147,1.0,288,0.004517175668572865,0.004517175668572865,0.004517175668572865,0.004517175668572865,0.007729590618845673,0.002107057053355212,0.00638952001585659
B2_RANDOM_Q,0,1e-08,exact,0.0030029829236324127,0.0030029829236324127,0.0030029829236324127,0.0030029829236324127,0.0,0.878954475308642,1.6924620366648147,1.6924620366648147,1.0,288,0.004517175668572865,0.004517175668572865,0.004517175668572865,0.004517175668572865,0.007729590618845673,0.002107057053355212,0.00638952001585659
B2_RANDOM_Q,0,1e-05,exact,0.0030029829236324127,0.0030029829236324127,0.0030029829236324127,0.0030029829236324127,0.0,0.878954475308642,1.6924620366648147,1.6924620366648147,1.0,288,0.004517175668572865,0.004517175668572865,0.004517175668572865,0.004517175668572865,0.007729590618845673,0.002107057053355212,0.00638952001585659
B2_RANDOM_Q,0,0.01,exact,0.0030029829236324127,0.0030029829236324127,0.0030029829236324127,0.0030029829236324127,0.0,0.878954475308642,1.6924620366648147,1.6924620366648147,1.0,288,0.004517175668572865,0.004517175668572865,0.004517175668572865,0.004517175668572865,0.007729590618845673,0.002107057053355212,0.00638952001585659
B2_RANDOM_Q,0,0.0,64,0.031253689176698976,0.031253689176698976,0.0030029829236324127,0.0030029829236324127,0.0,0.8789544753086419,5.0773861099944435,5.0773861099944435,1.0,864,0.041518638177202395,0.041518638177202395,0.004517175668572865,0.004517175668572865,0.0832599613232569,0.002115697345132391,0.006396159333725324
B2_RANDOM_Q,0,1e-08,64,0.031253689176698976,0.031253689176698976,0.0030029829236324127,0.0030029829236324127,0.0,0.8789544753086419,5.0773861099944435,5.0773861099944435,1.0,864,0.041518638177202395,0.041518638177202395,0.004517175668572865,0.004517175668572865,0.0832599613232569,0.002115697345132391,0.006396159333725324
B2_RANDOM_Q,0,1e-05,64,0.031253689176698976,0.031253689176698976,0.0030029829236324127,0.0030029829236324127,0.0,0.8789544753086419,5.0773861099944435,5.0773861099944435,1.0,864,0.041518638177202395,0.041518638177202395,0.004517175668572865,0.004517175668572865,0.0832599613232569,0.002115697345132391,0.006396159333725324
B2_RANDOM_Q,0,0.01,64,0.031253689176698976,0.031253689176698976,0.0030029829236324127,0.0030029829236324127,0.0,0.8789544753086419,5.0773861099944435,5.0773861099944435,1.0,864,0.041518638177202395,0.041518638177202395,0.004517175668572865,0.004517175668572865,0.0832599613232569,0.002115697345132391,0.006396159333725324
B2_RANDOM_Q,1,0.0,exact,0.0023978601801392333,0.0023978601801392333,0.0023978601801392333,0.0023978601801392333,0.0,0.878954475308642,1.1904077550636527,1.6924620366648147,0.8386647814232595,288,0.0037883961447341273,0.0037883961447341273,0.0037883961447341273,0.0037883961447341273,0.006393598111116652,0.0021106630277405026,0.005055490371828709
B2_RANDOM_Q,1,1e-08,exact,0.0023978601841846735,0.0023978601841846735,0.0023978601841846735,0.0023978601841846735,0.0,0.878954475308642,1.1904077572496365,1.6924620366648147,0.838664782193293,288,0.0037883961482125038,0.0037883961482125038,0.0037883961482125038,0.0037883961482125038,0.006393598108400185,0.0021106630219600033,0.0050554903758701615
B2_RANDOM_Q,1,1e-05,exact,0.0023978642255385475,0.002397864225538548,0.002397864225538548,0.002397864225538548,0.0,0.878954475308642,1.1904099410540248,1.6924620366648147,0.8386655514586898,288,0.003788399623119437,0.0037883996231194367,0.003788399623119437,0.0037883996231194367,0.0063935953946738875,0.0021106572472983872,0.005055494413240842
B2_RANDOM_Q,1,0.01,exact,0.0024018718135940284,0.0024018718135940284,0.002401871813594029,0.0024018718135940284,0.0,0.878954475308642,1.192599882614756,1.6924620366648147,0.8394366239142877,288,0.0037918826928545705,0.0037918826928545705,0.003791882692854571,0.0037918826928545705,0.006396616963590632,0.0021049397604927475,0.0050594918099940165
B2_RANDOM_Q,1,0.0,64,0.02572641002537743,0.02570497162917514,0.011409710719222534,0.011396261347045878,0.025109310699588477,0.8789544753086419,83.45127033847203,5.0773861099944435,4.054117958506107,864,0.03590780946028379,0.03586967325723024,0.018313162999688076,0.018298493777857954,0.0700919501204019,0.010560804997199627,0.008572952958489565
B2_RANDOM_Q,1,1e-08,64,0.025726410053170636,0.025704971657390902,0.011409710616396083,0.011396261244595614,0.025109310699588477,0.8789544753086419,83.4512687474358,5.0773861099944435,4.05411791985931,864,0.03590780947559965,0.035869673273423934,0.018313162825113707,0.018298493603786128,0.07009195017999885,0.010560804901726808,0.008572952909672367
B2_RANDOM_Q,1,1e-05,64,0.02572643781830419,0.025704999844659362,0.011409607893799316,0.011396158897804872,0.025109310699588477,0.8789544753086419,83.4496793262105,5.0773861099944435,4.054079312107441,864,0.03590782477644182,0.035869689451212224,0.018312988427116348,0.01829831970782413,0.07009200971676363,0.010560709525334788,0.008572904141776399
B2_RANDOM_Q,1,0.01,64,0.025754251939257403,0.02573322966949881,0.011307935426522446,0.01129485687930489,0.025061085390946505,0.8789544753086419,81.8839008325721,5.0773861099944435,4.015865570338315,864,0.0359234131497,0.035886140578423875,0.018140370242591724,0.018126198206919412,0.07011392933091233,0.010466277453080406,0.008526237291535125
B2_RANDOM_Q,2,0.0,exact,0.0008533999595027493,0.0008533999595027489,0.0008533999595027493,0.0008533999595027489,0.0,0.878954475308642,0.20634871049667133,1.6924620366648147,0.34917360896783883,288,0.0015772785305372976,0.0015772785305372974,0.0015772785305372974,0.0015772785305372974,0.002907636974740722,0.0007113627719953798,0.0022811574175502477
B2_RANDOM_Q,2,1e-08,exact,0.0008533999516692216,0.0008533999516692212,0.0008533999516692217,0.0008533999516692212,0.0,0.878954475308642,0.20634870684109374,1.6924620366648147,0.3491736058749404,288,0.0015772785165661318,0.0015772785165661318,0.0015772785165661318,0.0015772785165661318,0.002907636945819532,0.0007113627574700919,0.0022811574885098595
B2_RANDOM_Q,2,1e-05,exact,0.0008533921266163651,0.0008533921266163644,0.0008533921266163651,0.0008533921266163644,0.0,0.878954475308642,0.20634505573653938,1.6924620366648147,0.3491705167473137,288,0.0015772645624339795,0.0015772645624339793,0.0015772645624339793,0.0015772645624339793,0.00290760805530186,0.0007113482467048303,0.002281228373837873
B2_RANDOM_Q,2,0.01,exact,0.0008473508604065135,0.000847350860406513,0.0008473508604065134,0.000847350860406513,0.0,0.878954475308642,0.20339466691628025,1.6924620366648147,0.34666525234105483,288,0.0015659478430146852,0.0015659478430146852,0.0015659478430146852,0.0015659478430146852,0.002894847133720807,0.0007054388964450402,0.002314062238490432
B2_RANDOM_Q,2,0.0,64,0.012976285898866157,0.012972293833242119,0.03010168936783906,0.030098405241679154,0.008760931069958847,0.8789544753086419,415.9270089412531,5.0773861099944435,9.050831218574256,864,0.018024814371749607,0.018020245218940027,0.040884194560903316,0.04088057595012364,0.03629428298645102,0.02075376775883174,0.020822888016086602
B2_RANDOM_Q,2,1e-08,64,0.012976285581809214,0.012972293517874336,0.030101688909510996,0.030098404784972086,0.008760931069958847,0.8789544753086419,415.92699605966993,5.0773861099944435,9.05083107841861,864,0.01802481385972931,0.018020244709026672,0.040884193927795645,0.040880575318338906,0.03629428188837481,0.020753767534267616,0.020822887527286105
B2_RANDOM_Q,2,1e-05,64,0.012975968891057113,0.012971978514370841,0.03010123107340804,0.030097948568039757,0.008760931069958847,0.8789544753086419,415.9141284495689,5.0773861099944435,9.050691073721536,864,0.01802430244711996,0.01801973540096596,0.040883561501984536,0.04087994421402308,0.03629318394085489,0.02075354319840212,0.020822399264139344
B2_RANDOM_Q,2,0.01,64,0.012706146263004304,0.012703425970997904,0.029672292892033766,0.02967028850237905,0.007105195473251029,0.8789544753086419,403.96469900885137,5.0773861099944435,8.919728026115616,864,0.017592593818676398,0.017589426880466108,0.04029197840985692,0.04028942070886409,0.03545118487372115,0.02054850942809238,0.02063483427026579
B2_RANDOM_Q,4,0.0,exact,0.000688463778419335,0.0006884637784193349,0.000688463778419335,0.0006884637784193349,0.0,0.878954475308642,0.14857346832752447,1.6924620366648147,0.2962860218905173,288,0.0013383760090220917,0.0013383760090220915,0.001338376009022092,0.0013383760090220915,0.0023403388265254618,0.0005368205025630097,0.0017962504736674851
B2_RANDOM_Q,4,1e-08,exact,0.0006884637820205988,0.0006884637820205989,0.0006884637820205989,0.0006884637820205989,0.0,0.878954475308642,0.148573465507678,1.6924620366648147,0.29628601907884067,288,0.0013383759963212544,0.0013383759963212546,0.0013383759963212546,0.0013383759963212546,0.0023403388254255022,0.0005368203691482031,0.0017962504393334506
B2_RANDOM_Q,4,1e-05,exact,0.0006884673841770113,0.0006884673841770111,0.0006884673841770112,0.0006884673841770111,0.0,0.878954475308642,0.1485706499321741,1.6924620366648147,0.2962832116474905,288,0.0013383633146606681,0.0013383633146606681,0.0013383633146606681,0.0013383633146606684,0.0023403256749407048,0.0005366871551028395,0.0017962161537427369
B2_RANDOM_Q,4,0.01,exact,0.0006930353967682693,0.0006930353967682693,0.0006930353967682693,0.0006930353967682693,0.0,0.878954475308642,0.1477677145222155,1.6924620366648147,0.2954815103176849,288,0.001334741888920208,0.0013347418889202082,0.001334741888920208,0.0013347418889202082,0.002336082078778116,0.0005136536328687138,0.001851867141395343
B2_RANDOM_Q,4,0.0,64,0.0149433489200365,0.014926471089898216,0.03267927553897201,0.0326657341353647,0.026572145061728395,0.8789544753086419,479.42781399713596,5.0773861099944435,9.717208417616321,864,0.020669070493792886,0.020651650975726386,0.04389433743050787,0.04388650546766591,0.042025020802652406,0.02134497674287199,0.02124101156336907
B2_RANDOM_Q,4,1e-08,64,0.014943344522421607,0.014926466817861816,0.032679272791937775,0.032665731491956666,0.026572145061728395,0.8789544753086419,479.4277364989775,5.0773861099944435,9.717207632236576,864,0.0206690637601611,0.020651644424097157,0.0438943338828096,0.043886502000921035,0.04202500444857949,0.021344976570706584,0.021241011161848056
B2_RANDOM_Q,4,1e-05,64,0.014938963291665873,0.014922211289192164,0.0326765388748934,0.03266310073557909,0.026572145061728395,0.8789544753086419,479.3505870030624,5.0773861099944435,9.716425754410778,864,0.020662361428684474,0.02064512294283832,0.0438908020033191,0.04388305053597667,0.04200833086602525,0.021344804454298493,0.021240610093631724
B2_RANDOM_Q,4,0.01,64,0.013131282667660686,0.013129578504531022,0.031536549594062636,0.031535014689156426,0.004083076131687242,0.8789544753086419,447.07144953353094,5.0773861099944435,9.383575935383911,864,0.01806450550115794,0.01806283584540586,0.04238726089952206,0.04238637623007227,0.036275048268628436,0.020924688780961084,0.020957933092117076
B2_RANDOM_Q,8,0.0,exact,0.0004123511076097031,0.00041235110760970325,0.00041235110760970314,0.0004123511076097033,0.0,0.878954475308642,0.06153710204013657,1.6924620366648147,0.1906817162422956,288,0.0008613428090514129,0.0008613428090514132,0.0008613428090514129,0.0008613428090514132,0.0014917846355324167,0.0003261440118049383,0.0009329604834818031
B2_RANDOM_Q,8,1e-08,exact,0.0004123510336979062,0.00041235103369790675,0.00041235103369790626,0.00041235103369790675,0.0,0.878954475308642,0.06153708662355934,1.6924620366648147,0.19068169235703378,288,0.0008613427011574891,0.0008613427011574896,0.0008613427011574892,0.0008613427011574896,0.0014917837127071804,0.00032614372123796663,0.0009329584681695528
B2_RANDOM_Q,8,1e-05,exact,0.00041227885743258525,0.0004122788574325857,0.00041227885743258525,0.00041227885743258573,0.0,0.878954475308642,0.06152187098565536,1.6924620366648147,0.1906581169562999,288,0.0008612362069309173,0.0008612362069309175,0.0008612362069309173,0.0008612362069309175,0.0014909077216383026,0.00032585397190104903,0.0009309557213820182
B2_RANDOM_Q,8,0.01,exact,0.0004391235786092579,0.0004391235786092581,0.0004391235786092579,0.0004391235786092581,0.0,0.878954475308642,0.06336130139457619,1.6924620366648147,0.19348734994496386,288,0.0008740163493480337,0.000874016349348034,0.0008740163493480338,0.000874016349348034,0.0015366462539472452,0.0002859791767996268,0.0009775397906152115
B2_RANDOM_Q,8,0.0,64,0.01994382325665365,0.01985826099452554,0.036923451687205795,0.036846165483098464,0.05216370884773663,0.8789544753086419,605.5948427411265,5.0773861099944435,10.92121580009104,864,0.027793601060815763,0.027668523116899903,0.049333050283404775,0.04926841214005034,0.055910035676807295,0.023463100900994044,0.022253478219912835
B2_RANDOM_Q,8,1e-08,64,0.019943772515381417,0.01985821298625222,0.03692341684089744,0.03684613319425997,0.05303176440329218,0.8789544753086419,605.5937479504695,5.0773861099944435,10.921205928432977,864,0.027793521767134472,0.02766844848154475,0.04933300569139116,0.04926837020075526,0.05590986294203362,0.02346310464753304,0.02225347956051791
B2_RANDOM_Q,8,1e-05,64,0.019894078811189393,0.019811088213983825,0.036889384006569576,0.036814523900159025,0.05227623456790123,0.8789544753086419,604.527295699634,5.0773861099944435,10.91158555439607,864,0.02771619046106831,0.027595543341958816,0.04928954877186908,0.04922743144237137,0.05576491513515047,0.02346684292728406,0.022254818022335195
B2_RANDOM_Q,8,0.01,64,0.01342001664721965,0.013417069754007579,0.0332017699959126,0.033199378827223576,0.006413966049382715,0.8789544753086419,488.6608498136687,5.0773861099944435,9.81033138319898,864,0.018443936583285803,0.018440658647014295,0.0443149902248232,0.04431358840570856,0.037042238149839674,0.022145830064785,0.02129875111659607
B2_RANDOM_Q,16,0.0,exact,0.00027136918830217077,0.0002713691883021707,0.00027136918830217066,0.0002713691883021707,0.0,0.878954475308642,0.025335805480830087,1.6924620366648147,0.12235110333340271,288,0.0005526814270006912,0.0005526814270006914,0.0005526814270006911,0.0005526814270006914,0.0009421948001214266,0.00021773478055869418,0.0008249607835461722
B2_RANDOM_Q,16,1e-08,exact,0.0002713698801228282,0.0002713698801228286,0.0002713698801228282,0.0002713698801228286,0.0,0.878954475308642,0.025335990986220726,1.6924620366648147,0.12235155125181782,288,0.0005526834503268574,0.0005526834503268575,0.0005526834503268573,0.0005526834503268575,0.0009421985979616318,0.00021773420309611455,0.0008249410208706394
B2_RANDOM_Q,16,1e-05,exact,0.00027203309548788705,0.00027203309548788727,0.00027203309548788716,0.00027203309548788727,0.0,0.878954475308642,0.02551209206069322,1.6924620366648147,0.12277602506111218,288,0.0005546008730901481,0.0005546008730901482,0.0005546008730901482,0.0005546008730901482,0.0009469540351676015,0.00021685732546198447,0.0008064104771023443
B2_RANDOM_Q,16,0.01,exact,0.00036885260906258,0.00036885260906258023,0.00036885260906258,0.00036885260906258023,0.0,0.878954475308642,0.043322596383380915,1.6924620366648147,0.159991816898114,288,0.0007227111424629254,0.0007227111424629256,0.0007227111424629255,0.0007227111424629256,0.0012761749694124988,0.00026163088224208315,0.0008658206783912432
B2_RANDOM_Q,16,0.0,64,0.03218246609682119,0.031601003414634884,0.04540606942214414,0.044847243497599845,0.1057420267489712,0.8789544753086419,1002.6629254246975,5.0773861099944435,14.05262260455555,864,0.04862477199094547,0.04730413659733798,0.06347816490893536,0.06249620863463197,0.09333173156532297,0.035490611560585784,0.027570016862052415
B2_RANDOM_Q,16,1e-08,64,0.03218167440183899,0.03160029442373095,0.04540543303320775,0.04484668648307005,0.10723701131687244,0.8789544753086419,1002.6241448235012,5.0773861099944435,14.052350841030242,864,0.04862316116428023,0.047302754835861015,0.06347693730535123,0.062495166225837465,0.09332960916222809,0.03549041560769583,0.02756997581679124
B2_RANDOM_Q,16,1e-05,64,0.03146449205851582,0.03095305338816275,0.04483450426165197,0.044343363798633566,0.1015946502057613,0.8789544753086419,968.4007394329881,5.0773861099944435,13.810438266564518,864,0.04718008401654035,0.04605280311652691,0.062384175710052836,0.06155794497911766,0.09090795990606555,0.03525580892387903,0.027529120695359694
B2_RANDOM_Q,16,0.01,64,0.013329182690399666,0.013327051401849222,0.03340223228782953,0.03340046675399737,0.0057066615226337445,0.8789544753086419,492.98264908059673,5.0773861099944435,9.853618000969677,864,0.018260296955550346,0.018258498090725113,0.04451052348139181,0.04450982986395859,0.036704617365093554,0.022121417535268383,0.02047332534431248
B2_RANDOM_Q,FULL,0.0,exact,0.00021489906075789495,0.00021489906075789476,0.00021489906075789498,0.00021489906075789479,0.0,0.878954475308642,0.015497987808849057,1.6924620366648147,0.09569256361212382,288,0.0004322601200120468,0.00043226012001204697,0.0004322601200120468,0.00043226012001204697,0.000754534238849547,0.00016988219309653938,0.0005395810294790855
B2_RANDOM_Q,FULL,1e-08,exact,0.00021490097955497914,0.0002149009795549794,0.0002149009795549792,0.00021490097955497939,0.0,0.878954475308642,0.015498343655815329,1.6924620366648147,0.09569366219709541,288,0.00043226508251335025,0.0004322650825133503,0.0004322650825133503,0.0004322650825133503,0.0007545444927318471,0.00016988238652192192,0.0005395927737745184
B2_RANDOM_Q,FULL,1e-05,exact,0.00021674400637266143,0.00021674400637266165,0.00021674400637266148,0.00021674400637266165,0.0,0.878954475308642,0.01584135144828983,1.6924620366648147,0.09674680833751356,288,0.00043702232863429856,0.0004370223286342987,0.0004370223286342986,0.0004370223286342987,0.0007630696010005226,0.00017006249187031074,0.000544107622727071
B2_RANDOM_Q,FULL,0.01,exact,0.00035903053938862777,0.0003590305393886279,0.0003590305393886278,0.0003590305393886279,0.0,0.878954475308642,0.040839367926747146,1.6924620366648147,0.15533883294552273,288,0.00070169279656602,0.0007016927965660202,0.0007016927965660201,0.0007016927965660202,0.0012398290594112073,0.000217093374970845,0.0009062834029565794
B2_RANDOM_Q,FULL,0.0,64,0.037408517131750293,0.036522754979183114,0.049427138285799616,0.04856371683735147,0.1267039609053498,0.8789544753086419,1214.8508291584792,5.0773861099944435,15.468257099648206,864,0.056540646794375315,0.05452273484970274,0.06987283460576034,0.06828388580121776,0.10820045749849072,0.038152351198595634,0.03228761305450706
B2_RANDOM_Q,FULL,1e-08,64,0.03740605977757741,0.03652055844973542,0.04942508058798015,0.04856191584074538,0.12819894547325103,0.8789544753086419,1214.7128357600266,5.0773861099944435,15.467378564633115,864,0.05653578144595834,0.054518547355841204,0.06986886610876618,0.06828050961085279,0.10819447219960374,0.03815203675207621,0.032285365195951085
B2_RANDOM_Q,FULL,1e-05,64,0.03573298376955811,0.03500264860736379,0.04805650233414604,0.047346710468758886,0.11736432613168724,0.8789544753086419,1130.1059476303217,5.0773861099944435,14.9189921345926,864,0.053467258329069255,0.05182714833409126,0.06739170827001163,0.06612996181702405,0.10286452099567193,0.036227321422709895,0.031524923240482
B2_RANDOM_Q,FULL,0.01,64,0.012935159671416818,0.012933028382866373,0.03317300293790128,0.03317123740406912,0.0057066615226337445,0.8789544753086419,485.4586592886002,5.0773861099944435,9.778135040525585,864,0.017722732187971928,0.0177208787544723,0.04416955368908192,0.04416885471713861,0.03555752249285441,0.02177194837113545,0.020156092042412088
B3_UPDATE_PCA,0,0.0,exact,0.0030029829236324127,0.0030029829236324127,0.0030029829236324127,0.0030029829236324127,0.0,0.878954475308642,1.6924620366648147,1.6924620366648147,1.0,288,0.004517175668572865,0.004517175668572865,0.004517175668572865,0.004517175668572865,0.007729590618845673,0.002107057053355212,0.00638952001585659
B3_UPDATE_PCA,0,1e-08,exact,0.0030029829236324127,0.0030029829236324127,0.0030029829236324127,0.0030029829236324127,0.0,0.878954475308642,1.6924620366648147,1.6924620366648147,1.0,288,0.004517175668572865,0.004517175668572865,0.004517175668572865,0.004517175668572865,0.007729590618845673,0.002107057053355212,0.00638952001585659
B3_UPDATE_PCA,0,1e-05,exact,0.0030029829236324127,0.0030029829236324127,0.0030029829236324127,0.0030029829236324127,0.0,0.878954475308642,1.6924620366648147,1.6924620366648147,1.0,288,0.004517175668572865,0.004517175668572865,0.004517175668572865,0.004517175668572865,0.007729590618845673,0.002107057053355212,0.00638952001585659
B3_UPDATE_PCA,0,0.01,exact,0.0030029829236324127,0.0030029829236324127,0.0030029829236324127,0.0030029829236324127,0.0,0.878954475308642,1.6924620366648147,1.6924620366648147,1.0,288,0.004517175668572865,0.004517175668572865,0.004517175668572865,0.004517175668572865,0.007729590618845673,0.002107057053355212,0.00638952001585659
B3_UPDATE_PCA,0,0.0,64,0.031253689176698976,0.031253689176698976,0.0030029829236324127,0.0030029829236324127,0.0,0.8789544753086419,5.0773861099944435,5.0773861099944435,1.0,864,0.041518638177202395,0.041518638177202395,0.004517175668572865,0.004517175668572865,0.0832599613232569,0.002115697345132391,0.006396159333725324
B3_UPDATE_PCA,0,1e-08,64,0.031253689176698976,0.031253689176698976,0.0030029829236324127,0.0030029829236324127,0.0,0.8789544753086419,5.0773861099944435,5.0773861099944435,1.0,864,0.041518638177202395,0.041518638177202395,0.004517175668572865,0.004517175668572865,0.0832599613232569,0.002115697345132391,0.006396159333725324
B3_UPDATE_PCA,0,1e-05,64,0.031253689176698976,0.031253689176698976,0.0030029829236324127,0.0030029829236324127,0.0,0.8789544753086419,5.0773861099944435,5.0773861099944435,1.0,864,0.041518638177202395,0.041518638177202395,0.004517175668572865,0.004517175668572865,0.0832599613232569,0.002115697345132391,0.006396159333725324
B3_UPDATE_PCA,0,0.01,64,0.031253689176698976,0.031253689176698976,0.0030029829236324127,0.0030029829236324127,0.0,0.8789544753086419,5.0773861099944435,5.0773861099944435,1.0,864,0.041518638177202395,0.041518638177202395,0.004517175668572865,0.004517175668572865,0.0832599613232569,0.002115697345132391,0.006396159333725324
B3_UPDATE_PCA,1,0.0,exact,0.0006462030571000051,0.0006462030571000052,0.0006462030571000051,0.0006462030571000052,0.0,0.878954475308642,0.12804623637495893,1.6924620366648147,0.2750577847803963,288,0.0012424843328615576,0.0012424843328615578,0.0012424843328615576,0.0012424843328615576,0.0022852173990933282,0.0003811065088561807,0.0017414831142863033
B3_UPDATE_PCA,1,1e-08,exact,0.0006462030551304994,0.0006462030551304995,0.0006462030551304995,0.0006462030551304995,0.0,0.878954475308642,0.12804623445114857,1.6924620366648147,0.27505778271411524,288,0.0012424843235278032,0.0012424843235278034,0.0012424843235278034,0.0012424843235278034,0.002285217380482884,0.00038110649335841644,0.0017414831334161827
B3_UPDATE_PCA,1,1e-05,exact,0.0006462010878446365,0.0006462010878446364,0.0006462010878446364,0.0006462010878446364,0.0,0.878954475308642,0.1280443127593141,1.6924620366648147,0.2750557187007512,288,0.0012424750000168555,0.0012424750000168557,0.0012424750000168555,0.0012424750000168557,0.002285198097695439,0.00038109101124671836,0.0017415022439747122
B3_UPDATE_PCA,1,0.01,exact,0.0006454420550941662,0.0006454420550941662,0.0006454420550941663,0.0006454420550941662,0.0,0.878954475308642,0.12631369154710606,1.6924620366648147,0.2731905961825559,288,0.0012340499139587564,0.0012340499139587569,0.0012340499139587564,0.0012340499139587569,0.002274864638775483,0.0003619137430290546,0.0017781462082321236
B3_UPDATE_PCA,1,0.0,64,0.0094072886068173,0.009406767039519226,0.031969016154293824,0.03196840075798938,0.001655735596707819,0.8789544753086419,450.1905975024879,5.0773861099944435,9.416252913823783,864,0.012619841481384057,0.012619475996359363,0.04253486855145313,0.04253442375132058,0.025718427038804004,0.021195557915558234,0.019854740306736833
B3_UPDATE_PCA,1,1e-08,64,0.009407288527209158,0.009406766960011699,0.03196901583479656,0.031968400438606485,0.001655735596707819,0.8789544753086419,450.19058849469246,5.0773861099944435,9.416252819619594,864,0.0126198413757235,0.012619475890768844,0.04253486812591626,0.04253442332586307,0.025718426868162267,0.02119555772187383,0.019854740074853033
B3_UPDATE_PCA,1,1e-05,64,0.009407209004745768,0.009406687538059655,0.03196869666022447,0.03196808137828795,0.001655735596707819,0.8789544753086419,450.18158984259986,5.0773861099944435,9.416158710581406,864,0.012619735828689688,0.012619370413700665,0.04253444301885876,0.042533998298083714,0.02571824471338233,0.02119536423308538,0.01985450842525329
B3_UPDATE_PCA,1,0.01,64,0.00933370390758828,0.00933327677833645,0.03165269447727471,0.031652187848766014,0.0014467592592592592,0.8789544753086419,441.3166568574867,5.0773861099944435,9.322986696178226,864,0.0125219598339729,0.012521660834573668,0.0421135686624048,0.04211319968683771,0.025521087652528068,0.02100379117330289,0.019650487079473835
B3_UPDATE_PCA,2,0.0,exact,0.00048222327102367675,0.00048222327102367697,0.00048222327102367675,0.00048222327102367697,0.0,0.878954475308642,0.08047981092718004,1.6924620366648147,0.21806401585591162,288,0.0009850334666156111,0.0009850334666156113,0.0009850334666156113,0.0009850334666156113,0.0016682126297963378,0.00029192012057878603,0.0013266409568818266
B3_UPDATE_PCA,2,1e-08,exact,0.00048222329053064305,0.00048222329053064305,0.00048222329053064294,0.00048222329053064305,0.0,0.878954475308642,0.08047981339393391,1.6924620366648147,0.2180640191978072,288,0.0009850334817115408,0.000985033481711541,0.0009850334817115408,0.000985033481711541,0.0016682127307352634,0.00029192012849040515,0.001326640993121791
B3_UPDATE_PCA,2,1e-05,exact,0.00048224277592745713,0.00048224277592745713,0.00048224277592745697,0.00048224277592745713,0.0,0.878954475308642,0.080482277703095,1.6924620366648147,0.2180673577557882,288,0.0009850485625644207,0.0009850485625644207,0.0009850485625644205,0.0009850485625644207,0.0016683135463943827,0.00029192803115331317,0.0013266771989449769
B3_UPDATE_PCA,2,0.01,exact,0.0005016140327763124,0.0005016140327763124,0.0005016140327763122,0.0005016140327763124,0.0,0.878954475308642,0.08291117197722854,1.6924620366648147,0.221333452820965,288,0.0009998020877240834,0.0009998020877240836,0.0009998020877240831,0.0009998020877240836,0.0017311616733115872,0.0002989053338373572,0.001404302137726407
B3_UPDATE_PCA,2,0.0,64,0.010732533388045758,0.010730801254243175,0.03250346100941257,0.032502048403627644,0.0051440329218107,0.8789544753086419,464.16843609461796,5.0773861099944435,9.561316775914094,864,0.0145901422796935,0.01458876541692909,0.043190147499676694,0.043189598789924205,0.029593882223854704,0.021504576659919936,0.020227134619574774
B3_UPDATE_PCA,2,1e-08,64,0.010732532823095144,0.010730800690634243,0.03250346050621055,0.03250204790153418,0.0051440329218107,0.8789544753086419,464.16842184639677,5.0773861099944435,9.561316629165903,864,0.014590141438742129,0.014588764577089278,0.04319014683678933,0.04318959812745103,0.02959388032200448,0.02150457655636674,0.020227134002880627
B3_UPDATE_PCA,2,1e-05,64,0.010731968631042175,0.010730237838607382,0.03250295786422028,0.03250154636674051,0.0051440329218107,0.8789544753086419,464.154189877553,5.0773861099944435,9.561170047238901,864,0.014589301586526384,0.014587925835024487,0.04318948470047523,0.04318893640479829,0.029591980399376112,0.02150447309290859,0.020226518036906022
B3_UPDATE_PCA,2,0.01,64,0.010293081710089566,0.010292143219765213,0.03204956589330648,0.03204865266171438,0.0031989454732510286,0.8789544753086419,451.4046743007509,5.0773861099944435,9.428941269732698,864,0.013939309162149709,0.013938595217583089,0.04259218408403907,0.04259185221045823,0.028258788177220606,0.02126713667720186,0.019822030932229142
B3_UPDATE_PCA,4,0.0,exact,0.0003775197211285033,0.00037751972112850363,0.0003775197211285033,0.00037751972112850363,0.0,0.878954475308642,0.04987885472925358,1.6924620366648147,0.17167172402375372,288,0.0007754713347420561,0.0007754713347420564,0.000775471334742056,0.0007754713347420564,0.0013214265513244096,0.0002484500862357287,0.0010900548460252607
B3_UPDATE_PCA,4,1e-08,exact,0.00037751975735835224,0.00037751975735835224,0.0003775197573583524,0.00037751975735835224,0.0,0.878954475308642,0.049878860456877304,1.6924620366648147,0.17167173388034543,288,0.0007754713792660122,0.0007754713792660125,0.0007754713792660122,0.0007754713792660126,0.0013214266352792722,0.00024845009751499087,0.0010900547773113154
B3_UPDATE_PCA,4,1e-05,exact,0.0003775559597648662,0.00037755595976486644,0.0003775559597648661,0.00037755595976486644,0.0,0.878954475308642,0.049884583077930124,1.6924620366648147,0.17168158158028243,288,0.0007755158630565592,0.0007755158630565594,0.0007755158630565591,0.0007755158630565594,0.0013215077245319934,0.0002484613562669793,0.001089986141303984
B3_UPDATE_PCA,4,0.01,exact,0.0004147113499044801,0.0004147113499044802,0.0004147113499044802,0.0004147113499044802,0.0,0.878954475308642,0.05569585447053568,1.6924620366648147,0.1814061338307984,288,0.0008194433738703551,0.0008194433738703555,0.0008194433738703554,0.0008194433738703555,0.0014268914869476638,0.00026365227041211345,0.001128381768954226
B3_UPDATE_PCA,4,0.0,64,0.012417937194193217,0.01240821845956064,0.03319359941269704,0.03318481580422169,0.012908307613168725,0.8789544753086419,484.53579203166225,5.0773861099944435,9.76883639764661,864,0.017023989052873438,0.01701019567054449,0.044127550085718246,0.0441227599410472,0.03448584728540609,0.021232248837183026,0.020845527965343443
B3_UPDATE_PCA,4,1e-08,64,0.01241793462849942,0.01240821594036138,0.03319359792529241,0.03318481436367301,0.012908307613168725,0.8789544753086419,484.5357493555206,5.0773861099944435,9.768835967444895,864,0.017023985067153587,0.017010191775669113,0.04412754814242154,0.04412275803055535,0.03448583863503379,0.021232248266028726,0.02084552741665354
B3_UPDATE_PCA,4,1e-05,64,0.01241537813703324,0.012405705543878513,0.0331921150168591,0.033183377947630516,0.012811856995884774,0.8789544753086419,484.4931893497079,5.0773861099944435,9.76840692702188,864,0.017020011321087814,0.017006308301698494,0.04412561009146186,0.04412085262912987,0.03447630151693475,0.021231677758199632,0.020844979386501598
B3_UPDATE_PCA,4,0.01,64,0.011138513239757744,0.011136714737078923,0.032377106824039645,0.032375599199974965,0.004742155349794239,0.8789544753086419,461.05275505662615,5.0773861099944435,9.529173086132063,864,0.015145974571548468,0.015144500245172941,0.04304494880629514,0.04304443451324212,0.030737274741325416,0.02124698208866534,0.020169104373977082
B3_UPDATE_PCA,8,0.0,exact,0.00030828539172823236,0.0003082853917282323,0.00030828539172823253,0.0003082853917282323,0.0,0.878954475308642,0.033788373056723,1.6924620366648147,0.14129414714209113,288,0.000638250483582008,0.0006382504835820082,0.0006382504835820082,0.0006382504835820081,0.0010823881683123145,0.0002153676557028606,0.0008188009574659815
B3_UPDATE_PCA,8,1e-08,exact,0.00030828546165494425,0.0003082854616549445,0.00030828546165494436,0.0003082854616549445,0.0,0.878954475308642,0.03378838751610509,1.6924620366648147,0.1412941773747667,288,0.0006382506201483148,0.000638250620148315,0.0006382506201483148,0.000638250620148315,0.001082388556832629,0.00021536764567811192,0.0008188010864044995
B3_UPDATE_PCA,8,1e-05,exact,0.0003083639962712945,0.0003083639962712947,0.00030836399627129444,0.0003083639962712947,0.0,0.878954475308642,0.03380283801147238,1.6924620366648147,0.14132438823636795,288,0.0006383870879172664,0.0006383870879172666,0.0006383870879172664,0.0006383870879172666,0.0010827721886293152,0.00021535762590651957,0.0008189298430080113
B3_UPDATE_PCA,8,0.01,exact,0.0003737747963229673,0.0003737747963229674,0.0003737747963229673,0.0003737747963229674,0.0,0.878954475308642,0.0447153751823333,1.6924620366648147,0.16254326216164255,288,0.0007342364689270323,0.0007342364689270325,0.0007342364689270322,0.0007342364689270325,0.0012929993090329203,0.0002229458730554819,0.0009480231964701882
B3_UPDATE_PCA,8,0.0,64,0.017059137832580326,0.016995605618778806,0.03560353765020826,0.03554625504814997,0.04542824074074074,0.8789544753086419,556.9765555667293,5.0773861099944435,10.473657363842637,864,0.02367711574894594,0.02358308075671572,0.047311350204918966,0.047268361137401904,0.04796079902573759,0.024362082335555136,0.022678908855737395
B3_UPDATE_PCA,8,1e-08,64,0.01705910402178609,0.016995573731782274,0.03560351515850698,0.03554623435388758,0.046296296296296294,0.8789544753086419,556.9758835116884,5.0773861099944435,10.473651045016215,864,0.02367705926670346,0.023583027890861075,0.04731132166167,0.04726833439336589,0.04796069993025965,0.024362054750046967,0.022678886713792364
B3_UPDATE_PCA,8,1e-05,64,0.017025965700606802,0.01696423227332868,0.0355816356907032,0.03552602448301211,0.04526748971193415,0.8789544753086419,556.3220320299091,5.0773861099944435,10.46750156577336,864,0.02362208200447127,0.023531404213616675,0.04728354338365978,0.04724221403472473,0.04786161550175386,0.02433456765884638,0.022656816196048663
B3_UPDATE_PCA,8,0.01,64,0.01230815123463036,0.012306036568616337,0.032924616946752076,0.03292288402898022,0.005385159465020576,0.8789544753086419,477.39754745190135,5.0773861099944435,9.69661151713566,864,0.016822909807621057,0.016820966770362898,0.043801297612808605,0.0438006612153765,0.03388749481613034,0.02203299280944798,0.020251343473255565
B3_UPDATE_PCA,16,0.0,exact,0.00022945710012404842,0.00022945710012404813,0.0002294571001240485,0.00022945710012404818,0.0,0.878954475308642,0.018658425062881318,1.6924620366648147,0.10499727389559158,288,0.000474291130907647,0.0004742911309076472,0.00047429113090764703,0.0004742911309076472,0.0008214718690842369,0.00017329061901641253,0.0006074059188172457
B3_UPDATE_PCA,16,1e-08,exact,0.0002294586329309065,0.00022945863293090667,0.0002294586329309065,0.00022945863293090662,0.0,0.878954475308642,0.018658726648317057,1.6924620366648147,0.104998122453831,288,0.0004742949639942794,0.00047429496399427947,0.00047429496399427947,0.00047429496399427947,0.00082147798986634,0.000173289532700299,0.0006074072686268784
B3_UPDATE_PCA,16,1e-05,exact,0.0002309317282815507,0.0002309317282815509,0.0002309317282815507,0.0002309317282815509,0.0,0.878954475308642,0.018944703600140698,1.6924620366648147,0.10579970079689092,288,0.0004779158341820048,0.000477915834182005,0.00047791583418200476,0.000477915834182005,0.0008284427141575604,0.0001721977742119564,0.0006087331693559958
B3_UPDATE_PCA,16,0.01,exact,0.00035949189930225206,0.0003594918993022522,0.000359491899302252,0.0003594918993022522,0.0,0.878954475308642,0.04099760170717937,1.6924620366648147,0.15563947530531258,288,0.0007030508509186051,0.0007030508509186052,0.0007030508509186051,0.0007030508509186051,0.00124220346600969,0.00021708759396324028,0.0009086646245503881
B3_UPDATE_PCA,16,0.0,64,0.03051362650174496,0.030010828492684768,0.04426477739753273,0.04378336978017949,0.09972993827160494,0.8789544753086419,950.4863400461157,5.0773861099944435,13.682102655902847,864,0.046334994567531027,0.045161984406015196,0.0618044612121605,0.06095139018196939,0.08816844165211814,0.03435441935378785,0.029609482507934364
B3_UPDATE_PCA,16,1e-08,64,0.03051294128034787,0.030010212194053525,0.0442642267417452,0.04378288517460881,0.10122492283950617,0.8789544753086419,950.4522407444432,5.0773861099944435,13.681857226636353,864,0.046333510603089725,0.04516070539537645,0.06180335256504955,0.06095044387527649,0.08816666620634896,0.03435347051069823,0.029609400063420027
B3_UPDATE_PCA,16,1e-05,64,0.029889555425959308,0.02944536102114573,0.043768549635839225,0.043343506349356055,0.09624164094650205,0.8789544753086419,920.2482730739553,5.0773861099944435,13.462707504623975,864,0.04500005093594083,0.04400089190468316,0.06081341477300072,0.06009750341243609,0.08607224971841462,0.033480302285718126,0.02952748834132675
B3_UPDATE_PCA,16,0.01,64,0.012909395337146889,0.012907264048596444,0.03316455676722208,0.033162791233389916,0.0057066615226337445,0.8789544753086419,485.11229813490974,5.0773861099944435,9.774646205405384,864,0.01769431564671637,0.01769245923634595,0.04415379400796528,0.04415309478653607,0.035520730904707254,0.021790434667732794,0.02014274765799667
B3_UPDATE_PCA,FULL,0.0,exact,0.00021489906075789476,0.0002148990607578944,0.00021489906075789487,0.0002148990607578944,0.0,0.878954475308642,0.015497987808849157,1.6924620366648147,0.09569256361212414,288,0.00043226012001204816,0.0004322601200120482,0.0004322601200120482,0.00043226012001204816,0.0007545342388495555,0.00016988219309653884,0.0005395810294790825
B3_UPDATE_PCA,FULL,1e-08,exact,0.0002149009795549792,0.00021490097955497939,0.0002149009795549792,0.00021490097955497936,0.0,0.878954475308642,0.015498343655815427,1.6924620366648147,0.09569366219709571,288,0.00043226508251335166,0.0004322650825133517,0.0004322650825133517,0.0004322650825133517,0.0007545444927318413,0.00016988238652192164,0.0005395927737745155
B3_UPDATE_PCA,FULL,1e-05,exact,0.00021674400637266143,0.00021674400637266165,0.00021674400637266146,0.00021674400637266167,0.0,0.878954475308642,0.01584135144828993,1.6924620366648147,0.09674680833751387,288,0.0004370223286343,0.0004370223286343002,0.00043702232863429997,0.0004370223286343002,0.0007630696010005253,0.00017006249187031042,0.0005441076227270706
B3_UPDATE_PCA,FULL,0.01,exact,0.00035903053938862733,0.00035903053938862755,0.0003590305393886274,0.00035903053938862755,0.0,0.878954475308642,0.04083936792674719,1.6924620366648147,0.1553388329455228,288,0.0007016927965660205,0.0007016927965660207,0.0007016927965660205,0.0007016927965660206,0.0012398290594112069,0.0002170933749708469,0.0009062834029565772
B3_UPDATE_PCA,FULL,0.0,64,0.037408517131750293,0.03652275497918311,0.049427138285799616,0.048563716837351466,0.1267039609053498,0.8789544753086419,1214.850829158479,5.0773861099944435,15.468257099648206,864,0.05654064679437531,0.054522734849702735,0.06987283460576034,0.06828388580121775,0.10820045749849069,0.03815235119859584,0.03228761305450702
B3_UPDATE_PCA,FULL,1e-08,64,0.03740605977757741,0.03652055844973542,0.04942508058798013,0.04856191584074537,0.12819894547325103,0.8789544753086419,1214.7128357600263,5.0773861099944435,15.467378564633114,864,0.05653578144595833,0.054518547355841204,0.06986886610876618,0.06828050961085279,0.10819447219960372,0.03815203675207641,0.03228536519595105
B3_UPDATE_PCA,FULL,1e-05,64,0.03573298376955811,0.03500264860736379,0.04805650233414603,0.04734671046875888,0.11736432613168724,0.8789544753086419,1130.1059476303215,5.0773861099944435,14.9189921345926,864,0.05346725832906925,0.051827148334091244,0.06739170827001162,0.06612996181702403,0.10286452099567195,0.03622732142270999,0.03152492324048201
B3_UPDATE_PCA,FULL,0.01,64,0.012935159671416811,0.012933028382866366,0.03317300293790127,0.033171237404069104,0.0057066615226337445,0.8789544753086419,485.4586592885999,5.0773861099944435,9.778135040525584,864,0.017722732187971917,0.017720878754472286,0.0441695536890819,0.0441688547171386,0.035557522492854404,0.021771948371135424,0.020156092042412085
B4_RESPONSE_SVD,0,0.0,exact,0.0030029829236324127,0.0030029829236324127,0.0030029829236324127,0.0030029829236324127,0.0,0.878954475308642,1.6924620366648147,1.6924620366648147,1.0,288,0.004517175668572865,0.004517175668572865,0.004517175668572865,0.004517175668572865,0.007729590618845673,0.002107057053355212,0.00638952001585659
B4_RESPONSE_SVD,0,1e-08,exact,0.0030029829236324127,0.0030029829236324127,0.0030029829236324127,0.0030029829236324127,0.0,0.878954475308642,1.6924620366648147,1.6924620366648147,1.0,288,0.004517175668572865,0.004517175668572865,0.004517175668572865,0.004517175668572865,0.007729590618845673,0.002107057053355212,0.00638952001585659
B4_RESPONSE_SVD,0,1e-05,exact,0.0030029829236324127,0.0030029829236324127,0.0030029829236324127,0.0030029829236324127,0.0,0.878954475308642,1.6924620366648147,1.6924620366648147,1.0,288,0.004517175668572865,0.004517175668572865,0.004517175668572865,0.004517175668572865,0.007729590618845673,0.002107057053355212,0.00638952001585659
B4_RESPONSE_SVD,0,0.01,exact,0.0030029829236324127,0.0030029829236324127,0.0030029829236324127,0.0030029829236324127,0.0,0.878954475308642,1.6924620366648147,1.6924620366648147,1.0,288,0.004517175668572865,0.004517175668572865,0.004517175668572865,0.004517175668572865,0.007729590618845673,0.002107057053355212,0.00638952001585659
B4_RESPONSE_SVD,0,0.0,64,0.031253689176698976,0.031253689176698976,0.0030029829236324127,0.0030029829236324127,0.0,0.8789544753086419,5.0773861099944435,5.0773861099944435,1.0,864,0.041518638177202395,0.041518638177202395,0.004517175668572865,0.004517175668572865,0.0832599613232569,0.002115697345132391,0.006396159333725324
B4_RESPONSE_SVD,0,1e-08,64,0.031253689176698976,0.031253689176698976,0.0030029829236324127,0.0030029829236324127,0.0,0.8789544753086419,5.0773861099944435,5.0773861099944435,1.0,864,0.041518638177202395,0.041518638177202395,0.004517175668572865,0.004517175668572865,0.0832599613232569,0.002115697345132391,0.006396159333725324
B4_RESPONSE_SVD,0,1e-05,64,0.031253689176698976,0.031253689176698976,0.0030029829236324127,0.0030029829236324127,0.0,0.8789544753086419,5.0773861099944435,5.0773861099944435,1.0,864,0.041518638177202395,0.041518638177202395,0.004517175668572865,0.004517175668572865,0.0832599613232569,0.002115697345132391,0.006396159333725324
B4_RESPONSE_SVD,0,0.01,64,0.031253689176698976,0.031253689176698976,0.0030029829236324127,0.0030029829236324127,0.0,0.8789544753086419,5.0773861099944435,5.0773861099944435,1.0,864,0.041518638177202395,0.041518638177202395,0.004517175668572865,0.004517175668572865,0.0832599613232569,0.002115697345132391,0.006396159333725324
B4_RESPONSE_SVD,1,0.0,exact,0.0006164311703667803,0.00061643117036678,0.0006164311703667804,0.00061643117036678,0.0,0.878954475308642,0.0973828698368488,1.6924620366648147,0.2398732484296026,288,0.001083549601347735,0.001083549601347735,0.001083549601347735,0.0010835496013477347,0.001730465975245847,0.0009022871969079745,0.003374270634235781
B4_RESPONSE_SVD,1,1e-08,exact,0.0006164301541094585,0.0006164301541094584,0.0006164301541094588,0.0006164301541094585,0.0,0.878954475308642,0.0973824364128283,1.6924620366648147,0.23987271462451143,288,0.0010835471900563652,0.0010835471900563654,0.0010835471900563652,0.0010835471900563654,0.001730472725344784,0.0009022872054320768,0.003374246338090478
B4_RESPONSE_SVD,1,1e-05,exact,0.0006157063179118622,0.0006157063179118619,0.0006157063179118625,0.0006157063179118619,0.0,0.878954475308642,0.09705428748219902,1.6924620366648147,0.23946822486158426,288,0.0010817200387410837,0.001081720038741084,0.001081720038741084,0.001081720038741084,0.0017293855567303742,0.0009022943640771221,0.003362282151195984
B4_RESPONSE_SVD,1,0.01,exact,0.0006103652547838853,0.0006103652547838853,0.0006103652547838852,0.0006103652547838853,0.0,0.878954475308642,0.09866416628199087,1.6924620366648147,0.24144613474475665,288,0.0010906546051399802,0.0010906546051399804,0.0010906546051399802,0.0010906546051399804,0.0018865597150878371,0.0007570658426002908,0.0028230073012319354
B4_RESPONSE_SVD,1,0.0,64,0.04126717538796894,0.03980087477494839,0.029095947687730668,0.027674540414657514,0.17430234053497942,0.8789544753086419,884.4064832455484,5.0773861099944435,13.197931303369526,864,0.06623499928046551,0.061986369577850337,0.05961737415907697,0.05503764957626299,0.12211083922996713,0.042095174086452,0.02687131821179689
B4_RESPONSE_SVD,1,1e-08,64,0.041267272015411735,0.03980088801007618,0.029096439542786283,0.027674951817233825,0.17430234053497942,0.8789544753086419,884.4652423570649,5.0773861099944435,13.198369724984198,864,0.06623595450754255,0.06198683366352639,0.05961935458652735,0.05503894731279655,0.12211094907284688,0.04209399534050438,0.026871457934781153
B4_RESPONSE_SVD,1,1e-05,64,0.04074282473172229,0.03939741754300962,0.028848212487477147,0.02754784444132561,0.17007458847736626,0.8789544753086419,856.4599831110891,5.0773861099944435,12.987735715657765,864,0.06488171715291727,0.061098103381359396,0.05866788376462403,0.0545862667091423,0.12082643184266478,0.042759187156202874,0.026713447461814123
B4_RESPONSE_SVD,1,0.01,64,0.02139788883345221,0.021369010374136365,0.01885288638980287,0.018836441327788143,0.03198945473251029,0.8789544753086419,219.77770881285807,5.0773861099944435,6.579179349125829,864,0.030904708421560814,0.030849353715057953,0.029719308875048246,0.02970253317650041,0.05940185363510372,0.01647657372582549,0.017682867239354076
B4_RESPONSE_SVD,2,0.0,exact,0.00026690823196933946,0.0002669082319693395,0.0002669082319693395,0.0002669082319693395,0.0,0.878954475308642,0.0241132030242126,1.6924620366648147,0.11936252118811742,288,0.0005391814764504769,0.000539181476450477,0.000539181476450477,0.000539181476450477,0.0008722988127469925,0.0004363354171011214,0.0006619260978370192
B4_RESPONSE_SVD,2,1e-08,exact,0.0002669096521326283,0.00026690965213262846,0.00026690965213262835,0.00026690965213262846,0.0,0.878954475308642,0.024113532390393943,1.6924620366648147,0.11936333638142689,288,0.0005391851588218597,0.0005391851588218599,0.0005391851588218597,0.0005391851588218599,0.0008723004098416519,0.0004363338317072137,0.0006619300577438007
B4_RESPONSE_SVD,2,1e-05,exact,0.00026819435923221735,0.00026819435923221735,0.00026819435923221735,0.0002681943592322174,0.0,0.878954475308642,0.02442325086681708,1.6924620366648147,0.12012745250491652,288,0.0005426368055828513,0.0005426368055828513,0.0005426368055828513,0.0005426368055828514,0.0008769110327593072,0.00043317475058520975,0.0006577179552224461
B4_RESPONSE_SVD,2,0.01,exact,0.00037662632429787536,0.0003766263242978756,0.0003766263242978756,0.0003766263242978756,0.0,0.878954475308642,0.046379446648238114,1.6924620366648147,0.16554013820733285,288,0.0007477738844823528,0.000747773884482353,0.0007477738844823531,0.000747773884482353,0.001289624556055595,0.0003449724039714862,0.000923908481334956
B4_RESPONSE_SVD,2,0.0,64,0.042430405129406004,0.040746754945904795,0.03561892461005241,0.03398952674619172,0.18783757716049382,0.8789544753086419,1008.3638993236149,5.0773861099944435,14.092516409874184,864,0.067338936663983,0.06315112743342476,0.06365837223564748,0.05956850167552803,0.1265718410665079,0.043069313363750215,0.027998994688387634
B4_RESPONSE_SVD,2,1e-08,64,0.04243054588539424,0.040746824772823674,0.03561942644568098,0.03398995392825542,0.18783757716049382,0.8789544753086419,1008.4188066989678,5.0773861099944435,14.092900087113865,864,0.06733971767221374,0.06315158200487121,0.06366010537313915,0.059569755844179485,0.1265720844075899,0.04307084447848764,0.02799855449387302
B4_RESPONSE_SVD,2,1e-05,64,0.042032806055143694,0.04041724792865895,0.035525091856136136,0.03396069908397423,0.18589248971193417,0.8789544753086419,998.9717824397379,5.0773861099944435,14.026732515225435,864,0.0664368810431695,0.062467359980111443,0.06336121482735618,0.05945408164608623,0.1252900779104408,0.041995665247806784,0.027530501005786506
B4_RESPONSE_SVD,2,0.01,64,0.016631209627337745,0.01661081548856087,0.0257391010009621,0.025724603638876527,0.027986754115226338,0.8789544753086419,339.9727175222032,5.0773861099944435,8.182800029679198,864,0.024218940163987256,0.02418763093084541,0.03696314519486419,0.03695066826726366,0.04666695995348446,0.01953019210443491,0.019593306085312318
B4_RESPONSE_SVD,4,0.0,exact,0.0002364711122592921,0.00023647111225929215,0.00023647111225929196,0.00023647111225929215,0.0,0.878954475308642,0.01903654481641384,1.6924620366648147,0.1060558416551548,288,0.0004790728674346817,0.0004790728674346816,0.00047907286743468174,0.0004790728674346816,0.0008130009223070287,0.00023249043284946863,0.0005389276591364974
B4_RESPONSE_SVD,4,1e-08,exact,0.0002364724519696293,0.0002364724519696293,0.0002364724519696293,0.00023647245196962928,0.0,0.878954475308642,0.019036845995825558,1.6924620366648147,0.10605668061280098,288,0.00047907665715374813,0.00047907665715374813,0.000479076657153748,0.00047907665715374813,0.0008130077439031293,0.00023249559142375065,0.0005389375183992656
B4_RESPONSE_SVD,4,1e-05,exact,0.0002378092381161167,0.0002378092381161167,0.00023780923811611682,0.0002378092381161167,0.0,0.878954475308642,0.019328725174774936,1.6924620366648147,0.10686663573863131,288,0.00048273536674078464,0.00048273536674078475,0.00048273536674078464,0.0004827353667407848,0.0008196652527839554,0.0002370002808535952,0.0005238840227691514
B4_RESPONSE_SVD,4,0.01,exact,0.00036091458008795493,0.00036091458008795504,0.0003609145800879549,0.00036091458008795504,0.0,0.878954475308642,0.04169693378119987,1.6924620366648147,0.15696130181599613,288,0.0007090217734707395,0.0007090217734707397,0.0007090217734707395,0.0007090217734707397,0.0012455519454070572,0.00023139705143090987,0.000893487835224927
B4_RESPONSE_SVD,4,0.0,64,0.046021181707347064,0.043893463631211924,0.04259968780962257,0.040529088078788654,0.205713091563786,0.8789544753086419,1246.8714284338569,5.0773861099944435,15.670784608977323,864,0.07343002205454811,0.06810567460293056,0.07078768694311849,0.06590374097209144,0.1380471668038337,0.0518243135390192,0.03016034647503373
B4_RESPONSE_SVD,4,1e-08,64,0.04602120498972529,0.043893435545862086,0.04260012719692216,0.04052947693685173,0.205713091563786,0.8789544753086419,1246.9214706918942,5.0773861099944435,15.671099073468605,864,0.07343052195334172,0.06810592538583597,0.07078910743446713,0.06590479405999608,0.138048036127295,0.05182524158462579,0.030160464295617227
B4_RESPONSE_SVD,4,1e-05,64,0.045571810526536846,0.043519166186054684,0.042504259996327676,0.04050664132653196,0.20225694444444445,0.8789544753086419,1238.2313035951513,5.0773861099944435,15.616395316766772,864,0.07253636635681936,0.06740750889703001,0.07054200095571408,0.06582378651878784,0.13672405484598607,0.052589487453403624,0.02971348290849807
B4_RESPONSE_SVD,4,0.01,64,0.013662665061711805,0.013652332547286499,0.032293190862421384,0.03228460081916098,0.01777906378600823,0.8789544753086419,473.51285144732026,5.0773861099944435,9.657079128751825,864,0.019356279045263672,0.019342461104380263,0.04362272286988058,0.043615261567144833,0.03859064519558636,0.02098100793929614,0.021817259471729942
B4_RESPONSE_SVD,8,0.0,exact,0.00021801102421778703,0.0002180110242177869,0.00021801102421778693,0.0002180110242177869,0.0,0.878954475308642,0.016028193237858677,1.6924620366648147,0.09731567893702073,288,0.00043959201706495886,0.0004395920170649588,0.0004395920170649588,0.0004395920170649588,0.0007629932707047311,0.00017855350654113263,0.000546336394246413
B4_RESPONSE_SVD,8,1e-08,exact,0.0002180126981695665,0.00021801269816956663,0.0002180126981695664,0.00021801269816956663,0.0,0.878954475308642,0.01602852896303629,1.6924620366648147,0.09731669811466695,288,0.0004395966208694243,0.00043959662086942445,0.0004395966208694243,0.00043959662086942445,0.0007629998331033302,0.00017855321259377814,0.0005463645596433568
B4_RESPONSE_SVD,8,1e-05,exact,0.00021965062991831727,0.00021965062991831735,0.00021965062991831727,0.00021965062991831735,0.0,0.878954475308642,0.016353100630123216,1.6924620366648147,0.09829707315143846,288,0.0004440251471316048,0.0004440251471316049,0.00044402514713160477,0.00044402514713160493,0.0007706313214555963,0.0001774103795598136,0.0005495774025713648
B4_RESPONSE_SVD,8,0.01,exact,0.00035904783751703585,0.00035904783751703595,0.00035904783751703585,0.00035904783751703595,0.0,0.878954475308642,0.040869659540647266,1.6924620366648147,0.1553964316789572,288,0.000701952980163231,0.0007019529801632311,0.000701952980163231,0.0007019529801632312,0.0012414472292247812,0.00021685933794283037,0.0009051939193661658
B4_RESPONSE_SVD,8,0.0,64,0.04265846355016805,0.04111217389679757,0.046526514386597696,0.04501284198394787,0.16470550411522633,0.8789544753086419,1251.8514738435981,5.0773861099944435,15.702048237132287,864,0.0669888912080544,0.06312409252293731,0.0709289102435314,0.06765848122744768,0.1264431754048607,0.04642407928232639,0.02979001873441996
B4_RESPONSE_SVD,8,1e-08,64,0.04265866793939663,0.04111231689427589,0.04652696192234793,0.045013224721970994,0.16557355967078188,0.8789544753086419,1251.8906208247274,5.0773861099944435,15.702293746680915,864,0.06698949198188739,0.06312451817307262,0.07093001925329087,0.0676593813692992,0.12644364710893707,0.046424494863555654,0.029789899982178583
B4_RESPONSE_SVD,8,1e-05,64,0.04259713773971644,0.04103661196754957,0.04669947750068253,0.045171406485384015,0.16443222736625515,0.8789544753086419,1268.6564107118647,5.0773861099944435,15.80708955823275,864,0.06699496609646308,0.06307574604424573,0.07140340034340117,0.06805376473786451,0.12622377588782646,0.04483354835375422,0.029603904441709544
B4_RESPONSE_SVD,8,0.01,64,0.012800688857037825,0.012798342724817561,0.033244138314437566,0.033242235897046626,0.005642361111111111,0.8789544753086419,488.18914849825853,5.0773861099944435,9.805595313699424,864,0.017659820889450704,0.01765755325064291,0.04429359656691514,0.04429282067795968,0.03552161996072031,0.02206850855346198,0.021028667860638173
B4_RESPONSE_SVD,16,0.0,exact,0.0002149195280836939,0.00021491952808369368,0.00021491952808369398,0.00021491952808369368,0.0,0.878954475308642,0.015500211566096773,1.6924620366648147,0.09569942867750082,288,0.0004322911307183308,0.000432291130718331,0.0004322911307183309,0.000432291130718331,0.0007541289357168002,0.00016988219309653857,0.000540282832622116
B4_RESPONSE_SVD,16,1e-08,exact,0.00021492139861747025,0.0002149213986174705,0.00021492139861747017,0.0002149213986174705,0.0,0.878954475308642,0.015500566887140795,1.6924620366648147,0.09570052556014315,288,0.00043229608552991413,0.00043229608552991424,0.00043229608552991413,0.0004322960855299142,0.0007541364676534029,0.00016988238652192175,0.0005402929038599328
B4_RESPONSE_SVD,16,1e-05,exact,0.00021675386010561892,0.00021675386010561916,0.0002167538601056189,0.00021675386010561916,0.0,0.878954475308642,0.01584311346123523,1.6924620366648147,0.09675218869881896,288,0.00043704663267147556,0.00043704663267147577,0.00043704663267147556,0.0004370466326714758,0.0007629239909335395,0.0001700624918703108,0.0005440150767037222
B4_RESPONSE_SVD,16,0.01,exact,0.0003590178704413203,0.0003590178704413206,0.00035901787044132036,0.0003590178704413206,0.0,0.878954475308642,0.04083790834058143,1.6924620366648147,0.1553360570402023,288,0.0007016802573140483,0.0007016802573140485,0.0007016802573140485,0.0007016802573140485,0.0012398108289070693,0.0002170903516353891,0.0009062946309050885
B4_RESPONSE_SVD,16,0.0,64,0.038427033024476004,0.03743562685211598,0.048578625018632325,0.04760975609281252,0.1332465277777778,0.8789544753086419,1208.5184819043031,5.0773861099944435,15.427890683013338,864,0.058398536817577874,0.056114106366518764,0.06969049241070983,0.06784233774511422,0.11145740666440221,0.039859243626124856,0.03166654449617461
B4_RESPONSE_SVD,16,1e-08,64,0.03842652844868458,0.03743515474454955,0.048578322427163985,0.04760948266982554,0.1347093621399177,0.8789544753086419,1208.5052847127586,5.0773861099944435,15.427806445416905,864,0.05839779331036124,0.05611339967408516,0.06969011189468885,0.06784196517290571,0.11145557942866693,0.03985692791563814,0.031667632300061005
B4_RESPONSE_SVD,16,1e-05,64,0.03785371561028775,0.03690885766641588,0.048187365897749974,0.047263573380818553,0.12966177983539093,0.8789544753086419,1187.6175684109915,5.0773861099944435,15.293898775863301,864,0.05743099568590855,0.05522382732421028,0.06908522742794601,0.06728608898291254,0.10954932454797725,0.0393561164269109,0.03190002580440396
B4_RESPONSE_SVD,16,0.01,64,0.012957204079787423,0.012955072791236978,0.033186870401882854,0.033185104868050694,0.0057066615226337445,0.8789544753086419,485.83295999470573,5.0773861099944435,9.781903906907184,864,0.01775155646611293,0.017749706042459613,0.044186578320598975,0.04418587961796659,0.03564170449602811,0.021789418661238277,0.020217040889007085
B4_RESPONSE_SVD,FULL,0.0,exact,0.00021489906075789476,0.0002148990607578944,0.00021489906075789484,0.00021489906075789443,0.0,0.878954475308642,0.015497987808849032,1.6924620366648147,0.09569256361212375,288,0.0004322601200120465,0.00043226012001204654,0.0004322601200120465,0.00043226012001204654,0.0007545342388495503,0.00016988219309653857,0.0005395810294790836
B4_RESPONSE_SVD,FULL,1e-08,exact,0.00021490097955497966,0.00021490097955497985,0.00021490097955497963,0.00021490097955497985,0.0,0.878954475308642,0.015498343655815325,1.6924620366648147,0.0956936621970954,288,0.0004322650825133502,0.00043226508251335025,0.00043226508251335025,0.0004322650825133502,0.0007545444927318387,0.00016988238652192175,0.0005395927737745182
B4_RESPONSE_SVD,FULL,1e-05,exact,0.00021674400637266213,0.0002167440063726624,0.0002167440063726621,0.0002167440063726624,0.0,0.878954475308642,0.01584135144828992,1.6924620366648147,0.09674680833751384,288,0.00043702232863429997,0.0004370223286343003,0.00043702232863429986,0.0004370223286343004,0.0007630696010005277,0.0001700624918703108,0.000544107622727065
B4_RESPONSE_SVD,FULL,0.01,exact,0.0003590305393886271,0.00035903053938862733,0.0003590305393886272,0.0003590305393886273,0.0,0.878954475308642,0.04083936792674707,1.6924620366648147,0.1553388329455226,288,0.0007016927965660193,0.0007016927965660195,0.0007016927965660195,0.0007016927965660195,0.0012398290594112006,0.00021709337497084405,0.0009062834029565813
B4_RESPONSE_SVD,FULL,0.0,64,0.03740851713175029,0.03652275497918311,0.0494271382857996,0.04856371683735145,0.1267039609053498,0.8789544753086419,1214.8508291584785,5.0773861099944435,15.468257099648202,864,0.0565406467943753,0.054522734849702735,0.06987283460576033,0.06828388580121775,0.10820045749849078,0.03815235119859581,0.03228761305450708
B4_RESPONSE_SVD,FULL,1e-08,64,0.03740605977757741,0.03652055844973541,0.049425080587980126,0.04856191584074537,0.12819894547325103,0.8789544753086419,1214.712835760026,5.0773861099944435,15.467378564633112,864,0.05653578144595833,0.0545185473558412,0.06986886610876616,0.06828050961085277,0.1081944721996038,0.038152036752076415,0.03228536519595114
B4_RESPONSE_SVD,FULL,1e-05,64,0.03573298376955811,0.03500264860736379,0.04805650233414603,0.04734671046875888,0.11736432613168724,0.8789544753086419,1130.1059476303215,5.0773861099944435,14.9189921345926,864,0.053467258329069255,0.05182714833409126,0.06739170827001162,0.06612996181702403,0.10286452099567196,0.036227321422709964,0.03152492324048199
B4_RESPONSE_SVD,FULL,0.01,64,0.01293515967141682,0.012933028382866375,0.03317300293790127,0.033171237404069104,0.0057066615226337445,0.8789544753086419,485.4586592886,5.0773861099944435,9.778135040525584,864,0.017722732187971935,0.017720878754472303,0.04416955368908191,0.044168854717138606,0.03555752249285443,0.02177194837113548,0.0201560920424121
B5_WORST_GROUP_RANK,0,0.0,exact,0.0030029829236324127,0.0030029829236324127,0.0030029829236324127,0.0030029829236324127,0.0,0.878954475308642,1.6924620366648147,1.6924620366648147,1.0,288,0.004517175668572865,0.004517175668572865,0.004517175668572865,0.004517175668572865,0.007729590618845673,0.002107057053355212,0.00638952001585659
B5_WORST_GROUP_RANK,0,1e-08,exact,0.0030029829236324127,0.0030029829236324127,0.0030029829236324127,0.0030029829236324127,0.0,0.878954475308642,1.6924620366648147,1.6924620366648147,1.0,288,0.004517175668572865,0.004517175668572865,0.004517175668572865,0.004517175668572865,0.007729590618845673,0.002107057053355212,0.00638952001585659
B5_WORST_GROUP_RANK,0,1e-05,exact,0.0030029829236324127,0.0030029829236324127,0.0030029829236324127,0.0030029829236324127,0.0,0.878954475308642,1.6924620366648147,1.6924620366648147,1.0,288,0.004517175668572865,0.004517175668572865,0.004517175668572865,0.004517175668572865,0.007729590618845673,0.002107057053355212,0.00638952001585659
B5_WORST_GROUP_RANK,0,0.01,exact,0.0030029829236324127,0.0030029829236324127,0.0030029829236324127,0.0030029829236324127,0.0,0.878954475308642,1.6924620366648147,1.6924620366648147,1.0,288,0.004517175668572865,0.004517175668572865,0.004517175668572865,0.004517175668572865,0.007729590618845673,0.002107057053355212,0.00638952001585659
B5_WORST_GROUP_RANK,0,0.0,64,0.031253689176698976,0.031253689176698976,0.0030029829236324127,0.0030029829236324127,0.0,0.8789544753086419,5.0773861099944435,5.0773861099944435,1.0,864,0.041518638177202395,0.041518638177202395,0.004517175668572865,0.004517175668572865,0.0832599613232569,0.002115697345132391,0.006396159333725324
B5_WORST_GROUP_RANK,0,1e-08,64,0.031253689176698976,0.031253689176698976,0.0030029829236324127,0.0030029829236324127,0.0,0.8789544753086419,5.0773861099944435,5.0773861099944435,1.0,864,0.041518638177202395,0.041518638177202395,0.004517175668572865,0.004517175668572865,0.0832599613232569,0.002115697345132391,0.006396159333725324
B5_WORST_GROUP_RANK,0,1e-05,64,0.031253689176698976,0.031253689176698976,0.0030029829236324127,0.0030029829236324127,0.0,0.8789544753086419,5.0773861099944435,5.0773861099944435,1.0,864,0.041518638177202395,0.041518638177202395,0.004517175668572865,0.004517175668572865,0.0832599613232569,0.002115697345132391,0.006396159333725324
B5_WORST_GROUP_RANK,0,0.01,64,0.031253689176698976,0.031253689176698976,0.0030029829236324127,0.0030029829236324127,0.0,0.8789544753086419,5.0773861099944435,5.0773861099944435,1.0,864,0.041518638177202395,0.041518638177202395,0.004517175668572865,0.004517175668572865,0.0832599613232569,0.002115697345132391,0.006396159333725324
B5_WORST_GROUP_RANK,1,0.0,exact,0.0006164311703667803,0.00061643117036678,0.0006164311703667804,0.00061643117036678,0.0,0.878954475308642,0.0973828698368488,1.6924620366648147,0.2398732484296026,288,0.001083549601347735,0.001083549601347735,0.001083549601347735,0.0010835496013477347,0.001730465975245847,0.0009022871969079745,0.003374270634235781
B5_WORST_GROUP_RANK,1,1e-08,exact,0.0006164301541094585,0.0006164301541094584,0.0006164301541094588,0.0006164301541094585,0.0,0.878954475308642,0.0973824364128283,1.6924620366648147,0.23987271462451143,288,0.0010835471900563652,0.0010835471900563654,0.0010835471900563652,0.0010835471900563654,0.001730472725344784,0.0009022872054320768,0.003374246338090478
B5_WORST_GROUP_RANK,1,1e-05,exact,0.0006157063179118622,0.0006157063179118619,0.0006157063179118625,0.0006157063179118619,0.0,0.878954475308642,0.09705428748219902,1.6924620366648147,0.23946822486158426,288,0.0010817200387410837,0.001081720038741084,0.001081720038741084,0.001081720038741084,0.0017293855567303742,0.0009022943640771221,0.003362282151195984
B5_WORST_GROUP_RANK,1,0.01,exact,0.0006103652547838853,0.0006103652547838853,0.0006103652547838852,0.0006103652547838853,0.0,0.878954475308642,0.09866416628199087,1.6924620366648147,0.24144613474475665,288,0.0010906546051399802,0.0010906546051399804,0.0010906546051399802,0.0010906546051399804,0.0018865597150878371,0.0007570658426002908,0.0028230073012319354
B5_WORST_GROUP_RANK,1,0.0,64,0.04126717538796894,0.03980087477494839,0.029095947687730668,0.027674540414657514,0.17430234053497942,0.8789544753086419,884.4064832455484,5.0773861099944435,13.197931303369526,864,0.06623499928046551,0.061986369577850337,0.05961737415907697,0.05503764957626299,0.12211083922996713,0.042095174086452,0.02687131821179689
B5_WORST_GROUP_RANK,1,1e-08,64,0.041267272015411735,0.03980088801007618,0.029096439542786283,0.027674951817233825,0.17430234053497942,0.8789544753086419,884.4652423570649,5.0773861099944435,13.198369724984198,864,0.06623595450754255,0.06198683366352639,0.05961935458652735,0.05503894731279655,0.12211094907284688,0.04209399534050438,0.026871457934781153
B5_WORST_GROUP_RANK,1,1e-05,64,0.04074282473172229,0.03939741754300962,0.028848212487477147,0.02754784444132561,0.17007458847736626,0.8789544753086419,856.4599831110891,5.0773861099944435,12.987735715657765,864,0.06488171715291727,0.061098103381359396,0.05866788376462403,0.0545862667091423,0.12082643184266478,0.042759187156202874,0.026713447461814123
B5_WORST_GROUP_RANK,1,0.01,64,0.02139788883345221,0.021369010374136365,0.01885288638980287,0.018836441327788143,0.03198945473251029,0.8789544753086419,219.77770881285807,5.0773861099944435,6.579179349125829,864,0.030904708421560814,0.030849353715057953,0.029719308875048246,0.02970253317650041,0.05940185363510372,0.01647657372582549,0.017682867239354076
B5_WORST_GROUP_RANK,2,0.0,exact,0.00026690823196933946,0.0002669082319693395,0.0002669082319693395,0.0002669082319693395,0.0,0.878954475308642,0.0241132030242126,1.6924620366648147,0.11936252118811742,288,0.0005391814764504769,0.000539181476450477,0.000539181476450477,0.000539181476450477,0.0008722988127469925,0.0004363354171011214,0.0006619260978370192
B5_WORST_GROUP_RANK,2,1e-08,exact,0.0002669096521326283,0.00026690965213262846,0.00026690965213262835,0.00026690965213262846,0.0,0.878954475308642,0.024113532390393943,1.6924620366648147,0.11936333638142689,288,0.0005391851588218597,0.0005391851588218599,0.0005391851588218597,0.0005391851588218599,0.0008723004098416519,0.0004363338317072137,0.0006619300577438007
B5_WORST_GROUP_RANK,2,1e-05,exact,0.00026819435923221735,0.00026819435923221735,0.00026819435923221735,0.0002681943592322174,0.0,0.878954475308642,0.02442325086681708,1.6924620366648147,0.12012745250491652,288,0.0005426368055828513,0.0005426368055828513,0.0005426368055828513,0.0005426368055828514,0.0008769110327593072,0.00043317475058520975,0.0006577179552224461
B5_WORST_GROUP_RANK,2,0.01,exact,0.00037662632429787536,0.0003766263242978756,0.0003766263242978756,0.0003766263242978756,0.0,0.878954475308642,0.046379446648238114,1.6924620366648147,0.16554013820733285,288,0.0007477738844823528,0.000747773884482353,0.0007477738844823531,0.000747773884482353,0.001289624556055595,0.0003449724039714862,0.000923908481334956
B5_WORST_GROUP_RANK,2,0.0,64,0.042430405129406004,0.040746754945904795,0.03561892461005241,0.03398952674619172,0.18783757716049382,0.8789544753086419,1008.3638993236149,5.0773861099944435,14.092516409874184,864,0.067338936663983,0.06315112743342476,0.06365837223564748,0.05956850167552803,0.1265718410665079,0.043069313363750215,0.027998994688387634
B5_WORST_GROUP_RANK,2,1e-08,64,0.04243054588539424,0.040746824772823674,0.03561942644568098,0.03398995392825542,0.18783757716049382,0.8789544753086419,1008.4188066989678,5.0773861099944435,14.092900087113865,864,0.06733971767221374,0.06315158200487121,0.06366010537313915,0.059569755844179485,0.1265720844075899,0.04307084447848764,0.02799855449387302
B5_WORST_GROUP_RANK,2,1e-05,64,0.042032806055143694,0.04041724792865895,0.035525091856136136,0.03396069908397423,0.18589248971193417,0.8789544753086419,998.9717824397379,5.0773861099944435,14.026732515225435,864,0.0664368810431695,0.062467359980111443,0.06336121482735618,0.05945408164608623,0.1252900779104408,0.041995665247806784,0.027530501005786506
B5_WORST_GROUP_RANK,2,0.01,64,0.016631209627337745,0.01661081548856087,0.0257391010009621,0.025724603638876527,0.027986754115226338,0.8789544753086419,339.9727175222032,5.0773861099944435,8.182800029679198,864,0.024218940163987256,0.02418763093084541,0.03696314519486419,0.03695066826726366,0.04666695995348446,0.01953019210443491,0.019593306085312318
B5_WORST_GROUP_RANK,4,0.0,exact,0.0002364711122592921,0.00023647111225929215,0.00023647111225929196,0.00023647111225929215,0.0,0.878954475308642,0.01903654481641384,1.6924620366648147,0.1060558416551548,288,0.0004790728674346817,0.0004790728674346816,0.00047907286743468174,0.0004790728674346816,0.0008130009223070287,0.00023249043284946863,0.0005389276591364974
B5_WORST_GROUP_RANK,4,1e-08,exact,0.0002364724519696293,0.0002364724519696293,0.0002364724519696293,0.00023647245196962928,0.0,0.878954475308642,0.019036845995825558,1.6924620366648147,0.10605668061280098,288,0.00047907665715374813,0.00047907665715374813,0.000479076657153748,0.00047907665715374813,0.0008130077439031293,0.00023249559142375065,0.0005389375183992656
B5_WORST_GROUP_RANK,4,1e-05,exact,0.0002378092381161167,0.0002378092381161167,0.00023780923811611682,0.0002378092381161167,0.0,0.878954475308642,0.019328725174774936,1.6924620366648147,0.10686663573863131,288,0.00048273536674078464,0.00048273536674078475,0.00048273536674078464,0.0004827353667407848,0.0008196652527839554,0.0002370002808535952,0.0005238840227691514
B5_WORST_GROUP_RANK,4,0.01,exact,0.00036091458008795493,0.00036091458008795504,0.0003609145800879549,0.00036091458008795504,0.0,0.878954475308642,0.04169693378119987,1.6924620366648147,0.15696130181599613,288,0.0007090217734707395,0.0007090217734707397,0.0007090217734707395,0.0007090217734707397,0.0012455519454070572,0.00023139705143090987,0.000893487835224927
B5_WORST_GROUP_RANK,4,0.0,64,0.046021181707347064,0.043893463631211924,0.04259968780962257,0.040529088078788654,0.205713091563786,0.8789544753086419,1246.8714284338569,5.0773861099944435,15.670784608977323,864,0.07343002205454811,0.06810567460293056,0.07078768694311849,0.06590374097209144,0.1380471668038337,0.0518243135390192,0.03016034647503373
B5_WORST_GROUP_RANK,4,1e-08,64,0.04602120498972529,0.043893435545862086,0.04260012719692216,0.04052947693685173,0.205713091563786,0.8789544753086419,1246.9214706918942,5.0773861099944435,15.671099073468605,864,0.07343052195334172,0.06810592538583597,0.07078910743446713,0.06590479405999608,0.138048036127295,0.05182524158462579,0.030160464295617227
B5_WORST_GROUP_RANK,4,1e-05,64,0.045571810526536846,0.043519166186054684,0.042504259996327676,0.04050664132653196,0.20225694444444445,0.8789544753086419,1238.2313035951513,5.0773861099944435,15.616395316766772,864,0.07253636635681936,0.06740750889703001,0.07054200095571408,0.06582378651878784,0.13672405484598607,0.052589487453403624,0.02971348290849807
B5_WORST_GROUP_RANK,4,0.01,64,0.013662665061711805,0.013652332547286499,0.032293190862421384,0.03228460081916098,0.01777906378600823,0.8789544753086419,473.51285144732026,5.0773861099944435,9.657079128751825,864,0.019356279045263672,0.019342461104380263,0.04362272286988058,0.043615261567144833,0.03859064519558636,0.02098100793929614,0.021817259471729942
B5_WORST_GROUP_RANK,8,0.0,exact,0.00021801102421778703,0.0002180110242177869,0.00021801102421778693,0.0002180110242177869,0.0,0.878954475308642,0.016028193237858677,1.6924620366648147,0.09731567893702073,288,0.00043959201706495886,0.0004395920170649588,0.0004395920170649588,0.0004395920170649588,0.0007629932707047311,0.00017855350654113263,0.000546336394246413
B5_WORST_GROUP_RANK,8,1e-08,exact,0.0002180126981695665,0.00021801269816956663,0.0002180126981695664,0.00021801269816956663,0.0,0.878954475308642,0.01602852896303629,1.6924620366648147,0.09731669811466695,288,0.0004395966208694243,0.00043959662086942445,0.0004395966208694243,0.00043959662086942445,0.0007629998331033302,0.00017855321259377814,0.0005463645596433568
B5_WORST_GROUP_RANK,8,1e-05,exact,0.00021965062991831727,0.00021965062991831735,0.00021965062991831727,0.00021965062991831735,0.0,0.878954475308642,0.016353100630123216,1.6924620366648147,0.09829707315143846,288,0.0004440251471316048,0.0004440251471316049,0.00044402514713160477,0.00044402514713160493,0.0007706313214555963,0.0001774103795598136,0.0005495774025713648
B5_WORST_GROUP_RANK,8,0.01,exact,0.00035904783751703585,0.00035904783751703595,0.00035904783751703585,0.00035904783751703595,0.0,0.878954475308642,0.040869659540647266,1.6924620366648147,0.1553964316789572,288,0.000701952980163231,0.0007019529801632311,0.000701952980163231,0.0007019529801632312,0.0012414472292247812,0.00021685933794283037,0.0009051939193661658
B5_WORST_GROUP_RANK,8,0.0,64,0.04265846355016805,0.04111217389679757,0.046526514386597696,0.04501284198394787,0.16470550411522633,0.8789544753086419,1251.8514738435981,5.0773861099944435,15.702048237132287,864,0.0669888912080544,0.06312409252293731,0.0709289102435314,0.06765848122744768,0.1264431754048607,0.04642407928232639,0.02979001873441996
B5_WORST_GROUP_RANK,8,1e-08,64,0.04265866793939663,0.04111231689427589,0.04652696192234793,0.045013224721970994,0.16557355967078188,0.8789544753086419,1251.8906208247274,5.0773861099944435,15.702293746680915,864,0.06698949198188739,0.06312451817307262,0.07093001925329087,0.0676593813692992,0.12644364710893707,0.046424494863555654,0.029789899982178583
B5_WORST_GROUP_RANK,8,1e-05,64,0.04259713773971644,0.04103661196754957,0.04669947750068253,0.045171406485384015,0.16443222736625515,0.8789544753086419,1268.6564107118647,5.0773861099944435,15.80708955823275,864,0.06699496609646308,0.06307574604424573,0.07140340034340117,0.06805376473786451,0.12622377588782646,0.04483354835375422,0.029603904441709544
B5_WORST_GROUP_RANK,8,0.01,64,0.012800688857037825,0.012798342724817561,0.033244138314437566,0.033242235897046626,0.005642361111111111,0.8789544753086419,488.18914849825853,5.0773861099944435,9.805595313699424,864,0.017659820889450704,0.01765755325064291,0.04429359656691514,0.04429282067795968,0.03552161996072031,0.02206850855346198,0.021028667860638173
B5_WORST_GROUP_RANK,16,0.0,exact,0.0002149195280836939,0.00021491952808369368,0.00021491952808369398,0.00021491952808369368,0.0,0.878954475308642,0.015500211566096773,1.6924620366648147,0.09569942867750082,288,0.0004322911307183308,0.000432291130718331,0.0004322911307183309,0.000432291130718331,0.0007541289357168002,0.00016988219309653857,0.000540282832622116
B5_WORST_GROUP_RANK,16,1e-08,exact,0.00021492139861747025,0.0002149213986174705,0.00021492139861747017,0.0002149213986174705,0.0,0.878954475308642,0.015500566887140795,1.6924620366648147,0.09570052556014315,288,0.00043229608552991413,0.00043229608552991424,0.00043229608552991413,0.0004322960855299142,0.0007541364676534029,0.00016988238652192175,0.0005402929038599328
B5_WORST_GROUP_RANK,16,1e-05,exact,0.00021675386010561892,0.00021675386010561916,0.0002167538601056189,0.00021675386010561916,0.0,0.878954475308642,0.01584311346123523,1.6924620366648147,0.09675218869881896,288,0.00043704663267147556,0.00043704663267147577,0.00043704663267147556,0.0004370466326714758,0.0007629239909335395,0.0001700624918703108,0.0005440150767037222
B5_WORST_GROUP_RANK,16,0.01,exact,0.0003590178704413203,0.0003590178704413206,0.00035901787044132036,0.0003590178704413206,0.0,0.878954475308642,0.04083790834058143,1.6924620366648147,0.1553360570402023,288,0.0007016802573140483,0.0007016802573140485,0.0007016802573140485,0.0007016802573140485,0.0012398108289070693,0.0002170903516353891,0.0009062946309050885
B5_WORST_GROUP_RANK,16,0.0,64,0.038427033024476004,0.03743562685211598,0.048578625018632325,0.04760975609281252,0.1332465277777778,0.8789544753086419,1208.5184819043031,5.0773861099944435,15.427890683013338,864,0.058398536817577874,0.056114106366518764,0.06969049241070983,0.06784233774511422,0.11145740666440221,0.039859243626124856,0.03166654449617461
B5_WORST_GROUP_RANK,16,1e-08,64,0.03842652844868458,0.03743515474454955,0.048578322427163985,0.04760948266982554,0.1347093621399177,0.8789544753086419,1208.5052847127586,5.0773861099944435,15.427806445416905,864,0.05839779331036124,0.05611339967408516,0.06969011189468885,0.06784196517290571,0.11145557942866693,0.03985692791563814,0.031667632300061005
B5_WORST_GROUP_RANK,16,1e-05,64,0.03785371561028775,0.03690885766641588,0.048187365897749974,0.047263573380818553,0.12966177983539093,0.8789544753086419,1187.6175684109915,5.0773861099944435,15.293898775863301,864,0.05743099568590855,0.05522382732421028,0.06908522742794601,0.06728608898291254,0.10954932454797725,0.0393561164269109,0.03190002580440396
B5_WORST_GROUP_RANK,16,0.01,64,0.012957204079787423,0.012955072791236978,0.033186870401882854,0.033185104868050694,0.0057066615226337445,0.8789544753086419,485.83295999470573,5.0773861099944435,9.781903906907184,864,0.01775155646611293,0.017749706042459613,0.044186578320598975,0.04418587961796659,0.03564170449602811,0.021789418661238277,0.020217040889007085
B5_WORST_GROUP_RANK,FULL,0.0,exact,0.00021489906075789476,0.0002148990607578944,0.00021489906075789484,0.00021489906075789443,0.0,0.878954475308642,0.015497987808849032,1.6924620366648147,0.09569256361212375,288,0.0004322601200120465,0.00043226012001204654,0.0004322601200120465,0.00043226012001204654,0.0007545342388495503,0.00016988219309653857,0.0005395810294790836
B5_WORST_GROUP_RANK,FULL,1e-08,exact,0.00021490097955497966,0.00021490097955497985,0.00021490097955497963,0.00021490097955497985,0.0,0.878954475308642,0.015498343655815325,1.6924620366648147,0.0956936621970954,288,0.0004322650825133502,0.00043226508251335025,0.00043226508251335025,0.0004322650825133502,0.0007545444927318387,0.00016988238652192175,0.0005395927737745182
B5_WORST_GROUP_RANK,FULL,1e-05,exact,0.00021674400637266213,0.0002167440063726624,0.0002167440063726621,0.0002167440063726624,0.0,0.878954475308642,0.01584135144828992,1.6924620366648147,0.09674680833751384,288,0.00043702232863429997,0.0004370223286343003,0.00043702232863429986,0.0004370223286343004,0.0007630696010005277,0.0001700624918703108,0.000544107622727065
B5_WORST_GROUP_RANK,FULL,0.01,exact,0.0003590305393886271,0.00035903053938862733,0.0003590305393886272,0.0003590305393886273,0.0,0.878954475308642,0.04083936792674707,1.6924620366648147,0.1553388329455226,288,0.0007016927965660193,0.0007016927965660195,0.0007016927965660195,0.0007016927965660195,0.0012398290594112006,0.00021709337497084405,0.0009062834029565813
B5_WORST_GROUP_RANK,FULL,0.0,64,0.03740851713175029,0.03652275497918311,0.0494271382857996,0.04856371683735145,0.1267039609053498,0.8789544753086419,1214.8508291584785,5.0773861099944435,15.468257099648202,864,0.0565406467943753,0.054522734849702735,0.06987283460576033,0.06828388580121775,0.10820045749849078,0.03815235119859581,0.03228761305450708
B5_WORST_GROUP_RANK,FULL,1e-08,64,0.03740605977757741,0.03652055844973541,0.049425080587980126,0.04856191584074537,0.12819894547325103,0.8789544753086419,1214.712835760026,5.0773861099944435,15.467378564633112,864,0.05653578144595833,0.0545185473558412,0.06986886610876616,0.06828050961085277,0.1081944721996038,0.038152036752076415,0.03228536519595114
B5_WORST_GROUP_RANK,FULL,1e-05,64,0.03573298376955811,0.03500264860736379,0.04805650233414603,0.04734671046875888,0.11736432613168724,0.8789544753086419,1130.1059476303215,5.0773861099944435,14.9189921345926,864,0.053467258329069255,0.05182714833409126,0.06739170827001162,0.06612996181702403,0.10286452099567196,0.036227321422709964,0.03152492324048199
B5_WORST_GROUP_RANK,FULL,0.01,64,0.01293515967141682,0.012933028382866375,0.03317300293790127,0.033171237404069104,0.0057066615226337445,0.8789544753086419,485.4586592886,5.0773861099944435,9.778135040525584,864,0.017722732187971935,0.017720878754472303,0.04416955368908191,0.044168854717138606,0.03555752249285443,0.02177194837113548,0.0201560920424121
B6_FULL_Q_RIDGE,FULL,0.0,exact,0.00021489906075789476,0.0002148990607578944,0.00021489906075789487,0.0002148990607578944,0.0,0.878954475308642,0.015497987808849157,1.6924620366648147,0.09569256361212414,288,0.00043226012001204816,0.0004322601200120482,0.0004322601200120482,0.00043226012001204816,0.0007545342388495555,0.00016988219309653884,0.0005395810294790825
B6_FULL_Q_RIDGE,FULL,1e-08,exact,0.0002149009795549792,0.00021490097955497939,0.0002149009795549792,0.00021490097955497936,0.0,0.878954475308642,0.015498343655815427,1.6924620366648147,0.09569366219709571,288,0.00043226508251335166,0.0004322650825133517,0.0004322650825133517,0.0004322650825133517,0.0007545444927318413,0.00016988238652192164,0.0005395927737745155
B6_FULL_Q_RIDGE,FULL,1e-05,exact,0.00021674400637266143,0.00021674400637266165,0.00021674400637266146,0.00021674400637266167,0.0,0.878954475308642,0.01584135144828993,1.6924620366648147,0.09674680833751387,288,0.0004370223286343,0.0004370223286343002,0.00043702232863429997,0.0004370223286343002,0.0007630696010005253,0.00017006249187031042,0.0005441076227270706
B6_FULL_Q_RIDGE,FULL,0.01,exact,0.00035903053938862733,0.00035903053938862755,0.0003590305393886274,0.00035903053938862755,0.0,0.878954475308642,0.04083936792674719,1.6924620366648147,0.1553388329455228,288,0.0007016927965660205,0.0007016927965660207,0.0007016927965660205,0.0007016927965660206,0.0012398290594112069,0.0002170933749708469,0.0009062834029565772
B6_FULL_Q_RIDGE,FULL,0.0,64,0.037408517131750293,0.03652275497918311,0.049427138285799616,0.048563716837351466,0.1267039609053498,0.8789544753086419,1214.850829158479,5.0773861099944435,15.468257099648206,864,0.05654064679437531,0.054522734849702735,0.06987283460576034,0.06828388580121775,0.10820045749849069,0.03815235119859584,0.03228761305450702
B6_FULL_Q_RIDGE,FULL,1e-08,64,0.03740605977757741,0.03652055844973542,0.04942508058798013,0.04856191584074537,0.12819894547325103,0.8789544753086419,1214.7128357600263,5.0773861099944435,15.467378564633114,864,0.05653578144595833,0.054518547355841204,0.06986886610876618,0.06828050961085279,0.10819447219960372,0.03815203675207641,0.03228536519595105
B6_FULL_Q_RIDGE,FULL,1e-05,64,0.03573298376955811,0.03500264860736379,0.04805650233414603,0.04734671046875888,0.11736432613168724,0.8789544753086419,1130.1059476303215,5.0773861099944435,14.9189921345926,864,0.05346725832906925,0.051827148334091244,0.06739170827001162,0.06612996181702403,0.10286452099567195,0.03622732142270999,0.03152492324048201
B6_FULL_Q_RIDGE,FULL,0.01,64,0.012935159671416811,0.012933028382866366,0.03317300293790127,0.033171237404069104,0.0057066615226337445,0.8789544753086419,485.4586592885999,5.0773861099944435,9.778135040525584,864,0.017722732187971917,0.017720878754472286,0.0441695536890819,0.0441688547171386,0.035557522492854404,0.021771948371135424,0.020156092042412085
O0_FULL_J_ORACLE,FULL,0.0,exact,5.789754259228542e-05,5.789754259228491e-05,5.7897542592285546e-05,5.7897542592284936e-05,0.0,0.878954475308642,0.0007063525226769769,1.6924620366648147,0.020429196339413137,288,9.228226863289469e-05,9.228226863289382e-05,9.228226863289484e-05,9.228226863289387e-05,0.00015989918145776016,6.350246548177437e-05,0.00018428563007022523
O0_FULL_J_ORACLE,FULL,0.0,64,0.03111780813924208,0.031074586125702443,5.7897542592285546e-05,0.00012535486600692412,0.15568737139917696,0.8789544753086419,0.002119057568030931,5.0773861099944435,0.02042919633941314,864,0.04123545256613372,0.04120408308911873,9.228226863289485e-05,0.00032806939792361654,0.08228444099073406,6.499329325386842e-05,0.00018503459353402612
O1_JQ_SVD_ORACLE,0,0.0,exact,0.0030029829236324127,0.0030029829236324127,0.0030029829236324127,0.0030029829236324127,0.0,0.878954475308642,1.6924620366648147,1.6924620366648147,1.0,288,0.004517175668572865,0.004517175668572865,0.004517175668572865,0.004517175668572865,0.007729590618845673,0.002107057053355212,0.00638952001585659
O1_JQ_SVD_ORACLE,0,0.0,64,0.031253689176698976,0.031253689176698976,0.0030029829236324127,0.0030029829236324127,0.0,0.8789544753086419,5.0773861099944435,5.0773861099944435,1.0,864,0.041518638177202395,0.041518638177202395,0.004517175668572865,0.004517175668572865,0.0832599613232569,0.002115697345132391,0.006396159333725324
O1_JQ_SVD_ORACLE,1,0.0,exact,0.0013910471622182751,0.0013910471622182747,0.0013910471622182753,0.0013910471622182747,0.0,0.878954475308642,0.4118697900684146,1.6924620366648147,0.49331066110637833,288,0.002228370915397326,0.0022283709153973264,0.0022283709153973264,0.0022283709153973264,0.003078749391810806,0.0014129442967145518,0.006917808802126024
O1_JQ_SVD_ORACLE,1,0.0,64,0.03115871223940256,0.031142178013838125,0.0013910471622182753,0.0014132880522531826,0.08458719135802469,0.8789544753086419,1.2356093702052438,5.0773861099944435,0.49331066110637833,864,0.041313225066409186,0.04129916160857148,0.002228370915397326,0.0022400853795827794,0.08257306734407635,0.0014129442967145518,0.006925238644425825
O1_JQ_SVD_ORACLE,2,0.0,exact,0.0004512930311526039,0.0004512930311526035,0.0004512930311526039,0.0004512930311526035,0.0,0.878954475308642,0.05306593144803111,1.6924620366648147,0.17707140280259662,288,0.0007998626323399542,0.0007998626323399542,0.0007998626323399544,0.0007998626323399542,0.001296431750796958,0.0006415845455253524,0.0011192074922135498
O1_JQ_SVD_ORACLE,2,0.0,64,0.031115129612221824,0.03108623532525555,0.0004512930311526039,0.0004902666719094907,0.10170717592592593,0.8789544753086419,0.1591977943440933,5.0773861099944435,0.17707140280259662,864,0.04124537375559444,0.04122059141259454,0.0007998626323399543,0.0008528703421706086,0.08241889510113555,0.0006569594287255356,0.0011192074922135498
O1_JQ_SVD_ORACLE,4,0.0,exact,0.0003266603100500388,0.0003266603100500386,0.0003266603100500389,0.0003266603100500386,0.0,0.878954475308642,0.03396473685443054,1.6924620366648147,0.1416624208605863,288,0.0006399140406625696,0.0006399140406625693,0.0006399140406625694,0.0006399140406625692,0.001031694546467265,0.0005022511361329759,0.0005338175369568408
O1_JQ_SVD_ORACLE,4,0.0,64,0.03111719715085861,0.031080413204372673,0.0003266603100500389,0.00037623648903772065,0.11287937242798353,0.8789544753086419,0.10189421056329162,5.0773861099944435,0.14166242086058634,864,0.04123797735969093,0.04120875121070743,0.0006399140406625694,0.0007117182833216566,0.08238228728038276,0.0005022511361329759,0.0005365342883652354
O1_JQ_SVD_ORACLE,8,0.0,exact,0.00023785670857836088,0.00023785670857836064,0.000237856708578361,0.0002378567085783607,0.0,0.878954475308642,0.017647257678338833,1.6924620366648147,0.10211255562069954,288,0.00046126035170561706,0.00046126035170561706,0.0004612603517056172,0.00046126035170561706,0.0008091181912345399,0.00025739207726261954,0.000524479754769253
O1_JQ_SVD_ORACLE,8,0.0,64,0.031119010295081937,0.031077242610023675,0.000237856708578361,0.00029652729830955137,0.15502829218106998,0.8789544753086419,0.0529417730350165,5.0773861099944435,0.10211255562069954,864,0.04123903742500909,0.04120882112771519,0.0004612603517056173,0.0005581923102650422,0.0823410225372505,0.0002847865134131628,0.0005318945260819739
O1_JQ_SVD_ORACLE,16,0.0,exact,0.0002287705972754265,0.00022877059727542627,0.00022877059727542657,0.00022877059727542632,0.0,0.878954475308642,0.01643194963443337,1.6924620366648147,0.0985337654541626,288,0.00044509432784240876,0.0004450943278424087,0.0004450943278424088,0.00044509432784240876,0.000790944447988132,0.00020318832393526214,0.000524286044567582
O1_JQ_SVD_ORACLE,16,0.0,64,0.031119679811187066,0.03107763306420925,0.00022877059727542657,0.0002878722852068349,0.1560570987654321,0.8789544753086419,0.04929584890330012,5.0773861099944435,0.09853376545416262,864,0.041239723900673944,0.04120931518914217,0.0004450943278424088,0.0005449774396124689,0.0823401158775047,0.00020819801026842973,0.0005284433084245757
O1_JQ_SVD_ORACLE,FULL,0.0,exact,0.00022874036956854431,0.00022874036956854412,0.00022874036956854431,0.00022874036956854412,0.0,0.878954475308642,0.016428201286535625,1.6924620366648147,0.09852252637705973,288,0.00044504355895678244,0.00044504355895678244,0.00044504355895678244,0.0004450435589567825,0.000790586382778091,0.00020318832393526214,0.0005220792896904942
O1_JQ_SVD_ORACLE,FULL,0.0,64,0.03111966602542252,0.03107761935827387,0.00022874036956854431,0.0002878422484601632,0.1560570987654321,0.8789544753086419,0.04928460385960688,5.0773861099944435,0.09852252637705974,864,0.04123972459436079,0.04120931629914189,0.00044504355895678244,0.000544936066615924,0.08234066770197737,0.00020819801026842973,0.000525988543618303
B4_ENERGY95,FULL,0.0,exact,0.00024137932166251347,0.00024137932166251342,0.00024137932166251336,0.00024137932166251336,0.0,0.878954475308642,0.01891153015909176,1.6924620366648147,0.10570702904003704,288,0.0004774972195767805,0.0004774972195767804,0.0004774972195767805,0.0004774972195767804,0.0008317676189076935,0.00023210309881032044,0.0005743674459814981
B4_ENERGY95,FULL,1e-08,exact,0.0002413806179762055,0.0002413806179762056,0.0002413806179762056,0.00024138061797620555,0.0,0.878954475308642,0.01891182855955851,1.6924620366648147,0.10570786299958744,288,0.00047750098671857025,0.0004775009867185703,0.00047750098671857014,0.0004775009867185703,0.0008317732231492053,0.00023210656706916278,0.0005743659761931445
B4_ENERGY95,FULL,1e-05,exact,0.00024042100969894796,0.00024042100969894807,0.00024042100969894802,0.00024042100969894807,0.0,0.878954475308642,0.018793560341094695,1.6924620366648147,0.10537681390005901,288,0.0004760055797810773,0.0004760055797810774,0.00047600557978107736,0.0004760055797810774,0.0008330665976483994,0.00022813912813637727,0.000577024296481446
B4_ENERGY95,FULL,0.01,exact,0.0003690106701425622,0.00036901067014256245,0.00036901067014256223,0.00036901067014256245,0.0,0.878954475308642,0.043045090876841295,1.6924620366648147,0.1594785750563362,288,0.0007203927389031532,0.0007203927389031533,0.0007203927389031532,0.0007203927389031534,0.0012597417545604215,0.0002835603100579824,0.0008606490821233684
B4_ENERGY95,FULL,0.0,64,0.04501576818129503,0.043145495412725755,0.04674567037842704,0.04492006186041264,0.19769161522633744,0.8789544753086419,1323.721079063256,5.0773861099944435,16.146490709490024,864,0.07044756711351867,0.06596605484138326,0.07293653496574615,0.06906836652609709,0.13356119988549955,0.04689223322839919,0.03281094654557861
B4_ENERGY95,FULL,1e-08,64,0.04501598617561774,0.043145630100001595,0.0467461794203485,0.044920479776314574,0.19770769032921812,0.8789544753086419,1323.7725371313795,5.0773861099944435,16.146804544163146,864,0.07044832709023294,0.06596657083367408,0.07293795261209553,0.06906947655881422,0.13356250347519547,0.046893086498169034,0.03281224621643021
B4_ENERGY95,FULL,1e-05,64,0.04448515871843902,0.04269868458535217,0.04676917739467755,0.045030686091076695,0.1945248199588477,0.8789544753086419,1312.9995067752566,5.0773861099944435,16.080967942734663,864,0.06922489338755716,0.0650834804977174,0.07264055711802125,0.06908292963475238,0.1319399736467845,0.047960652974514344,0.0313904830218048
B4_ENERGY95,FULL,0.01,64,0.012929410628167652,0.0129271906548469,0.03318970435922578,0.033187902492995885,0.0055941358024691355,0.8789544753086419,485.8659293508442,5.0773861099944435,9.782235808639852,864,0.017728446176579024,0.017726520444570175,0.04418807757903014,0.04418740143897057,0.03563888375569509,0.021848775728221498,0.020249477135294233
B2_FULL_PARAMETER_SKETCH,4,0.0,exact,0.0011460510745655095,0.0011460510745655097,0.0011460510745655095,0.0011460510745655097,0.0,0.878954475308642,0.525709741496497,1.6924620366648147,0.5573314417430539,288,0.0025175640279723583,0.0025175640279723587,0.0025175640279723583,0.0025175640279723587,0.00388110293120332,0.0011750775577840725,0.002717487183274523
B2_FULL_PARAMETER_SKETCH,4,1e-08,exact,0.0011460508181793247,0.001146050818179325,0.0011460508181793247,0.001146050818179325,0.0,0.878954475308642,0.5257095023405769,1.6924620366648147,0.5573313149724063,288,0.002517563455327073,0.002517563455327073,0.002517563455327073,0.002517563455327073,0.0038811019517925724,0.0011750773474249233,0.0027174856916468825
B2_FULL_PARAMETER_SKETCH,4,1e-05,exact,0.0011457949530684266,0.0011457949530684268,0.0011457949530684266,0.0011457949530684268,0.0,0.878954475308642,0.525470807658886,1.6924620366648147,0.5572047744360239,288,0.0025169918494950387,0.0025169918494950387,0.0025169918494950387,0.0025169918494950387,0.003880073843343237,0.0011748672818184679,0.0027159971597413494
B2_FULL_PARAMETER_SKETCH,4,0.01,exact,0.0010235742647029629,0.0010235742647029635,0.0010235742647029629,0.0010235742647029635,0.0,0.878954475308642,0.3959678895460681,1.6924620366648147,0.48369379539361673,288,0.002184929843591707,0.0021849298435917073,0.002184929843591707,0.0021849298435917073,0.0034813527119642246,0.0010456720743084542,0.0024582594769651197
B2_FULL_PARAMETER_SKETCH,4,0.0,64,0.021888152635909503,0.02162334977805706,0.037997513854753855,0.03773648461436846,0.06405928497942387,0.8789544753086419,689.8888910831073,5.0773861099944435,11.656535229777695,864,0.032498790590046574,0.03184883262831869,0.052654617319814204,0.05221349975996142,0.06480132205732456,0.027069907623988844,0.02296329835000187
B2_FULL_PARAMETER_SKETCH,4,1e-08,64,0.021888139569114767,0.021623338376940242,0.0379975038362687,0.03773647625380137,0.06405928497942387,0.8789544753086419,689.8884688881365,5.0773861099944435,11.656531663021244,864,0.032498766284315965,0.03184881337266688,0.05265460120814875,0.05221348706759039,0.06480127535730784,0.027069910106105252,0.022963295756369916
B2_FULL_PARAMETER_SKETCH,4,1e-05,64,0.02187512728666025,0.021611981177086705,0.03798753459814403,0.037728152265854346,0.06396283436213991,0.8789544753086419,689.4688640341934,5.0773861099944435,11.652986248482325,864,0.03247460820821259,0.03182966144815436,0.052638585947858536,0.05220086175370469,0.06475581659724652,0.027072384603295536,0.022960705457401774
B2_FULL_PARAMETER_SKETCH,4,0.01,64,0.017153982353531074,0.01711355445908669,0.03449792450368842,0.03445848645763145,0.02528613683127572,0.8789544753086419,563.0131193942257,5.0773861099944435,10.53026164395382,864,0.02500627215318585,0.024884153846341652,0.04756704168177429,0.047488076098839795,0.048711514693113155,0.024757507741790113,0.02150150624562044
