method,rank_cap,n,H,fit_budget_required,calibration_panels_required,cost_label,calibration_exact_compute_seconds,calibration_branch_seconds,calibration_counts_seconds,calibration_M2_output_io_seconds,frozen_fit_replay_seconds,refresh_full_panel_seconds,tracking_read_predict_output_seconds,dense_read_output_seconds,model_full_accounted_cpu_seconds,dense_full_accounted_cpu_seconds,model_minus_dense_seconds,all_included_cost_components,largest_tested_qualified_H,cpu_cost_evidence_status,real_Qwen_seconds
B0_PERSISTENCE,0,exact,1,0,0,ALLOCATED_ESTIMATE_WITH_MEASURED_REPLAY,0.0,0.0,0.0,0.0,0.0,0.0009842796390355363,0.00038246622231478494,8.635764485613132e-05,0.0013667458613503213,0.0010706372838916677,0.0002961085774586536,exact panel + branch + counts + M2 write allocation + read + fit + predict + output serialization/fsync,,ACCOUNTED_ALLOCATION_ESTIMATE_NOT_PER_CONFIGURATION_MEASUREMENT,
B0_PERSISTENCE,0,exact,2,0,0,ALLOCATED_ESTIMATE_WITH_MEASURED_REPLAY,0.0,0.0,0.0,0.0,0.0,0.0009842796390355363,0.00039621015700201195,0.00017271528971226263,0.0013804897960375483,0.0021412745677833354,-0.0007607847717457871,exact panel + branch + counts + M2 write allocation + read + fit + predict + output serialization/fsync,,ACCOUNTED_ALLOCATION_ESTIMATE_NOT_PER_CONFIGURATION_MEASUREMENT,
B0_PERSISTENCE,0,exact,4,0,0,ALLOCATED_ESTIMATE_WITH_MEASURED_REPLAY,0.0,0.0,0.0,0.0,0.0,0.0009842796390355363,0.000423698026376466,0.00034543057942452526,0.0014079776654120023,0.004282549135566671,-0.0028745714701546685,exact panel + branch + counts + M2 write allocation + read + fit + predict + output serialization/fsync,,ACCOUNTED_ALLOCATION_ESTIMATE_NOT_PER_CONFIGURATION_MEASUREMENT,
B0_PERSISTENCE,0,exact,8,0,0,ALLOCATED_ESTIMATE_WITH_MEASURED_REPLAY,0.0,0.0,0.0,0.0,0.0,0.0009842796390355363,0.000478673765125374,0.0006908611588490505,0.0014629534041609104,0.008565098271133342,-0.007102144866972431,exact panel + branch + counts + M2 write allocation + read + fit + predict + output serialization/fsync,,ACCOUNTED_ALLOCATION_ESTIMATE_NOT_PER_CONFIGURATION_MEASUREMENT,
B0_PERSISTENCE,0,exact,16,0,0,ALLOCATED_ESTIMATE_WITH_MEASURED_REPLAY,0.0,0.0,0.0,0.0,0.0,0.0009842796390355363,0.0005886252426231902,0.001381722317698101,0.0015729048816587265,0.017130196542266683,-0.015557291660607956,exact panel + branch + counts + M2 write allocation + read + fit + predict + output serialization/fsync,,ACCOUNTED_ALLOCATION_ESTIMATE_NOT_PER_CONFIGURATION_MEASUREMENT,
B6_FULL_Q_RIDGE,FULL,exact,1,8,24,ALLOCATED_ESTIMATE_WITH_MEASURED_REPLAY,0.0032439431196117554,0.007142381775858147,0.0,0.020378768217241116,0.0006454863275090853,0.0009842796390355363,0.018389230033790227,8.635764485613132e-05,0.05078408911304587,0.0010706372838916677,0.0497134518291542,exact panel + branch + counts + M2 write allocation + read + fit + predict + output serialization/fsync,8,ACCOUNTED_ALLOCATION_ESTIMATE_NOT_PER_CONFIGURATION_MEASUREMENT,
B6_FULL_Q_RIDGE,FULL,exact,2,8,24,ALLOCATED_ESTIMATE_WITH_MEASURED_REPLAY,0.0032439431196117554,0.007142381775858147,0.0,0.020378768217241116,0.0006454863275090853,0.0009842796390355363,0.018451835072482936,0.00017271528971226263,0.05084669415173858,0.0021412745677833354,0.048705419583955245,exact panel + branch + counts + M2 write allocation + read + fit + predict + output serialization/fsync,8,ACCOUNTED_ALLOCATION_ESTIMATE_NOT_PER_CONFIGURATION_MEASUREMENT,
B6_FULL_Q_RIDGE,FULL,exact,4,8,24,ALLOCATED_ESTIMATE_WITH_MEASURED_REPLAY,0.0032439431196117554,0.007142381775858147,0.0,0.020378768217241116,0.0006454863275090853,0.0009842796390355363,0.018577045149868354,0.00034543057942452526,0.050971904229123996,0.004282549135566671,0.04668935509355732,exact panel + branch + counts + M2 write allocation + read + fit + predict + output serialization/fsync,8,ACCOUNTED_ALLOCATION_ESTIMATE_NOT_PER_CONFIGURATION_MEASUREMENT,
B6_FULL_Q_RIDGE,FULL,exact,8,8,24,ALLOCATED_ESTIMATE_WITH_MEASURED_REPLAY,0.0032439431196117554,0.007142381775858147,0.0,0.020378768217241116,0.0006454863275090853,0.0009842796390355363,0.01882746530463919,0.0006908611588490505,0.05122232438389483,0.008565098271133342,0.04265722611276149,exact panel + branch + counts + M2 write allocation + read + fit + predict + output serialization/fsync,8,ACCOUNTED_ALLOCATION_ESTIMATE_NOT_PER_CONFIGURATION_MEASUREMENT,
B6_FULL_Q_RIDGE,FULL,exact,16,8,24,ALLOCATED_ESTIMATE_WITH_MEASURED_REPLAY,0.0032439431196117554,0.007142381775858147,0.0,0.020378768217241116,0.0006454863275090853,0.0009842796390355363,0.019328305614180863,0.001381722317698101,0.051723164693436505,0.017130196542266683,0.03459296815116982,exact panel + branch + counts + M2 write allocation + read + fit + predict + output serialization/fsync,8,ACCOUNTED_ALLOCATION_ESTIMATE_NOT_PER_CONFIGURATION_MEASUREMENT,
B5_WORST_GROUP_RANK,0,exact,1,8,24,ALLOCATED_ESTIMATE_WITH_MEASURED_REPLAY,0.0032439431196117554,0.007142381775858147,0.0,0.020378768217241116,0.0006769583172475299,0.0009842796390355363,0.01858527360309381,8.635764485613132e-05,0.0510116046720879,0.0010706372838916677,0.049940967388196235,exact panel + branch + counts + M2 write allocation + read + fit + predict + output serialization/fsync,,ACCOUNTED_ALLOCATION_ESTIMATE_NOT_PER_CONFIGURATION_MEASUREMENT,
B5_WORST_GROUP_RANK,0,exact,2,8,24,ALLOCATED_ESTIMATE_WITH_MEASURED_REPLAY,0.0032439431196117554,0.007142381775858147,0.0,0.020378768217241116,0.0006769583172475299,0.0009842796390355363,0.018611616522927456,0.00017271528971226263,0.05103794759192155,0.0021412745677833354,0.048896673024138214,exact panel + branch + counts + M2 write allocation + read + fit + predict + output serialization/fsync,,ACCOUNTED_ALLOCATION_ESTIMATE_NOT_PER_CONFIGURATION_MEASUREMENT,
B5_WORST_GROUP_RANK,0,exact,4,8,24,ALLOCATED_ESTIMATE_WITH_MEASURED_REPLAY,0.0032439431196117554,0.007142381775858147,0.0,0.020378768217241116,0.0006769583172475299,0.0009842796390355363,0.018664302362594754,0.00034543057942452526,0.051090633431588844,0.004282549135566671,0.04680808429602217,exact panel + branch + counts + M2 write allocation + read + fit + predict + output serialization/fsync,,ACCOUNTED_ALLOCATION_ESTIMATE_NOT_PER_CONFIGURATION_MEASUREMENT,
B5_WORST_GROUP_RANK,0,exact,8,8,24,ALLOCATED_ESTIMATE_WITH_MEASURED_REPLAY,0.0032439431196117554,0.007142381775858147,0.0,0.020378768217241116,0.0006769583172475299,0.0009842796390355363,0.018769674041929342,0.0006908611588490505,0.05119600511092343,0.008565098271133342,0.042630906839790095,exact panel + branch + counts + M2 write allocation + read + fit + predict + output serialization/fsync,,ACCOUNTED_ALLOCATION_ESTIMATE_NOT_PER_CONFIGURATION_MEASUREMENT,
B5_WORST_GROUP_RANK,0,exact,16,8,24,ALLOCATED_ESTIMATE_WITH_MEASURED_REPLAY,0.0032439431196117554,0.007142381775858147,0.0,0.020378768217241116,0.0006769583172475299,0.0009842796390355363,0.018980417400598526,0.001381722317698101,0.05140674846959262,0.017130196542266683,0.034276551927325934,exact panel + branch + counts + M2 write allocation + read + fit + predict + output serialization/fsync,,ACCOUNTED_ALLOCATION_ESTIMATE_NOT_PER_CONFIGURATION_MEASUREMENT,
B5_EXACT_SELECTED_DIAGNOSTIC,1,exact,1,8,24,ALLOCATED_ESTIMATE_WITH_MEASURED_REPLAY,0.0032439431196117554,0.007142381775858147,0.0,0.020378768217241116,0.000664722368431588,0.0009842796390355363,0.01816304986035296,8.635764485613132e-05,0.050577144980531105,0.0010706372838916677,0.04950650769663944,exact panel + branch + counts + M2 write allocation + read + fit + predict + output serialization/fsync,4,ACCOUNTED_ALLOCATION_ESTIMATE_NOT_PER_CONFIGURATION_MEASUREMENT,
B5_EXACT_SELECTED_DIAGNOSTIC,1,exact,2,8,24,ALLOCATED_ESTIMATE_WITH_MEASURED_REPLAY,0.0032439431196117554,0.007142381775858147,0.0,0.020378768217241116,0.000664722368431588,0.0009842796390355363,0.01822175208750802,0.00017271528971226263,0.05063584720768617,0.0021412745677833354,0.04849457263990284,exact panel + branch + counts + M2 write allocation + read + fit + predict + output serialization/fsync,4,ACCOUNTED_ALLOCATION_ESTIMATE_NOT_PER_CONFIGURATION_MEASUREMENT,
B5_EXACT_SELECTED_DIAGNOSTIC,1,exact,4,8,24,ALLOCATED_ESTIMATE_WITH_MEASURED_REPLAY,0.0032439431196117554,0.007142381775858147,0.0,0.020378768217241116,0.000664722368431588,0.0009842796390355363,0.01833915654181813,0.00034543057942452526,0.050753251661996276,0.004282549135566671,0.046470702526429604,exact panel + branch + counts + M2 write allocation + read + fit + predict + output serialization/fsync,4,ACCOUNTED_ALLOCATION_ESTIMATE_NOT_PER_CONFIGURATION_MEASUREMENT,
B5_EXACT_SELECTED_DIAGNOSTIC,1,exact,8,8,24,ALLOCATED_ESTIMATE_WITH_MEASURED_REPLAY,0.0032439431196117554,0.007142381775858147,0.0,0.020378768217241116,0.000664722368431588,0.0009842796390355363,0.01857396545043836,0.0006908611588490505,0.050988060570616514,0.008565098271133342,0.04242296229948317,exact panel + branch + counts + M2 write allocation + read + fit + predict + output serialization/fsync,4,ACCOUNTED_ALLOCATION_ESTIMATE_NOT_PER_CONFIGURATION_MEASUREMENT,
B5_EXACT_SELECTED_DIAGNOSTIC,1,exact,16,8,24,ALLOCATED_ESTIMATE_WITH_MEASURED_REPLAY,0.0032439431196117554,0.007142381775858147,0.0,0.020378768217241116,0.000664722368431588,0.0009842796390355363,0.019043583267678816,0.001381722317698101,0.05145767838785696,0.017130196542266683,0.03432748184559028,exact panel + branch + counts + M2 write allocation + read + fit + predict + output serialization/fsync,4,ACCOUNTED_ALLOCATION_ESTIMATE_NOT_PER_CONFIGURATION_MEASUREMENT,
B0_PERSISTENCE,0,16,1,0,0,ALLOCATED_ESTIMATE_WITH_MEASURED_REPLAY,0.0,0.0,0.0,0.0,0.0,0.001068184995741254,0.00021829740338337916,4.86744562901246e-05,0.0012864823991246331,0.0011168594520313787,0.00016962294709325443,exact panel + branch + counts + M2 write allocation + read + fit + predict + output serialization/fsync,,ACCOUNTED_ALLOCATION_ESTIMATE_NOT_PER_CONFIGURATION_MEASUREMENT,
B0_PERSISTENCE,0,16,2,0,0,ALLOCATED_ESTIMATE_WITH_MEASURED_REPLAY,0.0,0.0,0.0,0.0,0.0,0.001068184995741254,0.00023342849453911185,9.73489125802492e-05,0.0013016134902803659,0.0022337189040627574,-0.0009321054137823915,exact panel + branch + counts + M2 write allocation + read + fit + predict + output serialization/fsync,,ACCOUNTED_ALLOCATION_ESTIMATE_NOT_PER_CONFIGURATION_MEASUREMENT,
B0_PERSISTENCE,0,16,4,0,0,ALLOCATED_ESTIMATE_WITH_MEASURED_REPLAY,0.0,0.0,0.0,0.0,0.0,0.001068184995741254,0.0002636906768505772,0.0001946978251604984,0.0013318756725918311,0.004467437808125515,-0.003135562135533684,exact panel + branch + counts + M2 write allocation + read + fit + predict + output serialization/fsync,,ACCOUNTED_ALLOCATION_ESTIMATE_NOT_PER_CONFIGURATION_MEASUREMENT,
B0_PERSISTENCE,0,16,8,0,0,ALLOCATED_ESTIMATE_WITH_MEASURED_REPLAY,0.0,0.0,0.0,0.0,0.0,0.001068184995741254,0.0003242150414735079,0.0003893956503209968,0.0013924000372147619,0.00893487561625103,-0.007542475579036268,exact panel + branch + counts + M2 write allocation + read + fit + predict + output serialization/fsync,,ACCOUNTED_ALLOCATION_ESTIMATE_NOT_PER_CONFIGURATION_MEASUREMENT,
B0_PERSISTENCE,0,16,16,0,0,ALLOCATED_ESTIMATE_WITH_MEASURED_REPLAY,0.0,0.0,0.0,0.0,0.0,0.001068184995741254,0.0004452637707193693,0.0007787913006419936,0.0015134487664606234,0.01786975123250206,-0.016356302466041434,exact panel + branch + counts + M2 write allocation + read + fit + predict + output serialization/fsync,,ACCOUNTED_ALLOCATION_ESTIMATE_NOT_PER_CONFIGURATION_MEASUREMENT,
B6_FULL_Q_RIDGE,FULL,16,1,8,24,ALLOCATED_ESTIMATE_WITH_MEASURED_REPLAY,0.0032439431196117554,0.007142381775858147,0.0018578476574392924,0.02053464912073905,0.000598430361909171,0.001068184995741254,0.01645809794960466,4.86744562901246e-05,0.05090353498090333,0.0011168594520313787,0.049786675528871956,exact panel + branch + counts + M2 write allocation + read + fit + predict + output serialization/fsync,,ACCOUNTED_ALLOCATION_ESTIMATE_NOT_PER_CONFIGURATION_MEASUREMENT,
B6_FULL_Q_RIDGE,FULL,16,2,8,24,ALLOCATED_ESTIMATE_WITH_MEASURED_REPLAY,0.0032439431196117554,0.007142381775858147,0.0018578476574392924,0.02053464912073905,0.000598430361909171,0.001068184995741254,0.01651291826177233,9.73489125802492e-05,0.050958355293070995,0.0022337189040627574,0.04872463638900824,exact panel + branch + counts + M2 write allocation + read + fit + predict + output serialization/fsync,,ACCOUNTED_ALLOCATION_ESTIMATE_NOT_PER_CONFIGURATION_MEASUREMENT,
B6_FULL_Q_RIDGE,FULL,16,4,8,24,ALLOCATED_ESTIMATE_WITH_MEASURED_REPLAY,0.0032439431196117554,0.007142381775858147,0.0018578476574392924,0.02053464912073905,0.000598430361909171,0.001068184995741254,0.01662255888610768,0.0001946978251604984,0.05106799591740635,0.004467437808125515,0.046600558109280835,exact panel + branch + counts + M2 write allocation + read + fit + predict + output serialization/fsync,,ACCOUNTED_ALLOCATION_ESTIMATE_NOT_PER_CONFIGURATION_MEASUREMENT,
B6_FULL_Q_RIDGE,FULL,16,8,8,24,ALLOCATED_ESTIMATE_WITH_MEASURED_REPLAY,0.0032439431196117554,0.007142381775858147,0.0018578476574392924,0.02053464912073905,0.000598430361909171,0.001068184995741254,0.01684184013477837,0.0003893956503209968,0.05128727716607703,0.00893487561625103,0.042352401549826,exact panel + branch + counts + M2 write allocation + read + fit + predict + output serialization/fsync,,ACCOUNTED_ALLOCATION_ESTIMATE_NOT_PER_CONFIGURATION_MEASUREMENT,
B6_FULL_Q_RIDGE,FULL,16,16,8,24,ALLOCATED_ESTIMATE_WITH_MEASURED_REPLAY,0.0032439431196117554,0.007142381775858147,0.0018578476574392924,0.02053464912073905,0.000598430361909171,0.001068184995741254,0.017280402632119756,0.0007787913006419936,0.05172583966341843,0.01786975123250206,0.033856088430916365,exact panel + branch + counts + M2 write allocation + read + fit + predict + output serialization/fsync,,ACCOUNTED_ALLOCATION_ESTIMATE_NOT_PER_CONFIGURATION_MEASUREMENT,
B5_WORST_GROUP_RANK,0,16,1,8,24,ALLOCATED_ESTIMATE_WITH_MEASURED_REPLAY,0.0032439431196117554,0.007142381775858147,0.0018578476574392924,0.02053464912073905,0.0006718750034148494,0.001068184995741254,0.01630709299691565,4.86744562901246e-05,0.05082597466971999,0.0011168594520313787,0.049709115217688615,exact panel + branch + counts + M2 write allocation + read + fit + predict + output serialization/fsync,,ACCOUNTED_ALLOCATION_ESTIMATE_NOT_PER_CONFIGURATION_MEASUREMENT,
B5_WORST_GROUP_RANK,0,16,2,8,24,ALLOCATED_ESTIMATE_WITH_MEASURED_REPLAY,0.0032439431196117554,0.007142381775858147,0.0018578476574392924,0.02053464912073905,0.0006718750034148494,0.001068184995741254,0.0163330052891979,9.73489125802492e-05,0.05085188696200224,0.0022337189040627574,0.04861816805793948,exact panel + branch + counts + M2 write allocation + read + fit + predict + output serialization/fsync,,ACCOUNTED_ALLOCATION_ESTIMATE_NOT_PER_CONFIGURATION_MEASUREMENT,
B5_WORST_GROUP_RANK,0,16,4,8,24,ALLOCATED_ESTIMATE_WITH_MEASURED_REPLAY,0.0032439431196117554,0.007142381775858147,0.0018578476574392924,0.02053464912073905,0.0006718750034148494,0.001068184995741254,0.016384829873762406,0.0001946978251604984,0.05090371154656675,0.004467437808125515,0.04643627373844123,exact panel + branch + counts + M2 write allocation + read + fit + predict + output serialization/fsync,,ACCOUNTED_ALLOCATION_ESTIMATE_NOT_PER_CONFIGURATION_MEASUREMENT,
B5_WORST_GROUP_RANK,0,16,8,8,24,ALLOCATED_ESTIMATE_WITH_MEASURED_REPLAY,0.0032439431196117554,0.007142381775858147,0.0018578476574392924,0.02053464912073905,0.0006718750034148494,0.001068184995741254,0.016488479042891413,0.0003893956503209968,0.051007360715695754,0.00893487561625103,0.04207248509944472,exact panel + branch + counts + M2 write allocation + read + fit + predict + output serialization/fsync,,ACCOUNTED_ALLOCATION_ESTIMATE_NOT_PER_CONFIGURATION_MEASUREMENT,
B5_WORST_GROUP_RANK,0,16,16,8,24,ALLOCATED_ESTIMATE_WITH_MEASURED_REPLAY,0.0032439431196117554,0.007142381775858147,0.0018578476574392924,0.02053464912073905,0.0006718750034148494,0.001068184995741254,0.016695777381149433,0.0007787913006419936,0.051214659053953775,0.01786975123250206,0.03334490782145172,exact panel + branch + counts + M2 write allocation + read + fit + predict + output serialization/fsync,,ACCOUNTED_ALLOCATION_ESTIMATE_NOT_PER_CONFIGURATION_MEASUREMENT,
B5_EXACT_SELECTED_DIAGNOSTIC,1,16,1,8,24,ALLOCATED_ESTIMATE_WITH_MEASURED_REPLAY,0.0032439431196117554,0.007142381775858147,0.0018578476574392924,0.02053464912073905,0.0006682083088283738,0.001068184995741254,0.01639513689830589,4.86744562901246e-05,0.05091035187652376,0.0011168594520313787,0.04979349242449239,exact panel + branch + counts + M2 write allocation + read + fit + predict + output serialization/fsync,,ACCOUNTED_ALLOCATION_ESTIMATE_NOT_PER_CONFIGURATION_MEASUREMENT,
B5_EXACT_SELECTED_DIAGNOSTIC,1,16,2,8,24,ALLOCATED_ESTIMATE_WITH_MEASURED_REPLAY,0.0032439431196117554,0.007142381775858147,0.0018578476574392924,0.02053464912073905,0.0006682083088283738,0.001068184995741254,0.016448635122894,9.73489125802492e-05,0.050963850101111874,0.0022337189040627574,0.048730131197049116,exact panel + branch + counts + M2 write allocation + read + fit + predict + output serialization/fsync,,ACCOUNTED_ALLOCATION_ESTIMATE_NOT_PER_CONFIGURATION_MEASUREMENT,
B5_EXACT_SELECTED_DIAGNOSTIC,1,16,4,8,24,ALLOCATED_ESTIMATE_WITH_MEASURED_REPLAY,0.0032439431196117554,0.007142381775858147,0.0018578476574392924,0.02053464912073905,0.0006682083088283738,0.001068184995741254,0.016555631572070222,0.0001946978251604984,0.051070846550288096,0.004467437808125515,0.04660340874216258,exact panel + branch + counts + M2 write allocation + read + fit + predict + output serialization/fsync,,ACCOUNTED_ALLOCATION_ESTIMATE_NOT_PER_CONFIGURATION_MEASUREMENT,
B5_EXACT_SELECTED_DIAGNOSTIC,1,16,8,8,24,ALLOCATED_ESTIMATE_WITH_MEASURED_REPLAY,0.0032439431196117554,0.007142381775858147,0.0018578476574392924,0.02053464912073905,0.0006682083088283738,0.001068184995741254,0.016769624470422666,0.0003893956503209968,0.05128483944864054,0.00893487561625103,0.04234996383238951,exact panel + branch + counts + M2 write allocation + read + fit + predict + output serialization/fsync,,ACCOUNTED_ALLOCATION_ESTIMATE_NOT_PER_CONFIGURATION_MEASUREMENT,
B5_EXACT_SELECTED_DIAGNOSTIC,1,16,16,8,24,ALLOCATED_ESTIMATE_WITH_MEASURED_REPLAY,0.0032439431196117554,0.007142381775858147,0.0018578476574392924,0.02053464912073905,0.0006682083088283738,0.001068184995741254,0.017197610267127555,0.0007787913006419936,0.05171282524534543,0.01786975123250206,0.033843074012843366,exact panel + branch + counts + M2 write allocation + read + fit + predict + output serialization/fsync,,ACCOUNTED_ALLOCATION_ESTIMATE_NOT_PER_CONFIGURATION_MEASUREMENT,
B0_PERSISTENCE,0,64,1,0,0,ALLOCATED_ESTIMATE_WITH_MEASURED_REPLAY,0.0,0.0,0.0,0.0,0.0,0.001068184995741254,0.0003079350256787924,5.8449668964991965e-05,0.0013761200214200465,0.001126634664706246,0.00024948535671380045,exact panel + branch + counts + M2 write allocation + read + fit + predict + output serialization/fsync,,ACCOUNTED_ALLOCATION_ESTIMATE_NOT_PER_CONFIGURATION_MEASUREMENT,
B0_PERSISTENCE,0,64,2,0,0,ALLOCATED_ESTIMATE_WITH_MEASURED_REPLAY,0.0,0.0,0.0,0.0,0.0,0.001068184995741254,0.0003224810498068109,0.00011689933792998393,0.001390666045548065,0.002253269329412492,-0.0008626032838644272,exact panel + branch + counts + M2 write allocation + read + fit + predict + output serialization/fsync,,ACCOUNTED_ALLOCATION_ESTIMATE_NOT_PER_CONFIGURATION_MEASUREMENT,
B0_PERSISTENCE,0,64,4,0,0,ALLOCATED_ESTIMATE_WITH_MEASURED_REPLAY,0.0,0.0,0.0,0.0,0.0,0.001068184995741254,0.0003515730980628481,0.00023379867585996786,0.0014197580938041022,0.004506538658824984,-0.003086780565020882,exact panel + branch + counts + M2 write allocation + read + fit + predict + output serialization/fsync,,ACCOUNTED_ALLOCATION_ESTIMATE_NOT_PER_CONFIGURATION_MEASUREMENT,
B0_PERSISTENCE,0,64,8,0,0,ALLOCATED_ESTIMATE_WITH_MEASURED_REPLAY,0.0,0.0,0.0,0.0,0.0,0.001068184995741254,0.0004097571945749223,0.0004675973517199357,0.0014779421903161763,0.009013077317649968,-0.007535135127333792,exact panel + branch + counts + M2 write allocation + read + fit + predict + output serialization/fsync,,ACCOUNTED_ALLOCATION_ESTIMATE_NOT_PER_CONFIGURATION_MEASUREMENT,
B0_PERSISTENCE,0,64,16,0,0,ALLOCATED_ESTIMATE_WITH_MEASURED_REPLAY,0.0,0.0,0.0,0.0,0.0,0.001068184995741254,0.0005261253875990709,0.0009351947034398714,0.001594310383340325,0.018026154635299937,-0.01643184425195961,exact panel + branch + counts + M2 write allocation + read + fit + predict + output serialization/fsync,,ACCOUNTED_ALLOCATION_ESTIMATE_NOT_PER_CONFIGURATION_MEASUREMENT,
B6_FULL_Q_RIDGE,FULL,64,1,8,24,ALLOCATED_ESTIMATE_WITH_MEASURED_REPLAY,0.0032439431196117554,0.007142381775858147,0.0018578476574392924,0.02053464912073905,0.0005874446360394359,0.001068184995741254,0.01718932971804558,5.8449668964991965e-05,0.05162378102347451,0.001126634664706246,0.050497146358768265,exact panel + branch + counts + M2 write allocation + read + fit + predict + output serialization/fsync,,ACCOUNTED_ALLOCATION_ESTIMATE_NOT_PER_CONFIGURATION_MEASUREMENT,
B6_FULL_Q_RIDGE,FULL,64,2,8,24,ALLOCATED_ESTIMATE_WITH_MEASURED_REPLAY,0.0032439431196117554,0.007142381775858147,0.0018578476574392924,0.02053464912073905,0.0005874446360394359,0.001068184995741254,0.017244715117461357,0.00011689933792998393,0.05167916642289029,0.002253269329412492,0.0494258970934778,exact panel + branch + counts + M2 write allocation + read + fit + predict + output serialization/fsync,,ACCOUNTED_ALLOCATION_ESTIMATE_NOT_PER_CONFIGURATION_MEASUREMENT,
B6_FULL_Q_RIDGE,FULL,64,4,8,24,ALLOCATED_ESTIMATE_WITH_MEASURED_REPLAY,0.0032439431196117554,0.007142381775858147,0.0018578476574392924,0.02053464912073905,0.0005874446360394359,0.001068184995741254,0.017355485916292917,0.00023379867585996786,0.05178993722172184,0.004506538658824984,0.04728339856289686,exact panel + branch + counts + M2 write allocation + read + fit + predict + output serialization/fsync,,ACCOUNTED_ALLOCATION_ESTIMATE_NOT_PER_CONFIGURATION_MEASUREMENT,
B6_FULL_Q_RIDGE,FULL,64,8,8,24,ALLOCATED_ESTIMATE_WITH_MEASURED_REPLAY,0.0032439431196117554,0.007142381775858147,0.0018578476574392924,0.02053464912073905,0.0005874446360394359,0.001068184995741254,0.01757702751395603,0.0004675973517199357,0.05201147881938496,0.009013077317649968,0.04299840150173499,exact panel + branch + counts + M2 write allocation + read + fit + predict + output serialization/fsync,,ACCOUNTED_ALLOCATION_ESTIMATE_NOT_PER_CONFIGURATION_MEASUREMENT,
B6_FULL_Q_RIDGE,FULL,64,16,8,24,ALLOCATED_ESTIMATE_WITH_MEASURED_REPLAY,0.0032439431196117554,0.007142381775858147,0.0018578476574392924,0.02053464912073905,0.0005874446360394359,0.001068184995741254,0.01802011070928226,0.0009351947034398714,0.05245456201471119,0.018026154635299937,0.03442840737941125,exact panel + branch + counts + M2 write allocation + read + fit + predict + output serialization/fsync,,ACCOUNTED_ALLOCATION_ESTIMATE_NOT_PER_CONFIGURATION_MEASUREMENT,
B5_WORST_GROUP_RANK,0,64,1,8,24,ALLOCATED_ESTIMATE_WITH_MEASURED_REPLAY,0.0032439431196117554,0.007142381775858147,0.0018578476574392924,0.02053464912073905,0.0006444860094537338,0.001068184995741254,0.017683675983183395,5.8449668964991965e-05,0.05217516866202662,0.001126634664706246,0.05104853399732038,exact panel + branch + counts + M2 write allocation + read + fit + predict + output serialization/fsync,,ACCOUNTED_ALLOCATION_ESTIMATE_NOT_PER_CONFIGURATION_MEASUREMENT,
B5_WORST_GROUP_RANK,0,64,2,8,24,ALLOCATED_ESTIMATE_WITH_MEASURED_REPLAY,0.0032439431196117554,0.007142381775858147,0.0018578476574392924,0.02053464912073905,0.0006444860094537338,0.001068184995741254,0.0177103382787512,0.00011689933792998393,0.052201830957594425,0.002253269329412492,0.04994856162818193,exact panel + branch + counts + M2 write allocation + read + fit + predict + output serialization/fsync,,ACCOUNTED_ALLOCATION_ESTIMATE_NOT_PER_CONFIGURATION_MEASUREMENT,
B5_WORST_GROUP_RANK,0,64,4,8,24,ALLOCATED_ESTIMATE_WITH_MEASURED_REPLAY,0.0032439431196117554,0.007142381775858147,0.0018578476574392924,0.02053464912073905,0.0006444860094537338,0.001068184995741254,0.017763662869886804,0.00023379867585996786,0.05225515554873003,0.004506538658824984,0.047748616889905046,exact panel + branch + counts + M2 write allocation + read + fit + predict + output serialization/fsync,,ACCOUNTED_ALLOCATION_ESTIMATE_NOT_PER_CONFIGURATION_MEASUREMENT,
B5_WORST_GROUP_RANK,0,64,8,8,24,ALLOCATED_ESTIMATE_WITH_MEASURED_REPLAY,0.0032439431196117554,0.007142381775858147,0.0018578476574392924,0.02053464912073905,0.0006444860094537338,0.001068184995741254,0.017870312052158017,0.0004675973517199357,0.052361804731001244,0.009013077317649968,0.04334872741335127,exact panel + branch + counts + M2 write allocation + read + fit + predict + output serialization/fsync,,ACCOUNTED_ALLOCATION_ESTIMATE_NOT_PER_CONFIGURATION_MEASUREMENT,
B5_WORST_GROUP_RANK,0,64,16,8,24,ALLOCATED_ESTIMATE_WITH_MEASURED_REPLAY,0.0032439431196117554,0.007142381775858147,0.0018578476574392924,0.02053464912073905,0.0006444860094537338,0.001068184995741254,0.01808361041670044,0.0009351947034398714,0.05257510309554367,0.018026154635299937,0.03454894846024373,exact panel + branch + counts + M2 write allocation + read + fit + predict + output serialization/fsync,,ACCOUNTED_ALLOCATION_ESTIMATE_NOT_PER_CONFIGURATION_MEASUREMENT,
B5_EXACT_SELECTED_DIAGNOSTIC,1,64,1,8,24,ALLOCATED_ESTIMATE_WITH_MEASURED_REPLAY,0.0032439431196117554,0.007142381775858147,0.0018578476574392924,0.02053464912073905,0.000676277675665915,0.001068184995741254,0.01700651594728697,5.8449668964991965e-05,0.05152980029234238,0.001126634664706246,0.05040316562763614,exact panel + branch + counts + M2 write allocation + read + fit + predict + output serialization/fsync,,ACCOUNTED_ALLOCATION_ESTIMATE_NOT_PER_CONFIGURATION_MEASUREMENT,
B5_EXACT_SELECTED_DIAGNOSTIC,1,64,2,8,24,ALLOCATED_ESTIMATE_WITH_MEASURED_REPLAY,0.0032439431196117554,0.007142381775858147,0.0018578476574392924,0.02053464912073905,0.000676277675665915,0.001068184995741254,0.017059989884728566,0.00011689933792998393,0.051583274229783975,0.002253269329412492,0.04933000490037148,exact panel + branch + counts + M2 write allocation + read + fit + predict + output serialization/fsync,,ACCOUNTED_ALLOCATION_ESTIMATE_NOT_PER_CONFIGURATION_MEASUREMENT,
B5_EXACT_SELECTED_DIAGNOSTIC,1,64,4,8,24,ALLOCATED_ESTIMATE_WITH_MEASURED_REPLAY,0.0032439431196117554,0.007142381775858147,0.0018578476574392924,0.02053464912073905,0.000676277675665915,0.001068184995741254,0.017166937759611756,0.00023379867585996786,0.051690222104667165,0.004506538658824984,0.04718368344584218,exact panel + branch + counts + M2 write allocation + read + fit + predict + output serialization/fsync,,ACCOUNTED_ALLOCATION_ESTIMATE_NOT_PER_CONFIGURATION_MEASUREMENT,
B5_EXACT_SELECTED_DIAGNOSTIC,1,64,8,8,24,ALLOCATED_ESTIMATE_WITH_MEASURED_REPLAY,0.0032439431196117554,0.007142381775858147,0.0018578476574392924,0.02053464912073905,0.000676277675665915,0.001068184995741254,0.017380833509378135,0.0004675973517199357,0.051904117854433544,0.009013077317649968,0.042891040536783574,exact panel + branch + counts + M2 write allocation + read + fit + predict + output serialization/fsync,,ACCOUNTED_ALLOCATION_ESTIMATE_NOT_PER_CONFIGURATION_MEASUREMENT,
B5_EXACT_SELECTED_DIAGNOSTIC,1,64,16,8,24,ALLOCATED_ESTIMATE_WITH_MEASURED_REPLAY,0.0032439431196117554,0.007142381775858147,0.0018578476574392924,0.02053464912073905,0.000676277675665915,0.001068184995741254,0.017808625008910894,0.0009351947034398714,0.052331909353966304,0.018026154635299937,0.03430575471866637,exact panel + branch + counts + M2 write allocation + read + fit + predict + output serialization/fsync,,ACCOUNTED_ALLOCATION_ESTIMATE_NOT_PER_CONFIGURATION_MEASUREMENT,
B0_PERSISTENCE,0,256,1,0,0,ALLOCATED_ESTIMATE_WITH_MEASURED_REPLAY,0.0,0.0,0.0,0.0,0.0,0.001068184995741254,0.0003524653705729482,7.528214822135246e-05,0.0014206503663142021,0.0011434671439626064,0.00027718322235159576,exact panel + branch + counts + M2 write allocation + read + fit + predict + output serialization/fsync,,ACCOUNTED_ALLOCATION_ESTIMATE_NOT_PER_CONFIGURATION_MEASUREMENT,
B0_PERSISTENCE,0,256,2,0,0,ALLOCATED_ESTIMATE_WITH_MEASURED_REPLAY,0.0,0.0,0.0,0.0,0.0,0.001068184995741254,0.0003689584506597991,0.00015056429644270491,0.0014371434464010532,0.0022869342879252128,-0.0008497908415241596,exact panel + branch + counts + M2 write allocation + read + fit + predict + output serialization/fsync,,ACCOUNTED_ALLOCATION_ESTIMATE_NOT_PER_CONFIGURATION_MEASUREMENT,
B0_PERSISTENCE,0,256,4,0,0,ALLOCATED_ESTIMATE_WITH_MEASURED_REPLAY,0.0,0.0,0.0,0.0,0.0,0.001068184995741254,0.0004019446108335008,0.00030112859288540983,0.0014701296065747548,0.0045738685758504255,-0.003103738969275671,exact panel + branch + counts + M2 write allocation + read + fit + predict + output serialization/fsync,,ACCOUNTED_ALLOCATION_ESTIMATE_NOT_PER_CONFIGURATION_MEASUREMENT,
B0_PERSISTENCE,0,256,8,0,0,ALLOCATED_ESTIMATE_WITH_MEASURED_REPLAY,0.0,0.0,0.0,0.0,0.0,0.001068184995741254,0.00046791693118090427,0.0006022571857708197,0.0015361019269221582,0.009147737151700851,-0.0076116352247786925,exact panel + branch + counts + M2 write allocation + read + fit + predict + output serialization/fsync,,ACCOUNTED_ALLOCATION_ESTIMATE_NOT_PER_CONFIGURATION_MEASUREMENT,
B0_PERSISTENCE,0,256,16,0,0,ALLOCATED_ESTIMATE_WITH_MEASURED_REPLAY,0.0,0.0,0.0,0.0,0.0,0.001068184995741254,0.0005998615718757112,0.0012045143715416393,0.0016680465676169652,0.018295474303401702,-0.016627427735784735,exact panel + branch + counts + M2 write allocation + read + fit + predict + output serialization/fsync,,ACCOUNTED_ALLOCATION_ESTIMATE_NOT_PER_CONFIGURATION_MEASUREMENT,
B6_FULL_Q_RIDGE,FULL,256,1,8,24,ALLOCATED_ESTIMATE_WITH_MEASURED_REPLAY,0.0032439431196117554,0.007142381775858147,0.0018578476574392924,0.02053464912073905,0.0005952780290196339,0.001068184995741254,0.017922273773971636,7.528214822135246e-05,0.052364558472380765,0.0011434671439626064,0.05122109132841816,exact panel + branch + counts + M2 write allocation + read + fit + predict + output serialization/fsync,,ACCOUNTED_ALLOCATION_ESTIMATE_NOT_PER_CONFIGURATION_MEASUREMENT,
B6_FULL_Q_RIDGE,FULL,256,2,8,24,ALLOCATED_ESTIMATE_WITH_MEASURED_REPLAY,0.0032439431196117554,0.007142381775858147,0.0018578476574392924,0.02053464912073905,0.0005952780290196339,0.001068184995741254,0.01797888054473636,0.00015056429644270491,0.05242116524314548,0.0022869342879252128,0.050134230955220266,exact panel + branch + counts + M2 write allocation + read + fit + predict + output serialization/fsync,,ACCOUNTED_ALLOCATION_ESTIMATE_NOT_PER_CONFIGURATION_MEASUREMENT,
B6_FULL_Q_RIDGE,FULL,256,4,8,24,ALLOCATED_ESTIMATE_WITH_MEASURED_REPLAY,0.0032439431196117554,0.007142381775858147,0.0018578476574392924,0.02053464912073905,0.0005952780290196339,0.001068184995741254,0.018092094086265813,0.00030112859288540983,0.05253437878467494,0.0045738685758504255,0.04796051020882452,exact panel + branch + counts + M2 write allocation + read + fit + predict + output serialization/fsync,,ACCOUNTED_ALLOCATION_ESTIMATE_NOT_PER_CONFIGURATION_MEASUREMENT,
B6_FULL_Q_RIDGE,FULL,256,8,8,24,ALLOCATED_ESTIMATE_WITH_MEASURED_REPLAY,0.0032439431196117554,0.007142381775858147,0.0018578476574392924,0.02053464912073905,0.0005952780290196339,0.001068184995741254,0.018318521169324715,0.0006022571857708197,0.05276080586773384,0.009147737151700851,0.04361306871603299,exact panel + branch + counts + M2 write allocation + read + fit + predict + output serialization/fsync,,ACCOUNTED_ALLOCATION_ESTIMATE_NOT_PER_CONFIGURATION_MEASUREMENT,
B6_FULL_Q_RIDGE,FULL,256,16,8,24,ALLOCATED_ESTIMATE_WITH_MEASURED_REPLAY,0.0032439431196117554,0.007142381775858147,0.0018578476574392924,0.02053464912073905,0.0005952780290196339,0.001068184995741254,0.018771375335442524,0.0012045143715416393,0.053213660033851654,0.018295474303401702,0.034918185730449955,exact panel + branch + counts + M2 write allocation + read + fit + predict + output serialization/fsync,,ACCOUNTED_ALLOCATION_ESTIMATE_NOT_PER_CONFIGURATION_MEASUREMENT,
B5_WORST_GROUP_RANK,0,256,1,8,24,ALLOCATED_ESTIMATE_WITH_MEASURED_REPLAY,0.0032439431196117554,0.007142381775858147,0.0018578476574392924,0.02053464912073905,0.0006539583361397187,0.001068184995741254,0.01818845302962776,7.528214822135246e-05,0.05268941803515697,0.0011434671439626064,0.05154595089119436,exact panel + branch + counts + M2 write allocation + read + fit + predict + output serialization/fsync,,ACCOUNTED_ALLOCATION_ESTIMATE_NOT_PER_CONFIGURATION_MEASUREMENT,
B5_WORST_GROUP_RANK,0,256,2,8,24,ALLOCATED_ESTIMATE_WITH_MEASURED_REPLAY,0.0032439431196117554,0.007142381775858147,0.0018578476574392924,0.02053464912073905,0.0006539583361397187,0.001068184995741254,0.01821504502731841,0.00015056429644270491,0.05271601003284762,0.0022869342879252128,0.050429075744922405,exact panel + branch + counts + M2 write allocation + read + fit + predict + output serialization/fsync,,ACCOUNTED_ALLOCATION_ESTIMATE_NOT_PER_CONFIGURATION_MEASUREMENT,
B5_WORST_GROUP_RANK,0,256,4,8,24,ALLOCATED_ESTIMATE_WITH_MEASURED_REPLAY,0.0032439431196117554,0.007142381775858147,0.0018578476574392924,0.02053464912073905,0.0006539583361397187,0.001068184995741254,0.01826822902269972,0.00030112859288540983,0.05276919402822893,0.0045738685758504255,0.04819532545237851,exact panel + branch + counts + M2 write allocation + read + fit + predict + output serialization/fsync,,ACCOUNTED_ALLOCATION_ESTIMATE_NOT_PER_CONFIGURATION_MEASUREMENT,
B5_WORST_GROUP_RANK,0,256,8,8,24,ALLOCATED_ESTIMATE_WITH_MEASURED_REPLAY,0.0032439431196117554,0.007142381775858147,0.0018578476574392924,0.02053464912073905,0.0006539583361397187,0.001068184995741254,0.018374597013462335,0.0006022571857708197,0.052875562018991545,0.009147737151700851,0.043727824867290696,exact panel + branch + counts + M2 write allocation + read + fit + predict + output serialization/fsync,,ACCOUNTED_ALLOCATION_ESTIMATE_NOT_PER_CONFIGURATION_MEASUREMENT,
B5_WORST_GROUP_RANK,0,256,16,8,24,ALLOCATED_ESTIMATE_WITH_MEASURED_REPLAY,0.0032439431196117554,0.007142381775858147,0.0018578476574392924,0.02053464912073905,0.0006539583361397187,0.001068184995741254,0.01858733299498757,0.0012045143715416393,0.05308829800051678,0.018295474303401702,0.034792823697115074,exact panel + branch + counts + M2 write allocation + read + fit + predict + output serialization/fsync,,ACCOUNTED_ALLOCATION_ESTIMATE_NOT_PER_CONFIGURATION_MEASUREMENT,
B5_EXACT_SELECTED_DIAGNOSTIC,1,256,1,8,24,ALLOCATED_ESTIMATE_WITH_MEASURED_REPLAY,0.0032439431196117554,0.007142381775858147,0.0018578476574392924,0.02053464912073905,0.0006738609711950024,0.001068184995741254,0.01751972574129468,7.528214822135246e-05,0.05204059338187918,0.0011434671439626064,0.05089712623791657,exact panel + branch + counts + M2 write allocation + read + fit + predict + output serialization/fsync,,ACCOUNTED_ALLOCATION_ESTIMATE_NOT_PER_CONFIGURATION_MEASUREMENT,
B5_EXACT_SELECTED_DIAGNOSTIC,1,256,2,8,24,ALLOCATED_ESTIMATE_WITH_MEASURED_REPLAY,0.0032439431196117554,0.007142381775858147,0.0018578476574392924,0.02053464912073905,0.0006738609711950024,0.001068184995741254,0.017577270865634397,0.00015056429644270491,0.052098138506218895,0.0022869342879252128,0.04981120421829368,exact panel + branch + counts + M2 write allocation + read + fit + predict + output serialization/fsync,,ACCOUNTED_ALLOCATION_ESTIMATE_NOT_PER_CONFIGURATION_MEASUREMENT,
B5_EXACT_SELECTED_DIAGNOSTIC,1,256,4,8,24,ALLOCATED_ESTIMATE_WITH_MEASURED_REPLAY,0.0032439431196117554,0.007142381775858147,0.0018578476574392924,0.02053464912073905,0.0006738609711950024,0.001068184995741254,0.017692361114313826,0.00030112859288540983,0.052213228754898325,0.0045738685758504255,0.0476393601790479,exact panel + branch + counts + M2 write allocation + read + fit + predict + output serialization/fsync,,ACCOUNTED_ALLOCATION_ESTIMATE_NOT_PER_CONFIGURATION_MEASUREMENT,
B5_EXACT_SELECTED_DIAGNOSTIC,1,256,8,8,24,ALLOCATED_ESTIMATE_WITH_MEASURED_REPLAY,0.0032439431196117554,0.007142381775858147,0.0018578476574392924,0.02053464912073905,0.0006738609711950024,0.001068184995741254,0.017922541611672692,0.0006022571857708197,0.05244340925225719,0.009147737151700851,0.04329567210055634,exact panel + branch + counts + M2 write allocation + read + fit + predict + output serialization/fsync,,ACCOUNTED_ALLOCATION_ESTIMATE_NOT_PER_CONFIGURATION_MEASUREMENT,
B5_EXACT_SELECTED_DIAGNOSTIC,1,256,16,8,24,ALLOCATED_ESTIMATE_WITH_MEASURED_REPLAY,0.0032439431196117554,0.007142381775858147,0.0018578476574392924,0.02053464912073905,0.0006738609711950024,0.001068184995741254,0.018382902606390417,0.0012045143715416393,0.052903770246974915,0.018295474303401702,0.03460829594357322,exact panel + branch + counts + M2 write allocation + read + fit + predict + output serialization/fsync,,ACCOUNTED_ALLOCATION_ESTIMATE_NOT_PER_CONFIGURATION_MEASUREMENT,
