method,rank_cap,n,selection_source,seed,arm,anchor,elapsed_step,group,event,truth,raw_prediction,envelope_lower,envelope_upper,envelope_label
B5_WORST_GROUP_RANK,0,64,n64 model selection,301,X_BASE,8,1,0,pX,0.07149078128656743,0.07291666666666667,-0.036241363483652145,0.1820746968169855,EMPIRICAL_CALIBRATED_ENVELOPE
B5_WORST_GROUP_RANK,0,64,n64 model selection,301,X_BASE,8,1,0,v,0.8501832585897245,0.8216145833333334,0.7124565531830146,0.9307726134836521,EMPIRICAL_CALIBRATED_ENVELOPE
B5_WORST_GROUP_RANK,0,64,n64 model selection,301,X_BASE,8,1,1,pX,0.07133630361975751,0.08333333333333333,-0.025824696816985487,0.19249136348365214,EMPIRICAL_CALIBRATED_ENVELOPE
B5_WORST_GROUP_RANK,0,64,n64 model selection,301,X_BASE,8,1,1,v,0.8509066403078489,0.86328125,0.7541232198496812,0.9724392801503188,EMPIRICAL_CALIBRATED_ENVELOPE
B5_WORST_GROUP_RANK,0,64,n64 model selection,301,X_BASE,8,1,2,pX,0.06916128353492422,0.06510416666666667,-0.044053863483652145,0.1742621968169855,EMPIRICAL_CALIBRATED_ENVELOPE
B5_WORST_GROUP_RANK,0,64,n64 model selection,301,X_BASE,8,1,2,v,0.8507245662239342,0.8372395833333334,0.7280815531830146,0.9463976134836521,EMPIRICAL_CALIBRATED_ENVELOPE
B5_WORST_GROUP_RANK,0,64,n64 model selection,301,X_BASE,8,1,3,pX,0.06921558841864,0.055989583333333336,-0.05316844681698548,0.16514761348365214,EMPIRICAL_CALIBRATED_ENVELOPE
B5_WORST_GROUP_RANK,0,64,n64 model selection,301,X_BASE,8,1,3,v,0.8508711528688535,0.84765625,0.7384982198496812,0.9568142801503188,EMPIRICAL_CALIBRATED_ENVELOPE
B5_WORST_GROUP_RANK,0,64,n64 model selection,301,X_BASE,8,1,4,pX,0.0685528331064338,0.05078125,-0.058376780150318816,0.15993928015031883,EMPIRICAL_CALIBRATED_ENVELOPE
B5_WORST_GROUP_RANK,0,64,n64 model selection,301,X_BASE,8,1,4,v,0.8508035346206148,0.8828125,0.7736544698496812,0.9919705301503188,EMPIRICAL_CALIBRATED_ENVELOPE
B5_WORST_GROUP_RANK,0,64,n64 model selection,301,X_BASE,8,1,5,pX,0.06866643063263451,0.07552083333333333,-0.03363719681698549,0.18467886348365214,EMPIRICAL_CALIBRATED_ENVELOPE
B5_WORST_GROUP_RANK,0,64,n64 model selection,301,X_BASE,8,1,5,v,0.8514935404343136,0.8606770833333334,0.7515190531830146,0.9698351134836521,EMPIRICAL_CALIBRATED_ENVELOPE
B5_WORST_GROUP_RANK,0,64,n64 model selection,301,X_BASE,8,2,0,pX,0.0728620242871919,0.07291666666666667,-0.036241363483652145,0.1820746968169855,EMPIRICAL_CALIBRATED_ENVELOPE
B5_WORST_GROUP_RANK,0,64,n64 model selection,301,X_BASE,8,2,0,v,0.8512382987016269,0.8216145833333334,0.7124565531830146,0.9307726134836521,EMPIRICAL_CALIBRATED_ENVELOPE
B5_WORST_GROUP_RANK,0,64,n64 model selection,301,X_BASE,8,2,1,pX,0.07267568663440792,0.08333333333333333,-0.025824696816985487,0.19249136348365214,EMPIRICAL_CALIBRATED_ENVELOPE
B5_WORST_GROUP_RANK,0,64,n64 model selection,301,X_BASE,8,2,1,v,0.8519446271205244,0.86328125,0.7541232198496812,0.9724392801503188,EMPIRICAL_CALIBRATED_ENVELOPE
B5_WORST_GROUP_RANK,0,64,n64 model selection,301,X_BASE,8,2,2,pX,0.07043542855657119,0.06510416666666667,-0.044053863483652145,0.1742621968169855,EMPIRICAL_CALIBRATED_ENVELOPE
B5_WORST_GROUP_RANK,0,64,n64 model selection,301,X_BASE,8,2,2,v,0.8519117151406854,0.8372395833333334,0.7280815531830146,0.9463976134836521,EMPIRICAL_CALIBRATED_ENVELOPE
B5_WORST_GROUP_RANK,0,64,n64 model selection,301,X_BASE,8,2,3,pX,0.07044898065962556,0.055989583333333336,-0.05316844681698548,0.16514761348365214,EMPIRICAL_CALIBRATED_ENVELOPE
B5_WORST_GROUP_RANK,0,64,n64 model selection,301,X_BASE,8,2,3,v,0.8520828531676289,0.84765625,0.7384982198496812,0.9568142801503188,EMPIRICAL_CALIBRATED_ENVELOPE
B5_WORST_GROUP_RANK,0,64,n64 model selection,301,X_BASE,8,2,4,pX,0.06969547142204383,0.05078125,-0.058376780150318816,0.15993928015031883,EMPIRICAL_CALIBRATED_ENVELOPE
B5_WORST_GROUP_RANK,0,64,n64 model selection,301,X_BASE,8,2,4,v,0.8519272336644579,0.8828125,0.7736544698496812,0.9919705301503188,EMPIRICAL_CALIBRATED_ENVELOPE
B5_WORST_GROUP_RANK,0,64,n64 model selection,301,X_BASE,8,2,5,pX,0.06978593601534937,0.07552083333333333,-0.03363719681698549,0.18467886348365214,EMPIRICAL_CALIBRATED_ENVELOPE
B5_WORST_GROUP_RANK,0,64,n64 model selection,301,X_BASE,8,2,5,v,0.8526308819483777,0.8606770833333334,0.7515190531830146,0.9698351134836521,EMPIRICAL_CALIBRATED_ENVELOPE
B5_WORST_GROUP_RANK,0,64,n64 model selection,301,X_BASE,8,3,0,pX,0.07427425532790484,0.07291666666666667,-0.036241363483652145,0.1820746968169855,EMPIRICAL_CALIBRATED_ENVELOPE
B5_WORST_GROUP_RANK,0,64,n64 model selection,301,X_BASE,8,3,0,v,0.8516594501005786,0.8216145833333334,0.7124565531830146,0.9307726134836521,EMPIRICAL_CALIBRATED_ENVELOPE
B5_WORST_GROUP_RANK,0,64,n64 model selection,301,X_BASE,8,3,1,pX,0.0740748886809665,0.08333333333333333,-0.025824696816985487,0.19249136348365214,EMPIRICAL_CALIBRATED_ENVELOPE
B5_WORST_GROUP_RANK,0,64,n64 model selection,301,X_BASE,8,3,1,v,0.8523126980315185,0.86328125,0.7541232198496812,0.9724392801503188,EMPIRICAL_CALIBRATED_ENVELOPE
B5_WORST_GROUP_RANK,0,64,n64 model selection,301,X_BASE,8,3,2,pX,0.07173357546895684,0.06510416666666667,-0.044053863483652145,0.1742621968169855,EMPIRICAL_CALIBRATED_ENVELOPE
B5_WORST_GROUP_RANK,0,64,n64 model selection,301,X_BASE,8,3,2,v,0.8524973243513558,0.8372395833333334,0.7280815531830146,0.9463976134836521,EMPIRICAL_CALIBRATED_ENVELOPE
B5_WORST_GROUP_RANK,0,64,n64 model selection,301,X_BASE,8,3,3,pX,0.07172068923207583,0.055989583333333336,-0.05316844681698548,0.16514761348365214,EMPIRICAL_CALIBRATED_ENVELOPE
B5_WORST_GROUP_RANK,0,64,n64 model selection,301,X_BASE,8,3,3,v,0.8526480013591861,0.84765625,0.7384982198496812,0.9568142801503188,EMPIRICAL_CALIBRATED_ENVELOPE
B5_WORST_GROUP_RANK,0,64,n64 model selection,301,X_BASE,8,3,4,pX,0.07086278523495594,0.05078125,-0.058376780150318816,0.15993928015031883,EMPIRICAL_CALIBRATED_ENVELOPE
B5_WORST_GROUP_RANK,0,64,n64 model selection,301,X_BASE,8,3,4,v,0.8523886424800102,0.8828125,0.7736544698496812,0.9919705301503188,EMPIRICAL_CALIBRATED_ENVELOPE
B5_WORST_GROUP_RANK,0,64,n64 model selection,301,X_BASE,8,3,5,pX,0.0709434421218982,0.07552083333333333,-0.03363719681698549,0.18467886348365214,EMPIRICAL_CALIBRATED_ENVELOPE
B5_WORST_GROUP_RANK,0,64,n64 model selection,301,X_BASE,8,3,5,v,0.853048957201968,0.8606770833333334,0.7515190531830146,0.9698351134836521,EMPIRICAL_CALIBRATED_ENVELOPE
B5_WORST_GROUP_RANK,0,64,n64 model selection,301,X_BASE,8,4,0,pX,0.07565093519146283,0.07291666666666667,-0.036241363483652145,0.1820746968169855,EMPIRICAL_CALIBRATED_ENVELOPE
B5_WORST_GROUP_RANK,0,64,n64 model selection,301,X_BASE,8,4,0,v,0.8516581864771725,0.8216145833333334,0.7124565531830146,0.9307726134836521,EMPIRICAL_CALIBRATED_ENVELOPE
B5_WORST_GROUP_RANK,0,64,n64 model selection,301,X_BASE,8,4,1,pX,0.0754447234189974,0.08333333333333333,-0.025824696816985487,0.19249136348365214,EMPIRICAL_CALIBRATED_ENVELOPE
B5_WORST_GROUP_RANK,0,64,n64 model selection,301,X_BASE,8,4,1,v,0.8522455712441487,0.86328125,0.7541232198496812,0.9724392801503188,EMPIRICAL_CALIBRATED_ENVELOPE
B5_WORST_GROUP_RANK,0,64,n64 model selection,301,X_BASE,8,4,2,pX,0.07305166675830053,0.06510416666666667,-0.044053863483652145,0.1742621968169855,EMPIRICAL_CALIBRATED_ENVELOPE
B5_WORST_GROUP_RANK,0,64,n64 model selection,301,X_BASE,8,4,2,v,0.852675094901219,0.8372395833333334,0.7280815531830146,0.9463976134836521,EMPIRICAL_CALIBRATED_ENVELOPE
B5_WORST_GROUP_RANK,0,64,n64 model selection,301,X_BASE,8,4,3,pX,0.07302918227438217,0.055989583333333336,-0.05316844681698548,0.16514761348365214,EMPIRICAL_CALIBRATED_ENVELOPE
B5_WORST_GROUP_RANK,0,64,n64 model selection,301,X_BASE,8,4,3,v,0.8527792859023189,0.84765625,0.7384982198496812,0.9568142801503188,EMPIRICAL_CALIBRATED_ENVELOPE
B5_WORST_GROUP_RANK,0,64,n64 model selection,301,X_BASE,8,4,4,pX,0.07202272446704998,0.05078125,-0.058376780150318816,0.15993928015031883,EMPIRICAL_CALIBRATED_ENVELOPE
B5_WORST_GROUP_RANK,0,64,n64 model selection,301,X_BASE,8,4,4,v,0.8524636389906286,0.8828125,0.7736544698496812,0.9919705301503188,EMPIRICAL_CALIBRATED_ENVELOPE
B5_WORST_GROUP_RANK,0,64,n64 model selection,301,X_BASE,8,4,5,pX,0.07210106019845854,0.07552083333333333,-0.03363719681698549,0.18467886348365214,EMPIRICAL_CALIBRATED_ENVELOPE
B5_WORST_GROUP_RANK,0,64,n64 model selection,301,X_BASE,8,4,5,v,0.8530690949372992,0.8606770833333334,0.7515190531830146,0.9698351134836521,EMPIRICAL_CALIBRATED_ENVELOPE
B5_WORST_GROUP_RANK,0,64,n64 model selection,301,X_BASE,8,5,0,pX,0.0771950022450404,0.07291666666666667,-0.036241363483652145,0.1820746968169855,EMPIRICAL_CALIBRATED_ENVELOPE
B5_WORST_GROUP_RANK,0,64,n64 model selection,301,X_BASE,8,5,0,v,0.8522372390476316,0.8216145833333334,0.7124565531830146,0.9307726134836521,EMPIRICAL_CALIBRATED_ENVELOPE
B5_WORST_GROUP_RANK,0,64,n64 model selection,301,X_BASE,8,5,1,pX,0.07696556935185286,0.08333333333333333,-0.025824696816985487,0.19249136348365214,EMPIRICAL_CALIBRATED_ENVELOPE
B5_WORST_GROUP_RANK,0,64,n64 model selection,301,X_BASE,8,5,1,v,0.8527497723937072,0.86328125,0.7541232198496812,0.9724392801503188,EMPIRICAL_CALIBRATED_ENVELOPE
B5_WORST_GROUP_RANK,0,64,n64 model selection,301,X_BASE,8,5,2,pX,0.07447198018657165,0.06510416666666667,-0.044053863483652145,0.1742621968169855,EMPIRICAL_CALIBRATED_ENVELOPE
B5_WORST_GROUP_RANK,0,64,n64 model selection,301,X_BASE,8,5,2,v,0.8534581852545134,0.8372395833333334,0.7280815531830146,0.9463976134836521,EMPIRICAL_CALIBRATED_ENVELOPE
B5_WORST_GROUP_RANK,0,64,n64 model selection,301,X_BASE,8,5,3,pX,0.07443687226251038,0.055989583333333336,-0.05316844681698548,0.16514761348365214,EMPIRICAL_CALIBRATED_ENVELOPE
B5_WORST_GROUP_RANK,0,64,n64 model selection,301,X_BASE,8,5,3,v,0.8535085215058902,0.84765625,0.7384982198496812,0.9568142801503188,EMPIRICAL_CALIBRATED_ENVELOPE
B5_WORST_GROUP_RANK,0,64,n64 model selection,301,X_BASE,8,5,4,pX,0.07330613721341583,0.05078125,-0.058376780150318816,0.15993928015031883,EMPIRICAL_CALIBRATED_ENVELOPE
B5_WORST_GROUP_RANK,0,64,n64 model selection,301,X_BASE,8,5,4,v,0.8530602042080675,0.8828125,0.7736544698496812,0.9919705301503188,EMPIRICAL_CALIBRATED_ENVELOPE
B5_WORST_GROUP_RANK,0,64,n64 model selection,301,X_BASE,8,5,5,pX,0.07336711230547967,0.07552083333333333,-0.03363719681698549,0.18467886348365214,EMPIRICAL_CALIBRATED_ENVELOPE
B5_WORST_GROUP_RANK,0,64,n64 model selection,301,X_BASE,8,5,5,v,0.8536252591715728,0.8606770833333334,0.7515190531830146,0.9698351134836521,EMPIRICAL_CALIBRATED_ENVELOPE
B5_WORST_GROUP_RANK,0,64,n64 model selection,301,X_BASE,8,6,0,pX,0.07885086126277152,0.07291666666666667,-0.036241363483652145,0.1820746968169855,EMPIRICAL_CALIBRATED_ENVELOPE
B5_WORST_GROUP_RANK,0,64,n64 model selection,301,X_BASE,8,6,0,v,0.8531248402300965,0.8216145833333334,0.7124565531830146,0.9307726134836521,EMPIRICAL_CALIBRATED_ENVELOPE
B5_WORST_GROUP_RANK,0,64,n64 model selection,301,X_BASE,8,6,1,pX,0.07861082552807803,0.08333333333333333,-0.025824696816985487,0.19249136348365214,EMPIRICAL_CALIBRATED_ENVELOPE
B5_WORST_GROUP_RANK,0,64,n64 model selection,301,X_BASE,8,6,1,v,0.8535120323905421,0.86328125,0.7541232198496812,0.9724392801503188,EMPIRICAL_CALIBRATED_ENVELOPE
B5_WORST_GROUP_RANK,0,64,n64 model selection,301,X_BASE,8,6,2,pX,0.07598114135555623,0.06510416666666667,-0.044053863483652145,0.1742621968169855,EMPIRICAL_CALIBRATED_ENVELOPE
B5_WORST_GROUP_RANK,0,64,n64 model selection,301,X_BASE,8,6,2,v,0.8545069062361139,0.8372395833333334,0.7280815531830146,0.9463976134836521,EMPIRICAL_CALIBRATED_ENVELOPE
B5_WORST_GROUP_RANK,0,64,n64 model selection,301,X_BASE,8,6,3,pX,0.07595494260744609,0.055989583333333336,-0.05316844681698548,0.16514761348365214,EMPIRICAL_CALIBRATED_ENVELOPE
B5_WORST_GROUP_RANK,0,64,n64 model selection,301,X_BASE,8,6,3,v,0.8544471702281591,0.84765625,0.7384982198496812,0.9568142801503188,EMPIRICAL_CALIBRATED_ENVELOPE
B5_WORST_GROUP_RANK,0,64,n64 model selection,301,X_BASE,8,6,4,pX,0.07467430883439471,0.05078125,-0.058376780150318816,0.15993928015031883,EMPIRICAL_CALIBRATED_ENVELOPE
B5_WORST_GROUP_RANK,0,64,n64 model selection,301,X_BASE,8,6,4,v,0.8539435388169546,0.8828125,0.7736544698496812,0.9919705301503188,EMPIRICAL_CALIBRATED_ENVELOPE
B5_WORST_GROUP_RANK,0,64,n64 model selection,301,X_BASE,8,6,5,pX,0.07472685864965373,0.07552083333333333,-0.03363719681698549,0.18467886348365214,EMPIRICAL_CALIBRATED_ENVELOPE
B5_WORST_GROUP_RANK,0,64,n64 model selection,301,X_BASE,8,6,5,v,0.8544201834848042,0.8606770833333334,0.7515190531830146,0.9698351134836521,EMPIRICAL_CALIBRATED_ENVELOPE
B5_WORST_GROUP_RANK,0,64,n64 model selection,301,X_BASE,8,7,0,pX,0.08052203132709025,0.07291666666666667,-0.036241363483652145,0.1820746968169855,EMPIRICAL_CALIBRATED_ENVELOPE
B5_WORST_GROUP_RANK,0,64,n64 model selection,301,X_BASE,8,7,0,v,0.854802046465908,0.8216145833333334,0.7124565531830146,0.9307726134836521,EMPIRICAL_CALIBRATED_ENVELOPE
B5_WORST_GROUP_RANK,0,64,n64 model selection,301,X_BASE,8,7,1,pX,0.08027990483448207,0.08333333333333333,-0.025824696816985487,0.19249136348365214,EMPIRICAL_CALIBRATED_ENVELOPE
B5_WORST_GROUP_RANK,0,64,n64 model selection,301,X_BASE,8,7,1,v,0.8550658468940884,0.86328125,0.7541232198496812,0.9724392801503188,EMPIRICAL_CALIBRATED_ENVELOPE
B5_WORST_GROUP_RANK,0,64,n64 model selection,301,X_BASE,8,7,2,pX,0.07750026820747417,0.06510416666666667,-0.044053863483652145,0.1742621968169855,EMPIRICAL_CALIBRATED_ENVELOPE
B5_WORST_GROUP_RANK,0,64,n64 model selection,301,X_BASE,8,7,2,v,0.856296959468402,0.8372395833333334,0.7280815531830146,0.9463976134836521,EMPIRICAL_CALIBRATED_ENVELOPE
B5_WORST_GROUP_RANK,0,64,n64 model selection,301,X_BASE,8,7,3,pX,0.07749344338407103,0.055989583333333336,-0.05316844681698548,0.16514761348365214,EMPIRICAL_CALIBRATED_ENVELOPE
B5_WORST_GROUP_RANK,0,64,n64 model selection,301,X_BASE,8,7,3,v,0.8561473719739596,0.84765625,0.7384982198496812,0.9568142801503188,EMPIRICAL_CALIBRATED_ENVELOPE
B5_WORST_GROUP_RANK,0,64,n64 model selection,301,X_BASE,8,7,4,pX,0.07606377683398301,0.05078125,-0.058376780150318816,0.15993928015031883,EMPIRICAL_CALIBRATED_ENVELOPE
B5_WORST_GROUP_RANK,0,64,n64 model selection,301,X_BASE,8,7,4,v,0.8556308557626451,0.8828125,0.7736544698496812,0.9919705301503188,EMPIRICAL_CALIBRATED_ENVELOPE
B5_WORST_GROUP_RANK,0,64,n64 model selection,301,X_BASE,8,7,5,pX,0.07610947213831536,0.07552083333333333,-0.03363719681698549,0.18467886348365214,EMPIRICAL_CALIBRATED_ENVELOPE
B5_WORST_GROUP_RANK,0,64,n64 model selection,301,X_BASE,8,7,5,v,0.856027546799627,0.8606770833333334,0.7515190531830146,0.9698351134836521,EMPIRICAL_CALIBRATED_ENVELOPE
B5_WORST_GROUP_RANK,0,64,n64 model selection,301,X_BASE,8,8,0,pX,0.08209092885855519,0.07291666666666667,-0.036241363483652145,0.1820746968169855,EMPIRICAL_CALIBRATED_ENVELOPE
B5_WORST_GROUP_RANK,0,64,n64 model selection,301,X_BASE,8,8,0,v,0.8565074356984185,0.8216145833333334,0.7124565531830146,0.9307726134836521,EMPIRICAL_CALIBRATED_ENVELOPE
B5_WORST_GROUP_RANK,0,64,n64 model selection,301,X_BASE,8,8,1,pX,0.08184628431915612,0.08333333333333333,-0.025824696816985487,0.19249136348365214,EMPIRICAL_CALIBRATED_ENVELOPE
B5_WORST_GROUP_RANK,0,64,n64 model selection,301,X_BASE,8,8,1,v,0.8566646399726383,0.86328125,0.7541232198496812,0.9724392801503188,EMPIRICAL_CALIBRATED_ENVELOPE
B5_WORST_GROUP_RANK,0,64,n64 model selection,301,X_BASE,8,8,2,pX,0.07892017200963691,0.06510416666666667,-0.044053863483652145,0.1742621968169855,EMPIRICAL_CALIBRATED_ENVELOPE
B5_WORST_GROUP_RANK,0,64,n64 model selection,301,X_BASE,8,8,2,v,0.8580782875835434,0.8372395833333334,0.7280815531830146,0.9463976134836521,EMPIRICAL_CALIBRATED_ENVELOPE
B5_WORST_GROUP_RANK,0,64,n64 model selection,301,X_BASE,8,8,3,pX,0.07893554294740461,0.055989583333333336,-0.05316844681698548,0.16514761348365214,EMPIRICAL_CALIBRATED_ENVELOPE
B5_WORST_GROUP_RANK,0,64,n64 model selection,301,X_BASE,8,8,3,v,0.8578563852031211,0.84765625,0.7384982198496812,0.9568142801503188,EMPIRICAL_CALIBRATED_ENVELOPE
B5_WORST_GROUP_RANK,0,64,n64 model selection,301,X_BASE,8,8,4,pX,0.0773694554541462,0.05078125,-0.058376780150318816,0.15993928015031883,EMPIRICAL_CALIBRATED_ENVELOPE
B5_WORST_GROUP_RANK,0,64,n64 model selection,301,X_BASE,8,8,4,v,0.8573449993472104,0.8828125,0.7736544698496812,0.9919705301503188,EMPIRICAL_CALIBRATED_ENVELOPE
B5_WORST_GROUP_RANK,0,64,n64 model selection,301,X_BASE,8,8,5,pX,0.07740407305952345,0.07552083333333333,-0.03363719681698549,0.18467886348365214,EMPIRICAL_CALIBRATED_ENVELOPE
B5_WORST_GROUP_RANK,0,64,n64 model selection,301,X_BASE,8,8,5,v,0.8576719431240392,0.8606770833333334,0.7515190531830146,0.9698351134836521,EMPIRICAL_CALIBRATED_ENVELOPE
B5_WORST_GROUP_RANK,0,64,n64 model selection,301,X_BASE,8,9,0,pX,0.08374808607125968,0.07291666666666667,-0.036241363483652145,0.1820746968169855,EMPIRICAL_CALIBRATED_ENVELOPE
B5_WORST_GROUP_RANK,0,64,n64 model selection,301,X_BASE,8,9,0,v,0.8588785362491013,0.8216145833333334,0.7124565531830146,0.9307726134836521,EMPIRICAL_CALIBRATED_ENVELOPE
B5_WORST_GROUP_RANK,0,64,n64 model selection,301,X_BASE,8,9,1,pX,0.08351716033490592,0.08333333333333333,-0.025824696816985487,0.19249136348365214,EMPIRICAL_CALIBRATED_ENVELOPE
B5_WORST_GROUP_RANK,0,64,n64 model selection,301,X_BASE,8,9,1,v,0.8589205006060912,0.86328125,0.7541232198496812,0.9724392801503188,EMPIRICAL_CALIBRATED_ENVELOPE
B5_WORST_GROUP_RANK,0,64,n64 model selection,301,X_BASE,8,9,2,pX,0.08037430221637283,0.06510416666666667,-0.044053863483652145,0.1742621968169855,EMPIRICAL_CALIBRATED_ENVELOPE
B5_WORST_GROUP_RANK,0,64,n64 model selection,301,X_BASE,8,9,2,v,0.8603798328866707,0.8372395833333334,0.7280815531830146,0.9463976134836521,EMPIRICAL_CALIBRATED_ENVELOPE
B5_WORST_GROUP_RANK,0,64,n64 model selection,301,X_BASE,8,9,3,pX,0.0804511552335025,0.055989583333333336,-0.05316844681698548,0.16514761348365214,EMPIRICAL_CALIBRATED_ENVELOPE
B5_WORST_GROUP_RANK,0,64,n64 model selection,301,X_BASE,8,9,3,v,0.8600520684705424,0.84765625,0.7384982198496812,0.9568142801503188,EMPIRICAL_CALIBRATED_ENVELOPE
B5_WORST_GROUP_RANK,0,64,n64 model selection,301,X_BASE,8,9,4,pX,0.07871407637492119,0.05078125,-0.058376780150318816,0.15993928015031883,EMPIRICAL_CALIBRATED_ENVELOPE
B5_WORST_GROUP_RANK,0,64,n64 model selection,301,X_BASE,8,9,4,v,0.8597089366160011,0.8828125,0.7736544698496812,0.9919705301503188,EMPIRICAL_CALIBRATED_ENVELOPE
B5_WORST_GROUP_RANK,0,64,n64 model selection,301,X_BASE,8,9,5,pX,0.07873767675459974,0.07552083333333333,-0.03363719681698549,0.18467886348365214,EMPIRICAL_CALIBRATED_ENVELOPE
B5_WORST_GROUP_RANK,0,64,n64 model selection,301,X_BASE,8,9,5,v,0.8599479784960076,0.8606770833333334,0.7515190531830146,0.9698351134836521,EMPIRICAL_CALIBRATED_ENVELOPE
B5_WORST_GROUP_RANK,0,64,n64 model selection,301,X_BASE,8,10,0,pX,0.08568399951032434,0.07291666666666667,-0.036241363483652145,0.1820746968169855,EMPIRICAL_CALIBRATED_ENVELOPE
B5_WORST_GROUP_RANK,0,64,n64 model selection,301,X_BASE,8,10,0,v,0.8617343417992457,0.8216145833333334,0.7124565531830146,0.9307726134836521,EMPIRICAL_CALIBRATED_ENVELOPE
B5_WORST_GROUP_RANK,0,64,n64 model selection,301,X_BASE,8,10,1,pX,0.08546414605684717,0.08333333333333333,-0.025824696816985487,0.19249136348365214,EMPIRICAL_CALIBRATED_ENVELOPE
B5_WORST_GROUP_RANK,0,64,n64 model selection,301,X_BASE,8,10,1,v,0.8616791778006062,0.86328125,0.7541232198496812,0.9724392801503188,EMPIRICAL_CALIBRATED_ENVELOPE
B5_WORST_GROUP_RANK,0,64,n64 model selection,301,X_BASE,8,10,2,pX,0.08211595001176399,0.06510416666666667,-0.044053863483652145,0.1742621968169855,EMPIRICAL_CALIBRATED_ENVELOPE
B5_WORST_GROUP_RANK,0,64,n64 model selection,301,X_BASE,8,10,2,v,0.8630433508785005,0.8372395833333334,0.7280815531830146,0.9463976134836521,EMPIRICAL_CALIBRATED_ENVELOPE
B5_WORST_GROUP_RANK,0,64,n64 model selection,301,X_BASE,8,10,3,pX,0.08226927948986938,0.055989583333333336,-0.05316844681698548,0.16514761348365214,EMPIRICAL_CALIBRATED_ENVELOPE
B5_WORST_GROUP_RANK,0,64,n64 model selection,301,X_BASE,8,10,3,v,0.8626262829700155,0.84765625,0.7384982198496812,0.9568142801503188,EMPIRICAL_CALIBRATED_ENVELOPE
B5_WORST_GROUP_RANK,0,64,n64 model selection,301,X_BASE,8,10,4,pX,0.08027987430816565,0.05078125,-0.058376780150318816,0.15993928015031883,EMPIRICAL_CALIBRATED_ENVELOPE
B5_WORST_GROUP_RANK,0,64,n64 model selection,301,X_BASE,8,10,4,v,0.862613704791683,0.8828125,0.7736544698496812,0.9919705301503188,EMPIRICAL_CALIBRATED_ENVELOPE
B5_WORST_GROUP_RANK,0,64,n64 model selection,301,X_BASE,8,10,5,pX,0.0802775987696694,0.07552083333333333,-0.03363719681698549,0.18467886348365214,EMPIRICAL_CALIBRATED_ENVELOPE
B5_WORST_GROUP_RANK,0,64,n64 model selection,301,X_BASE,8,10,5,v,0.862772925245139,0.8606770833333334,0.7515190531830146,0.9698351134836521,EMPIRICAL_CALIBRATED_ENVELOPE
B5_WORST_GROUP_RANK,0,64,n64 model selection,301,X_BASE,8,11,0,pX,0.08778371708810577,0.07291666666666667,-0.036241363483652145,0.1820746968169855,EMPIRICAL_CALIBRATED_ENVELOPE
B5_WORST_GROUP_RANK,0,64,n64 model selection,301,X_BASE,8,11,0,v,0.8644135655914387,0.8216145833333334,0.7124565531830146,0.9307726134836521,EMPIRICAL_CALIBRATED_ENVELOPE
B5_WORST_GROUP_RANK,0,64,n64 model selection,301,X_BASE,8,11,1,pX,0.08757901795017618,0.08333333333333333,-0.025824696816985487,0.19249136348365214,EMPIRICAL_CALIBRATED_ENVELOPE
B5_WORST_GROUP_RANK,0,64,n64 model selection,301,X_BASE,8,11,1,v,0.8643155180972317,0.86328125,0.7541232198496812,0.9724392801503188,EMPIRICAL_CALIBRATED_ENVELOPE
B5_WORST_GROUP_RANK,0,64,n64 model selection,301,X_BASE,8,11,2,pX,0.08417643551809913,0.06510416666666667,-0.044053863483652145,0.1742621968169855,EMPIRICAL_CALIBRATED_ENVELOPE
B5_WORST_GROUP_RANK,0,64,n64 model selection,301,X_BASE,8,11,2,v,0.8654023017701958,0.8372395833333334,0.7280815531830146,0.9463976134836521,EMPIRICAL_CALIBRATED_ENVELOPE
B5_WORST_GROUP_RANK,0,64,n64 model selection,301,X_BASE,8,11,3,pX,0.08435876295032145,0.055989583333333336,-0.05316844681698548,0.16514761348365214,EMPIRICAL_CALIBRATED_ENVELOPE
B5_WORST_GROUP_RANK,0,64,n64 model selection,301,X_BASE,8,11,3,v,0.8649885963638451,0.84765625,0.7384982198496812,0.9568142801503188,EMPIRICAL_CALIBRATED_ENVELOPE
B5_WORST_GROUP_RANK,0,64,n64 model selection,301,X_BASE,8,11,4,pX,0.08199997760126974,0.05078125,-0.058376780150318816,0.15993928015031883,EMPIRICAL_CALIBRATED_ENVELOPE
B5_WORST_GROUP_RANK,0,64,n64 model selection,301,X_BASE,8,11,4,v,0.865322174367396,0.8828125,0.7736544698496812,0.9919705301503188,EMPIRICAL_CALIBRATED_ENVELOPE
B5_WORST_GROUP_RANK,0,64,n64 model selection,301,X_BASE,8,11,5,pX,0.08198724985186596,0.07552083333333333,-0.03363719681698549,0.18467886348365214,EMPIRICAL_CALIBRATED_ENVELOPE
B5_WORST_GROUP_RANK,0,64,n64 model selection,301,X_BASE,8,11,5,v,0.8654342255830474,0.8606770833333334,0.7515190531830146,0.9698351134836521,EMPIRICAL_CALIBRATED_ENVELOPE
B5_WORST_GROUP_RANK,0,64,n64 model selection,301,X_BASE,8,12,0,pX,0.08991989773256691,0.07291666666666667,-0.036241363483652145,0.1820746968169855,EMPIRICAL_CALIBRATED_ENVELOPE
B5_WORST_GROUP_RANK,0,64,n64 model selection,301,X_BASE,8,12,0,v,0.8688356821375182,0.8216145833333334,0.7124565531830146,0.9307726134836521,EMPIRICAL_CALIBRATED_ENVELOPE
B5_WORST_GROUP_RANK,0,64,n64 model selection,301,X_BASE,8,12,1,pX,0.08971838770300426,0.08333333333333333,-0.025824696816985487,0.19249136348365214,EMPIRICAL_CALIBRATED_ENVELOPE
B5_WORST_GROUP_RANK,0,64,n64 model selection,301,X_BASE,8,12,1,v,0.8687217215922816,0.86328125,0.7541232198496812,0.9724392801503188,EMPIRICAL_CALIBRATED_ENVELOPE
B5_WORST_GROUP_RANK,0,64,n64 model selection,301,X_BASE,8,12,2,pX,0.08618211247742635,0.06510416666666667,-0.044053863483652145,0.1742621968169855,EMPIRICAL_CALIBRATED_ENVELOPE
B5_WORST_GROUP_RANK,0,64,n64 model selection,301,X_BASE,8,12,2,v,0.8695368856587767,0.8372395833333334,0.7280815531830146,0.9463976134836521,EMPIRICAL_CALIBRATED_ENVELOPE
B5_WORST_GROUP_RANK,0,64,n64 model selection,301,X_BASE,8,12,3,pX,0.08637029165176206,0.055989583333333336,-0.05316844681698548,0.16514761348365214,EMPIRICAL_CALIBRATED_ENVELOPE
B5_WORST_GROUP_RANK,0,64,n64 model selection,301,X_BASE,8,12,3,v,0.8692012996130162,0.84765625,0.7384982198496812,0.9568142801503188,EMPIRICAL_CALIBRATED_ENVELOPE
B5_WORST_GROUP_RANK,0,64,n64 model selection,301,X_BASE,8,12,4,pX,0.08374716931672348,0.05078125,-0.058376780150318816,0.15993928015031883,EMPIRICAL_CALIBRATED_ENVELOPE
B5_WORST_GROUP_RANK,0,64,n64 model selection,301,X_BASE,8,12,4,v,0.8697361992701987,0.8828125,0.7736544698496812,0.9919705301503188,EMPIRICAL_CALIBRATED_ENVELOPE
B5_WORST_GROUP_RANK,0,64,n64 model selection,301,X_BASE,8,12,5,pX,0.08372613724207119,0.07552083333333333,-0.03363719681698549,0.18467886348365214,EMPIRICAL_CALIBRATED_ENVELOPE
B5_WORST_GROUP_RANK,0,64,n64 model selection,301,X_BASE,8,12,5,v,0.8698114812326458,0.8606770833333334,0.7515190531830146,0.9698351134836521,EMPIRICAL_CALIBRATED_ENVELOPE
B5_WORST_GROUP_RANK,0,64,n64 model selection,301,X_BASE,8,13,0,pX,0.09228422768921611,0.07291666666666667,-0.036241363483652145,0.1820746968169855,EMPIRICAL_CALIBRATED_ENVELOPE
B5_WORST_GROUP_RANK,0,64,n64 model selection,301,X_BASE,8,13,0,v,0.8738244646505018,0.8216145833333334,0.7124565531830146,0.9307726134836521,EMPIRICAL_CALIBRATED_ENVELOPE
B5_WORST_GROUP_RANK,0,64,n64 model selection,301,X_BASE,8,13,1,pX,0.09213821458092492,0.08333333333333333,-0.025824696816985487,0.19249136348365214,EMPIRICAL_CALIBRATED_ENVELOPE
B5_WORST_GROUP_RANK,0,64,n64 model selection,301,X_BASE,8,13,1,v,0.8736876030609484,0.86328125,0.7541232198496812,0.9724392801503188,EMPIRICAL_CALIBRATED_ENVELOPE
B5_WORST_GROUP_RANK,0,64,n64 model selection,301,X_BASE,8,13,2,pX,0.08830022661809939,0.06510416666666667,-0.044053863483652145,0.1742621968169855,EMPIRICAL_CALIBRATED_ENVELOPE
B5_WORST_GROUP_RANK,0,64,n64 model selection,301,X_BASE,8,13,2,v,0.8742770767642158,0.8372395833333334,0.7280815531830146,0.9463976134836521,EMPIRICAL_CALIBRATED_ENVELOPE
B5_WORST_GROUP_RANK,0,64,n64 model selection,301,X_BASE,8,13,3,pX,0.08849155071781116,0.055989583333333336,-0.05316844681698548,0.16514761348365214,EMPIRICAL_CALIBRATED_ENVELOPE
B5_WORST_GROUP_RANK,0,64,n64 model selection,301,X_BASE,8,13,3,v,0.8740060848619546,0.84765625,0.7384982198496812,0.9568142801503188,EMPIRICAL_CALIBRATED_ENVELOPE
B5_WORST_GROUP_RANK,0,64,n64 model selection,301,X_BASE,8,13,4,pX,0.08565703046811292,0.05078125,-0.058376780150318816,0.15993928015031883,EMPIRICAL_CALIBRATED_ENVELOPE
B5_WORST_GROUP_RANK,0,64,n64 model selection,301,X_BASE,8,13,4,v,0.8747009757352409,0.8828125,0.7736544698496812,0.9919705301503188,EMPIRICAL_CALIBRATED_ENVELOPE
B5_WORST_GROUP_RANK,0,64,n64 model selection,301,X_BASE,8,13,5,pX,0.08564823623791123,0.07552083333333333,-0.03363719681698549,0.18467886348365214,EMPIRICAL_CALIBRATED_ENVELOPE
B5_WORST_GROUP_RANK,0,64,n64 model selection,301,X_BASE,8,13,5,v,0.8747269458877814,0.8606770833333334,0.7515190531830146,0.9698351134836521,EMPIRICAL_CALIBRATED_ENVELOPE
B5_WORST_GROUP_RANK,0,64,n64 model selection,301,X_BASE,8,14,0,pX,0.0948048763432194,0.07291666666666667,-0.036241363483652145,0.1820746968169855,EMPIRICAL_CALIBRATED_ENVELOPE
B5_WORST_GROUP_RANK,0,64,n64 model selection,301,X_BASE,8,14,0,v,0.8789388744930592,0.8216145833333334,0.7124565531830146,0.9307726134836521,EMPIRICAL_CALIBRATED_ENVELOPE
B5_WORST_GROUP_RANK,0,64,n64 model selection,301,X_BASE,8,14,1,pX,0.09469816753767536,0.08333333333333333,-0.025824696816985487,0.19249136348365214,EMPIRICAL_CALIBRATED_ENVELOPE
B5_WORST_GROUP_RANK,0,64,n64 model selection,301,X_BASE,8,14,1,v,0.8787793466836505,0.86328125,0.7541232198496812,0.9724392801503188,EMPIRICAL_CALIBRATED_ENVELOPE
B5_WORST_GROUP_RANK,0,64,n64 model selection,301,X_BASE,8,14,2,pX,0.09057910457384417,0.06510416666666667,-0.044053863483652145,0.1742621968169855,EMPIRICAL_CALIBRATED_ENVELOPE
B5_WORST_GROUP_RANK,0,64,n64 model selection,301,X_BASE,8,14,2,v,0.8791623410571698,0.8372395833333334,0.7280815531830146,0.9463976134836521,EMPIRICAL_CALIBRATED_ENVELOPE
B5_WORST_GROUP_RANK,0,64,n64 model selection,301,X_BASE,8,14,3,pX,0.09076170968748996,0.055989583333333336,-0.05316844681698548,0.16514761348365214,EMPIRICAL_CALIBRATED_ENVELOPE
B5_WORST_GROUP_RANK,0,64,n64 model selection,301,X_BASE,8,14,3,v,0.8789193634077057,0.84765625,0.7384982198496812,0.9568142801503188,EMPIRICAL_CALIBRATED_ENVELOPE
B5_WORST_GROUP_RANK,0,64,n64 model selection,301,X_BASE,8,14,4,pX,0.08770443334475968,0.05078125,-0.058376780150318816,0.15993928015031883,EMPIRICAL_CALIBRATED_ENVELOPE
B5_WORST_GROUP_RANK,0,64,n64 model selection,301,X_BASE,8,14,4,v,0.8797888742728571,0.8828125,0.7736544698496812,0.9919705301503188,EMPIRICAL_CALIBRATED_ENVELOPE
B5_WORST_GROUP_RANK,0,64,n64 model selection,301,X_BASE,8,14,5,pX,0.08769755669094505,0.07552083333333333,-0.03363719681698549,0.18467886348365214,EMPIRICAL_CALIBRATED_ENVELOPE
B5_WORST_GROUP_RANK,0,64,n64 model selection,301,X_BASE,8,14,5,v,0.8797583669632962,0.8606770833333334,0.7515190531830146,0.9698351134836521,EMPIRICAL_CALIBRATED_ENVELOPE
B5_WORST_GROUP_RANK,0,64,n64 model selection,301,X_BASE,8,15,0,pX,0.09745079151617438,0.07291666666666667,-0.036241363483652145,0.1820746968169855,EMPIRICAL_CALIBRATED_ENVELOPE
B5_WORST_GROUP_RANK,0,64,n64 model selection,301,X_BASE,8,15,0,v,0.8836121687634533,0.8216145833333334,0.7124565531830146,0.9307726134836521,EMPIRICAL_CALIBRATED_ENVELOPE
B5_WORST_GROUP_RANK,0,64,n64 model selection,301,X_BASE,8,15,1,pX,0.09738132188381234,0.08333333333333333,-0.025824696816985487,0.19249136348365214,EMPIRICAL_CALIBRATED_ENVELOPE
B5_WORST_GROUP_RANK,0,64,n64 model selection,301,X_BASE,8,15,1,v,0.8833964599915775,0.86328125,0.7541232198496812,0.9724392801503188,EMPIRICAL_CALIBRATED_ENVELOPE
B5_WORST_GROUP_RANK,0,64,n64 model selection,301,X_BASE,8,15,2,pX,0.09294301387235826,0.06510416666666667,-0.044053863483652145,0.1742621968169855,EMPIRICAL_CALIBRATED_ENVELOPE
B5_WORST_GROUP_RANK,0,64,n64 model selection,301,X_BASE,8,15,2,v,0.883662414988463,0.8372395833333334,0.7280815531830146,0.9463976134836521,EMPIRICAL_CALIBRATED_ENVELOPE
B5_WORST_GROUP_RANK,0,64,n64 model selection,301,X_BASE,8,15,3,pX,0.09311075600435903,0.055989583333333336,-0.05316844681698548,0.16514761348365214,EMPIRICAL_CALIBRATED_ENVELOPE
B5_WORST_GROUP_RANK,0,64,n64 model selection,301,X_BASE,8,15,3,v,0.8833969096003227,0.84765625,0.7384982198496812,0.9568142801503188,EMPIRICAL_CALIBRATED_ENVELOPE
B5_WORST_GROUP_RANK,0,64,n64 model selection,301,X_BASE,8,15,4,pX,0.08987303025938655,0.05078125,-0.058376780150318816,0.15993928015031883,EMPIRICAL_CALIBRATED_ENVELOPE
B5_WORST_GROUP_RANK,0,64,n64 model selection,301,X_BASE,8,15,4,v,0.8844554923236767,0.8828125,0.7736544698496812,0.9919705301503188,EMPIRICAL_CALIBRATED_ENVELOPE
B5_WORST_GROUP_RANK,0,64,n64 model selection,301,X_BASE,8,15,5,pX,0.08990224382229835,0.07552083333333333,-0.03363719681698549,0.18467886348365214,EMPIRICAL_CALIBRATED_ENVELOPE
B5_WORST_GROUP_RANK,0,64,n64 model selection,301,X_BASE,8,15,5,v,0.884347960761845,0.8606770833333334,0.7515190531830146,0.9698351134836521,EMPIRICAL_CALIBRATED_ENVELOPE
B5_WORST_GROUP_RANK,0,64,n64 model selection,301,X_BASE,8,16,0,pX,0.10001740210497508,0.07291666666666667,-0.036241363483652145,0.1820746968169855,EMPIRICAL_CALIBRATED_ENVELOPE
B5_WORST_GROUP_RANK,0,64,n64 model selection,301,X_BASE,8,16,0,v,0.8878007125183736,0.8216145833333334,0.7124565531830146,0.9307726134836521,EMPIRICAL_CALIBRATED_ENVELOPE
B5_WORST_GROUP_RANK,0,64,n64 model selection,301,X_BASE,8,16,1,pX,0.0999659939985917,0.08333333333333333,-0.025824696816985487,0.19249136348365214,EMPIRICAL_CALIBRATED_ENVELOPE
B5_WORST_GROUP_RANK,0,64,n64 model selection,301,X_BASE,8,16,1,v,0.8875002930762721,0.86328125,0.7541232198496812,0.9724392801503188,EMPIRICAL_CALIBRATED_ENVELOPE
B5_WORST_GROUP_RANK,0,64,n64 model selection,301,X_BASE,8,16,2,pX,0.09527117361856509,0.06510416666666667,-0.044053863483652145,0.1742621968169855,EMPIRICAL_CALIBRATED_ENVELOPE
B5_WORST_GROUP_RANK,0,64,n64 model selection,301,X_BASE,8,16,2,v,0.8877358431905799,0.8372395833333334,0.7280815531830146,0.9463976134836521,EMPIRICAL_CALIBRATED_ENVELOPE
B5_WORST_GROUP_RANK,0,64,n64 model selection,301,X_BASE,8,16,3,pX,0.0953963880857829,0.055989583333333336,-0.05316844681698548,0.16514761348365214,EMPIRICAL_CALIBRATED_ENVELOPE
B5_WORST_GROUP_RANK,0,64,n64 model selection,301,X_BASE,8,16,3,v,0.8874120592206055,0.84765625,0.7384982198496812,0.9568142801503188,EMPIRICAL_CALIBRATED_ENVELOPE
B5_WORST_GROUP_RANK,0,64,n64 model selection,301,X_BASE,8,16,4,pX,0.0919720107275883,0.05078125,-0.058376780150318816,0.15993928015031883,EMPIRICAL_CALIBRATED_ENVELOPE
B5_WORST_GROUP_RANK,0,64,n64 model selection,301,X_BASE,8,16,4,v,0.888644126942365,0.8828125,0.7736544698496812,0.9919705301503188,EMPIRICAL_CALIBRATED_ENVELOPE
B5_WORST_GROUP_RANK,0,64,n64 model selection,301,X_BASE,8,16,5,pX,0.09202906494357255,0.07552083333333333,-0.03363719681698549,0.18467886348365214,EMPIRICAL_CALIBRATED_ENVELOPE
B5_WORST_GROUP_RANK,0,64,n64 model selection,301,X_BASE,8,16,5,v,0.8884369803046621,0.8606770833333334,0.7515190531830146,0.9698351134836521,EMPIRICAL_CALIBRATED_ENVELOPE
