method,rank_cap,n,telemetry,H,noise,fit_budget,representation,level_mae,projected_level_mae,delta_mae,projected_delta_mae,raw_invalid_fraction,near_zero_prompt_fraction,delta_error_ss,delta_truth_ss,response_nrmse,sample_count,level_rmse,projected_level_rmse,delta_rmse,projected_delta_rmse,mean_block_prompt_abs_error_q95,group_delta_pX_q95_max,group_delta_v_q95_max,projected_response_nrmse
B5_WORST_GROUP_RANK,0,exact,PROJECTION_AND_PATH,1,0,8,per_prompt_helmert,0.0033642334692082962,0.0033642334692082962,0.0033642334692082962,0.0033642334692082962,0.0,0.861111111111111,0.4918481073406968,0.4918481073406968,1.0,60,0.00533511313261226,0.00533511313261226,0.00533511313261226,0.00533511313261226,0.008217909515418764,0.0024693497204108005,0.006926911312658642,1.0
B5_WORST_GROUP_RANK,0,exact,PROJECTION_AND_NET_DISPLACEMENT,1,0,8,per_prompt_helmert,0.0033642334692082962,0.0033642334692082962,0.0033642334692082962,0.0033642334692082962,0.0,0.861111111111111,0.4918481073406968,0.4918481073406968,1.0,60,0.00533511313261226,0.00533511313261226,0.00533511313261226,0.00533511313261226,0.008217909515418764,0.0024693497204108005,0.006926911312658642,1.0
B5_WORST_GROUP_RANK,0,exact,PROJECTION_AND_PATH,2,0,8,per_prompt_helmert,0.005034320372816898,0.005034320372816898,0.005034320372816898,0.005034320372816898,0.0,0.7519675925925926,2.465428886064776,2.465428886064776,1.0,120,0.008446161339874412,0.008446161339874412,0.008446161339874412,0.008446161339874412,0.014849209636528114,0.003959418605426357,0.01231601116383492,1.0
B5_WORST_GROUP_RANK,0,exact,PROJECTION_AND_NET_DISPLACEMENT,2,0,8,per_prompt_helmert,0.005034320372816898,0.005034320372816898,0.005034320372816898,0.005034320372816898,0.0,0.7519675925925926,2.465428886064776,2.465428886064776,1.0,120,0.008446161339874412,0.008446161339874412,0.008446161339874412,0.008446161339874412,0.014849209636528114,0.003959418605426357,0.01231601116383492,1.0
B5_WORST_GROUP_RANK,0,exact,PROJECTION_AND_PATH,4,0,8,per_prompt_helmert,0.008389477989398026,0.008389477989398026,0.008389477989398026,0.008389477989398026,0.0,0.5991319444444444,14.816577127474233,14.816577127474233,1.0,240,0.014641045095792275,0.014641045095792275,0.014641045095792275,0.014641045095792275,0.026505590848891085,0.007461223234952057,0.020069429359712128,1.0
B5_WORST_GROUP_RANK,0,exact,PROJECTION_AND_NET_DISPLACEMENT,4,0,8,per_prompt_helmert,0.008389477989398026,0.008389477989398026,0.008389477989398026,0.008389477989398026,0.0,0.5991319444444444,14.816577127474233,14.816577127474233,1.0,240,0.014641045095792275,0.014641045095792275,0.014641045095792275,0.014641045095792275,0.026505590848891085,0.007461223234952057,0.020069429359712128,1.0
B5_WORST_GROUP_RANK,0,exact,PROJECTION_AND_PATH,8,0,8,per_prompt_helmert,0.014685212990284373,0.014685212990284373,0.014685212990284373,0.014685212990284373,0.0,0.42890625,92.91184834570944,92.91184834570944,1.0,480,0.025924995360563446,0.025924995360563446,0.025924995360563446,0.025924995360563446,0.047891022697798075,0.01361621754488682,0.03488298395834241,1.0
B5_WORST_GROUP_RANK,0,exact,PROJECTION_AND_NET_DISPLACEMENT,8,0,8,per_prompt_helmert,0.014685212990284373,0.014685212990284373,0.014685212990284373,0.014685212990284373,0.0,0.42890625,92.91184834570944,92.91184834570944,1.0,480,0.025924995360563446,0.025924995360563446,0.025924995360563446,0.025924995360563446,0.047891022697798075,0.01361621754488682,0.03488298395834241,1.0
B5_WORST_GROUP_RANK,0,exact,PROJECTION_AND_PATH,16,0,8,per_prompt_helmert,0.02578795374455149,0.02578795374455149,0.02578795374455149,0.02578795374455149,0.0,0.2827835648148148,563.2676744577017,563.2676744577017,1.0,960,0.04513625824830604,0.04513625824830604,0.04513625824830604,0.04513625824830604,0.08533134128873542,0.026053725492568663,0.05271559942965776,1.0
B5_WORST_GROUP_RANK,0,exact,PROJECTION_AND_NET_DISPLACEMENT,16,0,8,per_prompt_helmert,0.02578795374455149,0.02578795374455149,0.02578795374455149,0.02578795374455149,0.0,0.2827835648148148,563.2676744577017,563.2676744577017,1.0,960,0.04513625824830604,0.04513625824830604,0.04513625824830604,0.04513625824830604,0.08533134128873542,0.026053725492568663,0.05271559942965776,1.0
B5_WORST_GROUP_RANK,1,exact,PROJECTION_AND_PATH,1,0,8,per_prompt_helmert,0.0006166243171118331,0.0006166243171118333,0.0006166243171118331,0.0006166243171118333,0.0,0.861111111111111,0.017791844574240535,0.4918481073406968,0.19019320010557544,60,0.0010147022396168072,0.0010147022396168072,0.001014702239616807,0.0010147022396168072,0.0015097156674175373,0.0008779749119433744,0.0022219070963390443,0.1901932001055755
B5_WORST_GROUP_RANK,1,exact,PROJECTION_AND_NET_DISPLACEMENT,1,0,8,per_prompt_helmert,0.0006166243171118331,0.0006166243171118333,0.0006166243171118331,0.0006166243171118333,0.0,0.861111111111111,0.017791844574240535,0.4918481073406968,0.19019320010557544,60,0.0010147022396168072,0.0010147022396168072,0.001014702239616807,0.0010147022396168072,0.0015097156674175373,0.0008779749119433744,0.0022219070963390443,0.1901932001055755
B5_WORST_GROUP_RANK,1,exact,PROJECTION_AND_PATH,2,0,8,per_prompt_helmert,0.0009776773330230763,0.0009776773330230763,0.0009776773330230763,0.0009776773330230763,0.0,0.7519675925925926,0.09675675228213579,2.465428886064776,0.19810452757053146,120,0.0016732228020203072,0.0016732228020203072,0.0016732228020203072,0.0016732228020203072,0.0028546347917321577,0.0013648206761313064,0.0032977659112792862,0.19810452757053146
B5_WORST_GROUP_RANK,1,exact,PROJECTION_AND_NET_DISPLACEMENT,2,0,8,per_prompt_helmert,0.0009776773330230763,0.0009776773330230763,0.0009776773330230763,0.0009776773330230763,0.0,0.7519675925925926,0.09675675228213579,2.465428886064776,0.19810452757053146,120,0.0016732228020203072,0.0016732228020203072,0.0016732228020203072,0.0016732228020203072,0.0028546347917321577,0.0013648206761313064,0.0032977659112792862,0.19810452757053146
B5_WORST_GROUP_RANK,1,exact,PROJECTION_AND_PATH,4,0,8,per_prompt_helmert,0.0019261244019595878,0.0019261244019595878,0.0019261244019595878,0.0019261244019595878,0.0,0.5991319444444444,0.8661778083777417,14.816577127474233,0.24178512751187065,240,0.0035399869553931836,0.0035399869553931836,0.0035399869553931836,0.0035399869553931836,0.006276973398452521,0.002848800913882318,0.006752591455202863,0.24178512751187065
B5_WORST_GROUP_RANK,1,exact,PROJECTION_AND_NET_DISPLACEMENT,4,0,8,per_prompt_helmert,0.0019261244019595878,0.0019261244019595878,0.0019261244019595878,0.0019261244019595878,0.0,0.5991319444444444,0.8661778083777417,14.816577127474233,0.24178512751187065,240,0.0035399869553931836,0.0035399869553931836,0.0035399869553931836,0.0035399869553931836,0.006276973398452521,0.002848800913882318,0.006752591455202863,0.24178512751187065
B5_WORST_GROUP_RANK,1,exact,PROJECTION_AND_PATH,8,0,8,per_prompt_helmert,0.0044064126335170905,0.0044064126335170905,0.0044064126335170905,0.0044064126335170905,0.0,0.42890625,9.610232395867301,92.91184834570944,0.32161137074920576,480,0.008337773294577609,0.008337773294577609,0.008337773294577609,0.008337773294577609,0.015546752584701158,0.006142118071275049,0.013673295529437926,0.32161137074920576
B5_WORST_GROUP_RANK,1,exact,PROJECTION_AND_NET_DISPLACEMENT,8,0,8,per_prompt_helmert,0.0044064126335170905,0.0044064126335170905,0.0044064126335170905,0.0044064126335170905,0.0,0.42890625,9.610232395867301,92.91184834570944,0.32161137074920576,480,0.008337773294577609,0.008337773294577609,0.008337773294577609,0.008337773294577609,0.015546752584701158,0.006142118071275049,0.013673295529437926,0.32161137074920576
B5_WORST_GROUP_RANK,1,exact,PROJECTION_AND_PATH,16,0,8,per_prompt_helmert,0.010941892953761722,0.01093379799421492,0.010941892953761722,0.01093379799421492,0.00736400462962963,0.2827835648148148,127.20892668739559,563.2676744577017,0.4752272987507571,960,0.02144998208305906,0.021445087893667194,0.02144998208305906,0.021445087893667194,0.040115581072592645,0.013541013773171028,0.0338364607491157,0.47511886731266706
B5_WORST_GROUP_RANK,1,exact,PROJECTION_AND_NET_DISPLACEMENT,16,0,8,per_prompt_helmert,0.010941892953761722,0.01093379799421492,0.010941892953761722,0.01093379799421492,0.00736400462962963,0.2827835648148148,127.20892668739559,563.2676744577017,0.4752272987507571,960,0.02144998208305906,0.021445087893667194,0.02144998208305906,0.021445087893667194,0.040115581072592645,0.013541013773171028,0.0338364607491157,0.47511886731266706
B5_WORST_GROUP_RANK,2,exact,PROJECTION_AND_PATH,1,0,8,per_prompt_helmert,0.00040610692521839283,0.00040610692521839267,0.0004061069252183931,0.00040610692521839267,0.0,0.861111111111111,0.008591304352948786,0.4918481073406968,0.1321642664903743,60,0.0007051113138148624,0.0007051113138148624,0.0007051113138148624,0.0007051113138148624,0.0011112316246873778,0.0003561572593478097,0.0007566967605033395,0.1321642664903743
B5_WORST_GROUP_RANK,2,exact,PROJECTION_AND_NET_DISPLACEMENT,1,0,8,per_prompt_helmert,0.00040610692521839283,0.00040610692521839267,0.0004061069252183931,0.00040610692521839267,0.0,0.861111111111111,0.008591304352948786,0.4918481073406968,0.1321642664903743,60,0.0007051113138148624,0.0007051113138148624,0.0007051113138148624,0.0007051113138148624,0.0011112316246873778,0.0003561572593478097,0.0007566967605033395,0.1321642664903743
B5_WORST_GROUP_RANK,2,exact,PROJECTION_AND_PATH,2,0,8,per_prompt_helmert,0.0006627751718010946,0.0006627751718010944,0.0006627751718010947,0.0006627751718010944,0.0,0.7519675925925926,0.048615328241077206,2.465428886064776,0.140423686792378,120,0.001186041114588416,0.0011860411145884159,0.0011860411145884159,0.0011860411145884159,0.002173854199365444,0.0006290156855759068,0.0013212252010393012,0.140423686792378
B5_WORST_GROUP_RANK,2,exact,PROJECTION_AND_NET_DISPLACEMENT,2,0,8,per_prompt_helmert,0.0006627751718010946,0.0006627751718010944,0.0006627751718010947,0.0006627751718010944,0.0,0.7519675925925926,0.048615328241077206,2.465428886064776,0.140423686792378,120,0.001186041114588416,0.0011860411145884159,0.0011860411145884159,0.0011860411145884159,0.002173854199365444,0.0006290156855759068,0.0013212252010393012,0.140423686792378
B5_WORST_GROUP_RANK,2,exact,PROJECTION_AND_PATH,4,0,8,per_prompt_helmert,0.0014264271484953023,0.0014264271484953019,0.0014264271484953023,0.0014264271484953019,0.0,0.5991319444444444,0.5358904385005661,14.816577127474233,0.19017965758318284,240,0.0027844289429777135,0.0027844289429777135,0.0027844289429777135,0.0027844289429777135,0.005246886516508594,0.0012962471369915164,0.0026772534544685722,0.19017965758318284
B5_WORST_GROUP_RANK,2,exact,PROJECTION_AND_NET_DISPLACEMENT,4,0,8,per_prompt_helmert,0.0014264271484953023,0.0014264271484953019,0.0014264271484953023,0.0014264271484953019,0.0,0.5991319444444444,0.5358904385005661,14.816577127474233,0.19017965758318284,240,0.0027844289429777135,0.0027844289429777135,0.0027844289429777135,0.0027844289429777135,0.005246886516508594,0.0012962471369915164,0.0026772534544685722,0.19017965758318284
B5_WORST_GROUP_RANK,2,exact,PROJECTION_AND_PATH,8,0,8,per_prompt_helmert,0.003590570009951677,0.0035905700099516766,0.003590570009951677,0.0035905700099516766,0.0,0.42890625,6.999445121480191,92.91184834570944,0.27447086848017427,480,0.007115655991958337,0.007115655991958337,0.007115655991958337,0.007115655991958337,0.013797379229754322,0.0037650323811017263,0.007077771476701221,0.27447086848017427
B5_WORST_GROUP_RANK,2,exact,PROJECTION_AND_NET_DISPLACEMENT,8,0,8,per_prompt_helmert,0.003590570009951677,0.0035905700099516766,0.003590570009951677,0.0035905700099516766,0.0,0.42890625,6.999445121480191,92.91184834570944,0.27447086848017427,480,0.007115655991958337,0.007115655991958337,0.007115655991958337,0.007115655991958337,0.013797379229754322,0.0037650323811017263,0.007077771476701221,0.27447086848017427
B5_WORST_GROUP_RANK,2,exact,PROJECTION_AND_PATH,16,0,8,per_prompt_helmert,0.00951618629478358,0.009502738861916183,0.00951618629478358,0.009502738861916183,0.010098379629629629,0.2827835648148148,102.16587416362634,563.2676744577017,0.4258881080972531,960,0.019222995631960095,0.0192126964369231,0.019222995631960095,0.0192126964369231,0.03724689066004627,0.010188297254269256,0.022447012495388125,0.4256599280168323
B5_WORST_GROUP_RANK,2,exact,PROJECTION_AND_NET_DISPLACEMENT,16,0,8,per_prompt_helmert,0.00951618629478358,0.009502738861916183,0.00951618629478358,0.009502738861916183,0.010098379629629629,0.2827835648148148,102.16587416362634,563.2676744577017,0.4258881080972531,960,0.019222995631960095,0.0192126964369231,0.019222995631960095,0.0192126964369231,0.03724689066004627,0.010188297254269256,0.022447012495388125,0.4256599280168323
B5_WORST_GROUP_RANK,4,exact,PROJECTION_AND_PATH,1,0,8,per_prompt_helmert,0.0003896825219545843,0.00038968252195458434,0.0003896825219545843,0.00038968252195458434,0.0,0.861111111111111,0.007859105322110095,0.4918481073406968,0.1264069789823749,60,0.0006743955336227106,0.0006743955336227108,0.0006743955336227103,0.0006743955336227108,0.0010431608436780174,0.0002629225141476104,0.0007400683906879316,0.126406978982375
B5_WORST_GROUP_RANK,4,exact,PROJECTION_AND_NET_DISPLACEMENT,1,0,8,per_prompt_helmert,0.0003896825219545843,0.00038968252195458434,0.0003896825219545843,0.00038968252195458434,0.0,0.861111111111111,0.007859105322110095,0.4918481073406968,0.1264069789823749,60,0.0006743955336227106,0.0006743955336227108,0.0006743955336227103,0.0006743955336227108,0.0010431608436780174,0.0002629225141476104,0.0007400683906879316,0.126406978982375
B5_WORST_GROUP_RANK,4,exact,PROJECTION_AND_PATH,2,0,8,per_prompt_helmert,0.0006384942721322592,0.000638494272132259,0.0006384942721322592,0.000638494272132259,0.0,0.7519675925925926,0.04558815636290467,2.465428886064776,0.13598148341640817,120,0.0011485215481704405,0.0011485215481704405,0.0011485215481704403,0.0011485215481704403,0.002093933424258864,0.00048427283324141185,0.0012100215827790493,0.13598148341640817
B5_WORST_GROUP_RANK,4,exact,PROJECTION_AND_NET_DISPLACEMENT,2,0,8,per_prompt_helmert,0.0006384942721322592,0.000638494272132259,0.0006384942721322592,0.000638494272132259,0.0,0.7519675925925926,0.04558815636290467,2.465428886064776,0.13598148341640817,120,0.0011485215481704405,0.0011485215481704405,0.0011485215481704403,0.0011485215481704403,0.002093933424258864,0.00048427283324141185,0.0012100215827790493,0.13598148341640817
B5_WORST_GROUP_RANK,4,exact,PROJECTION_AND_PATH,4,0,8,per_prompt_helmert,0.0014054376891525437,0.0014054376891525437,0.0014054376891525437,0.0014054376891525437,0.0,0.5991319444444444,0.5238147826823893,14.816577127474233,0.1880247120490356,240,0.0027528782882332873,0.0027528782882332873,0.0027528782882332873,0.0027528782882332873,0.005198888557573078,0.0012206154205262503,0.0025779991040781472,0.1880247120490356
B5_WORST_GROUP_RANK,4,exact,PROJECTION_AND_NET_DISPLACEMENT,4,0,8,per_prompt_helmert,0.0014054376891525437,0.0014054376891525437,0.0014054376891525437,0.0014054376891525437,0.0,0.5991319444444444,0.5238147826823893,14.816577127474233,0.1880247120490356,240,0.0027528782882332873,0.0027528782882332873,0.0027528782882332873,0.0027528782882332873,0.005198888557573078,0.0012206154205262503,0.0025779991040781472,0.1880247120490356
B5_WORST_GROUP_RANK,4,exact,PROJECTION_AND_PATH,8,0,8,per_prompt_helmert,0.00355913153485582,0.00355913153485582,0.00355913153485582,0.00355913153485582,0.0,0.42890625,6.907186883090737,92.91184834570944,0.27265599640627564,480,0.007068605441862498,0.007068605441862499,0.007068605441862498,0.007068605441862498,0.013705299601665983,0.0037274353980907495,0.006924816111427034,0.27265599640627564
B5_WORST_GROUP_RANK,4,exact,PROJECTION_AND_NET_DISPLACEMENT,8,0,8,per_prompt_helmert,0.00355913153485582,0.00355913153485582,0.00355913153485582,0.00355913153485582,0.0,0.42890625,6.907186883090737,92.91184834570944,0.27265599640627564,480,0.007068605441862498,0.007068605441862499,0.007068605441862498,0.007068605441862498,0.013705299601665983,0.0037274353980907495,0.006924816111427034,0.27265599640627564
B5_WORST_GROUP_RANK,4,exact,PROJECTION_AND_PATH,16,0,8,per_prompt_helmert,0.00942458950267446,0.009417531440364831,0.00942458950267446,0.009417531440364831,0.00870949074074074,0.2827835648148148,100.64831314970576,563.2676744577017,0.4227132258472842,960,0.019079693326817537,0.019075298308982972,0.019079693326817537,0.019075298308982972,0.03676497919305756,0.009596799486590374,0.02222628027395175,0.4226158536235969
B5_WORST_GROUP_RANK,4,exact,PROJECTION_AND_NET_DISPLACEMENT,16,0,8,per_prompt_helmert,0.00942458950267446,0.009417531440364831,0.00942458950267446,0.009417531440364831,0.00870949074074074,0.2827835648148148,100.64831314970576,563.2676744577017,0.4227132258472842,960,0.019079693326817537,0.019075298308982972,0.019079693326817537,0.019075298308982972,0.03676497919305756,0.009596799486590374,0.02222628027395175,0.4226158536235969
B5_WORST_GROUP_RANK,8,exact,PROJECTION_AND_PATH,1,0,8,per_prompt_helmert,0.0003884037929380923,0.0003884037929380921,0.0003884037929380921,0.0003884037929380921,0.0,0.861111111111111,0.007865377138192785,0.4918481073406968,0.12645740731894567,60,0.0006746645745034051,0.0006746645745034052,0.0006746645745034048,0.0006746645745034052,0.0010394952088318202,0.00025729774907816254,0.0007346798882545421,0.12645740731894575
B5_WORST_GROUP_RANK,8,exact,PROJECTION_AND_NET_DISPLACEMENT,1,0,8,per_prompt_helmert,0.0003884037929380923,0.0003884037929380921,0.0003884037929380921,0.0003884037929380921,0.0,0.861111111111111,0.007865377138192785,0.4918481073406968,0.12645740731894567,60,0.0006746645745034051,0.0006746645745034052,0.0006746645745034048,0.0006746645745034052,0.0010394952088318202,0.00025729774907816254,0.0007346798882545421,0.12645740731894575
B5_WORST_GROUP_RANK,8,exact,PROJECTION_AND_PATH,2,0,8,per_prompt_helmert,0.0006379917287085942,0.0006379917287085941,0.000637991728708594,0.0006379917287085942,0.0,0.7519675925925926,0.045769329941607886,2.465428886064776,0.13625142001297527,120,0.0011508014762165826,0.0011508014762165828,0.0011508014762165824,0.0011508014762165828,0.0020920570817801174,0.0004812207696338012,0.0011863778237435334,0.1362514200129753
B5_WORST_GROUP_RANK,8,exact,PROJECTION_AND_NET_DISPLACEMENT,2,0,8,per_prompt_helmert,0.0006379917287085942,0.0006379917287085941,0.000637991728708594,0.0006379917287085942,0.0,0.7519675925925926,0.045769329941607886,2.465428886064776,0.13625142001297527,120,0.0011508014762165826,0.0011508014762165828,0.0011508014762165824,0.0011508014762165828,0.0020920570817801174,0.0004812207696338012,0.0011863778237435334,0.1362514200129753
B5_WORST_GROUP_RANK,8,exact,PROJECTION_AND_PATH,4,0,8,per_prompt_helmert,0.0014054057840744638,0.0014054057840744635,0.0014054057840744638,0.0014054057840744635,0.0,0.5991319444444444,0.5246171736243079,14.816577127474233,0.18816866712511088,240,0.0027549859409938737,0.0027549859409938737,0.0027549859409938737,0.0027549859409938737,0.005214785467904192,0.0012370199250526716,0.002555012102241157,0.18816866712511088
B5_WORST_GROUP_RANK,8,exact,PROJECTION_AND_NET_DISPLACEMENT,4,0,8,per_prompt_helmert,0.0014054057840744638,0.0014054057840744635,0.0014054057840744638,0.0014054057840744635,0.0,0.5991319444444444,0.5246171736243079,14.816577127474233,0.18816866712511088,240,0.0027549859409938737,0.0027549859409938737,0.0027549859409938737,0.0027549859409938737,0.005214785467904192,0.0012370199250526716,0.002555012102241157,0.18816866712511088
B5_WORST_GROUP_RANK,8,exact,PROJECTION_AND_PATH,8,0,8,per_prompt_helmert,0.0035490035553940274,0.003549003555394027,0.0035490035553940274,0.003549003555394027,0.0,0.42890625,6.8565057261846265,92.91184834570944,0.2716538544937713,480,0.007042624917430198,0.007042624917430198,0.007042624917430198,0.007042624917430198,0.013626995788450101,0.003595016399035247,0.006863691399901447,0.2716538544937713
B5_WORST_GROUP_RANK,8,exact,PROJECTION_AND_NET_DISPLACEMENT,8,0,8,per_prompt_helmert,0.0035490035553940274,0.003549003555394027,0.0035490035553940274,0.003549003555394027,0.0,0.42890625,6.8565057261846265,92.91184834570944,0.2716538544937713,480,0.007042624917430198,0.007042624917430198,0.007042624917430198,0.007042624917430198,0.013626995788450101,0.003595016399035247,0.006863691399901447,0.2716538544937713
B5_WORST_GROUP_RANK,8,exact,PROJECTION_AND_PATH,16,0,8,per_prompt_helmert,0.009423252916595777,0.009415638790148635,0.009423252916595777,0.009415638790148635,0.00953414351851852,0.2827835648148148,100.64215139447721,563.2676744577017,0.4227002862598539,960,0.019079109282257655,0.01907439714286222,0.019079109282257655,0.01907439714286222,0.03674223879540912,0.009618236853811439,0.022166791294620746,0.4225958881644355
B5_WORST_GROUP_RANK,8,exact,PROJECTION_AND_NET_DISPLACEMENT,16,0,8,per_prompt_helmert,0.009423252916595777,0.009415638790148635,0.009423252916595777,0.009415638790148635,0.00953414351851852,0.2827835648148148,100.64215139447721,563.2676744577017,0.4227002862598539,960,0.019079109282257655,0.01907439714286222,0.019079109282257655,0.01907439714286222,0.03674223879540912,0.009618236853811439,0.022166791294620746,0.4225958881644355
B5_WORST_GROUP_RANK,16,exact,PROJECTION_AND_PATH,1,0,8,per_prompt_helmert,0.00038817147551842464,0.0003881714755184247,0.0003881714755184245,0.0003881714755184247,0.0,0.861111111111111,0.007854011314068784,0.4918481073406968,0.12636600596341294,60,0.0006741769379311637,0.000674176937931164,0.0006741769379311635,0.000674176937931164,0.0010385590162213642,0.0002651378789156505,0.0007338340518361085,0.12636600596341302
B5_WORST_GROUP_RANK,16,exact,PROJECTION_AND_NET_DISPLACEMENT,1,0,8,per_prompt_helmert,0.00038817147551842464,0.0003881714755184247,0.0003881714755184245,0.0003881714755184247,0.0,0.861111111111111,0.007854011314068784,0.4918481073406968,0.12636600596341294,60,0.0006741769379311637,0.000674176937931164,0.0006741769379311635,0.000674176937931164,0.0010385590162213642,0.0002651378789156505,0.0007338340518361085,0.12636600596341302
B5_WORST_GROUP_RANK,16,exact,PROJECTION_AND_PATH,2,0,8,per_prompt_helmert,0.0006377731159155925,0.0006377731159155923,0.0006377731159155923,0.0006377731159155923,0.0,0.7519675925925926,0.045704644253222286,2.465428886064776,0.13615510406142486,120,0.0011499879761501844,0.0011499879761501844,0.0011499879761501842,0.0011499879761501844,0.002092176853658242,0.0004820947687468834,0.0011848046153043732,0.1361551040614249
B5_WORST_GROUP_RANK,16,exact,PROJECTION_AND_NET_DISPLACEMENT,2,0,8,per_prompt_helmert,0.0006377731159155925,0.0006377731159155923,0.0006377731159155923,0.0006377731159155923,0.0,0.7519675925925926,0.045704644253222286,2.465428886064776,0.13615510406142486,120,0.0011499879761501844,0.0011499879761501844,0.0011499879761501842,0.0011499879761501844,0.002092176853658242,0.0004820947687468834,0.0011848046153043732,0.1361551040614249
B5_WORST_GROUP_RANK,16,exact,PROJECTION_AND_PATH,4,0,8,per_prompt_helmert,0.0014052735514359415,0.0014052735514359412,0.0014052735514359412,0.0014052735514359412,0.0,0.5991319444444444,0.5244082091476989,14.816577127474233,0.1881311879066257,240,0.0027544372060658777,0.0027544372060658777,0.0027544372060658772,0.0027544372060658777,0.005207264667477108,0.001243113748874843,0.0025478259477689892,0.18813118790662572
B5_WORST_GROUP_RANK,16,exact,PROJECTION_AND_NET_DISPLACEMENT,4,0,8,per_prompt_helmert,0.0014052735514359415,0.0014052735514359412,0.0014052735514359412,0.0014052735514359412,0.0,0.5991319444444444,0.5244082091476989,14.816577127474233,0.1881311879066257,240,0.0027544372060658777,0.0027544372060658777,0.0027544372060658772,0.0027544372060658777,0.005207264667477108,0.001243113748874843,0.0025478259477689892,0.18813118790662572
B5_WORST_GROUP_RANK,16,exact,PROJECTION_AND_PATH,8,0,8,per_prompt_helmert,0.0035485368452182133,0.0035485368452182133,0.0035485368452182133,0.0035485368452182133,0.0,0.42890625,6.856297319352969,92.91184834570944,0.2716497259367776,480,0.007042517884609291,0.007042517884609291,0.007042517884609291,0.007042517884609291,0.013634820206556783,0.003600750955287122,0.006855963684068246,0.2716497259367776
B5_WORST_GROUP_RANK,16,exact,PROJECTION_AND_NET_DISPLACEMENT,8,0,8,per_prompt_helmert,0.0035485368452182133,0.0035485368452182133,0.0035485368452182133,0.0035485368452182133,0.0,0.42890625,6.856297319352969,92.91184834570944,0.2716497259367776,480,0.007042517884609291,0.007042517884609291,0.007042517884609291,0.007042517884609291,0.013634820206556783,0.003600750955287122,0.006855963684068246,0.2716497259367776
B5_WORST_GROUP_RANK,16,exact,PROJECTION_AND_PATH,16,0,8,per_prompt_helmert,0.009423156975909282,0.009415542563158154,0.009423156975909282,0.009415542563158153,0.009505208333333333,0.2827835648148148,100.68002956106191,563.2676744577017,0.42277982353829585,960,0.019082699297397778,0.019077955459113654,0.019082699297397778,0.019077955459113654,0.03677077330842203,0.009632527854587018,0.022142541105198824,0.4226747231496454
B5_WORST_GROUP_RANK,16,exact,PROJECTION_AND_NET_DISPLACEMENT,16,0,8,per_prompt_helmert,0.009423156975909282,0.009415542563158154,0.009423156975909282,0.009415542563158153,0.009505208333333333,0.2827835648148148,100.68002956106191,563.2676744577017,0.42277982353829585,960,0.019082699297397778,0.019077955459113654,0.019082699297397778,0.019077955459113654,0.03677077330842203,0.009632527854587018,0.022142541105198824,0.4226747231496454
B5_WORST_GROUP_RANK,FULL,exact,PROJECTION_AND_PATH,1,0,8,per_prompt_helmert,0.00038818885073933367,0.00038818885073933394,0.00038818885073933356,0.0003881888507393339,0.0,0.861111111111111,0.007854462647199157,0.4918481073406968,0.12636963674158663,60,0.0006741963085434799,0.0006741963085434802,0.0006741963085434798,0.0006741963085434802,0.0010386037914468804,0.00026513374124812947,0.0007338464646257176,0.12636963674158674
B5_WORST_GROUP_RANK,FULL,exact,PROJECTION_AND_NET_DISPLACEMENT,1,0,8,per_prompt_helmert,0.00038818885073933367,0.00038818885073933394,0.00038818885073933356,0.0003881888507393339,0.0,0.861111111111111,0.007854462647199157,0.4918481073406968,0.12636963674158663,60,0.0006741963085434799,0.0006741963085434802,0.0006741963085434798,0.0006741963085434802,0.0010386037914468804,0.00026513374124812947,0.0007338464646257176,0.12636963674158674
B5_WORST_GROUP_RANK,FULL,exact,PROJECTION_AND_PATH,2,0,8,per_prompt_helmert,0.0006378012586071033,0.0006378012586071034,0.0006378012586071033,0.0006378012586071033,0.0,0.7519675925925926,0.04570711222696831,2.465428886064776,0.1361587800848531,120,0.0011500190244371482,0.0011500190244371482,0.0011500190244371482,0.0011500190244371482,0.0020922328937025875,0.0004820947687468834,0.0011847873750741166,0.1361587800848531
B5_WORST_GROUP_RANK,FULL,exact,PROJECTION_AND_NET_DISPLACEMENT,2,0,8,per_prompt_helmert,0.0006378012586071033,0.0006378012586071034,0.0006378012586071033,0.0006378012586071033,0.0,0.7519675925925926,0.04570711222696831,2.465428886064776,0.1361587800848531,120,0.0011500190244371482,0.0011500190244371482,0.0011500190244371482,0.0011500190244371482,0.0020922328937025875,0.0004820947687468834,0.0011847873750741166,0.1361587800848531
B5_WORST_GROUP_RANK,FULL,exact,PROJECTION_AND_PATH,4,0,8,per_prompt_helmert,0.0014053223934303266,0.0014053223934303264,0.0014053223934303266,0.0014053223934303264,0.0,0.5991319444444444,0.5244296734316034,14.816577127474233,0.1881350380178926,240,0.00275449357571856,0.00275449357571856,0.00275449357571856,0.00275449357571856,0.0052075733249056545,0.0012433001529827668,0.0025479040896417273,0.1881350380178926
B5_WORST_GROUP_RANK,FULL,exact,PROJECTION_AND_NET_DISPLACEMENT,4,0,8,per_prompt_helmert,0.0014053223934303266,0.0014053223934303264,0.0014053223934303266,0.0014053223934303264,0.0,0.5991319444444444,0.5244296734316034,14.816577127474233,0.1881350380178926,240,0.00275449357571856,0.00275449357571856,0.00275449357571856,0.00275449357571856,0.0052075733249056545,0.0012433001529827668,0.0025479040896417273,0.1881350380178926
B5_WORST_GROUP_RANK,FULL,exact,PROJECTION_AND_PATH,8,0,8,per_prompt_helmert,0.003548627116706742,0.003548627116706742,0.0035486271167067423,0.003548627116706742,0.0,0.42890625,6.856517499780686,92.91184834570944,0.27165408772783434,480,0.0070426309640222,0.0070426309640222,0.0070426309640222,0.0070426309640222,0.013635027549146167,0.0036014729501679934,0.006855852684147331,0.27165408772783434
B5_WORST_GROUP_RANK,FULL,exact,PROJECTION_AND_NET_DISPLACEMENT,8,0,8,per_prompt_helmert,0.003548627116706742,0.003548627116706742,0.0035486271167067423,0.003548627116706742,0.0,0.42890625,6.856517499780686,92.91184834570944,0.27165408772783434,480,0.0070426309640222,0.0070426309640222,0.0070426309640222,0.0070426309640222,0.013635027549146167,0.0036014729501679934,0.006855852684147331,0.27165408772783434
B5_WORST_GROUP_RANK,FULL,exact,PROJECTION_AND_PATH,16,0,8,per_prompt_helmert,0.00942333772086785,0.009415723297818217,0.00942333772086785,0.009415723297818217,0.009505208333333333,0.2827835648148148,100.68342454087521,563.2676744577017,0.42278695164936636,960,0.01908302103365988,0.01907827726115528,0.01908302103365988,0.01907827726115528,0.0367705881909294,0.009633663644203639,0.02214237626534076,0.42268185271807024
B5_WORST_GROUP_RANK,FULL,exact,PROJECTION_AND_NET_DISPLACEMENT,16,0,8,per_prompt_helmert,0.00942333772086785,0.009415723297818217,0.00942333772086785,0.009415723297818217,0.009505208333333333,0.2827835648148148,100.68342454087521,563.2676744577017,0.42278695164936636,960,0.01908302103365988,0.01907827726115528,0.01908302103365988,0.01907827726115528,0.0367705881909294,0.009633663644203639,0.02214237626534076,0.42268185271807024
B5_WORST_GROUP_RANK,0,64,PROJECTION_AND_PATH,1,0,8,per_prompt_helmert,0.031307367422761,0.031307367422761,0.0033642334692082962,0.0033642334692082962,0.0,0.861111111111111,0.4918481073406968,0.4918481073406968,1.0,60,0.04151368571044104,0.04151368571044104,0.00533511313261226,0.00533511313261226,0.08312617927413979,0.0024693497204108005,0.006926911312658642,1.0
B5_WORST_GROUP_RANK,0,64,PROJECTION_AND_NET_DISPLACEMENT,1,0,8,per_prompt_helmert,0.031307367422761,0.031307367422761,0.0033642334692082962,0.0033642334692082962,0.0,0.861111111111111,0.4918481073406968,0.4918481073406968,1.0,60,0.04151368571044104,0.04151368571044104,0.00533511313261226,0.00533511313261226,0.08312617927413979,0.0024693497204108005,0.006926911312658642,1.0
B5_WORST_GROUP_RANK,0,64,PROJECTION_AND_PATH,2,0,8,per_prompt_helmert,0.03156758273302089,0.03156758273302089,0.005034320372816898,0.005034320372816898,0.0,0.7519675925925926,2.465428886064776,2.465428886064776,1.0,120,0.04196041119147702,0.04196041119147702,0.008446161339874412,0.008446161339874412,0.08472050993542904,0.003959418605426357,0.01231601116383492,1.0
B5_WORST_GROUP_RANK,0,64,PROJECTION_AND_NET_DISPLACEMENT,2,0,8,per_prompt_helmert,0.03156758273302089,0.03156758273302089,0.005034320372816898,0.005034320372816898,0.0,0.7519675925925926,2.465428886064776,2.465428886064776,1.0,120,0.04196041119147702,0.04196041119147702,0.008446161339874412,0.008446161339874412,0.08472050993542904,0.003959418605426357,0.01231601116383492,1.0
B5_WORST_GROUP_RANK,0,64,PROJECTION_AND_PATH,4,0,8,per_prompt_helmert,0.032483066228709556,0.032483066228709556,0.008389477989398026,0.008389477989398026,0.0,0.5991319444444444,14.816577127474233,14.816577127474233,1.0,240,0.04352946112505478,0.04352946112505478,0.014641045095792275,0.014641045095792275,0.08828446876883873,0.007461223234952057,0.020069429359712128,1.0
B5_WORST_GROUP_RANK,0,64,PROJECTION_AND_NET_DISPLACEMENT,4,0,8,per_prompt_helmert,0.032483066228709556,0.032483066228709556,0.008389477989398026,0.008389477989398026,0.0,0.5991319444444444,14.816577127474233,14.816577127474233,1.0,240,0.04352946112505478,0.04352946112505478,0.014641045095792275,0.014641045095792275,0.08828446876883873,0.007461223234952057,0.020069429359712128,1.0
B5_WORST_GROUP_RANK,0,64,PROJECTION_AND_PATH,8,0,8,per_prompt_helmert,0.03528882099744539,0.03528882099744539,0.014685212990284373,0.014685212990284373,0.0,0.42890625,92.91184834570944,92.91184834570944,1.0,480,0.04835288069996618,0.04835288069996618,0.025924995360563446,0.025924995360563446,0.09766983239181212,0.01361621754488682,0.03488298395834241,1.0
B5_WORST_GROUP_RANK,0,64,PROJECTION_AND_NET_DISPLACEMENT,8,0,8,per_prompt_helmert,0.03528882099744539,0.03528882099744539,0.014685212990284373,0.014685212990284373,0.0,0.42890625,92.91184834570944,92.91184834570944,1.0,480,0.04835288069996618,0.04835288069996618,0.025924995360563446,0.025924995360563446,0.09766983239181212,0.01361621754488682,0.03488298395834241,1.0
B5_WORST_GROUP_RANK,0,64,PROJECTION_AND_PATH,16,0,8,per_prompt_helmert,0.042220497906748915,0.042220497906748915,0.02578795374455149,0.02578795374455149,0.0,0.2827835648148148,563.2676744577017,563.2676744577017,1.0,960,0.06061679331092375,0.06061679331092375,0.04513625824830604,0.04513625824830604,0.12167406416384961,0.026053725492568663,0.05271559942965776,1.0
B5_WORST_GROUP_RANK,0,64,PROJECTION_AND_NET_DISPLACEMENT,16,0,8,per_prompt_helmert,0.042220497906748915,0.042220497906748915,0.02578795374455149,0.02578795374455149,0.0,0.2827835648148148,563.2676744577017,563.2676744577017,1.0,960,0.06061679331092375,0.06061679331092375,0.04513625824830604,0.04513625824830604,0.12167406416384961,0.026053725492568663,0.05271559942965776,1.0
B5_WORST_GROUP_RANK,1,64,PROJECTION_AND_PATH,1,0,8,per_prompt_helmert,0.020371437227195636,0.020346231702843418,0.01988652741827183,0.019865784839780975,0.015046296296296295,0.861111111111111,15.937023579968377,0.4918481073406968,5.6923042571076,60,0.029157502986588653,0.029125956795684818,0.030369087196919435,0.030350320892282664,0.05408936117739881,0.016725034388018103,0.012406835328747782,5.688786748824214
B5_WORST_GROUP_RANK,1,64,PROJECTION_AND_NET_DISPLACEMENT,1,0,8,per_prompt_helmert,0.020371437227195636,0.020346231702843418,0.01988652741827183,0.019865784839780975,0.015046296296296295,0.861111111111111,15.937023579968377,0.4918481073406968,5.6923042571076,60,0.029157502986588653,0.029125956795684818,0.030369087196919435,0.030350320892282664,0.05408936117739881,0.016725034388018103,0.012406835328747782,5.688786748824214
B5_WORST_GROUP_RANK,1,64,PROJECTION_AND_PATH,2,0,8,per_prompt_helmert,0.02413704728500797,0.023839255548238184,0.028699628162795386,0.0284064970784364,0.053703703703703705,0.7519675925925926,72.0072454975861,2.465428886064776,5.404329986469132,120,0.03495239566465645,0.03435752455122589,0.04564584299963958,0.04496809933981284,0.0692398397202187,0.022923927256648526,0.023768637095689188,5.324087183549051
B5_WORST_GROUP_RANK,1,64,PROJECTION_AND_NET_DISPLACEMENT,2,0,8,per_prompt_helmert,0.02413704728500797,0.023839255548238184,0.028699628162795386,0.0284064970784364,0.053703703703703705,0.7519675925925926,72.0072454975861,2.465428886064776,5.404329986469132,120,0.03495239566465645,0.03435752455122589,0.04564584299963958,0.04496809933981284,0.0692398397202187,0.022923927256648526,0.023768637095689188,5.324087183549051
B5_WORST_GROUP_RANK,1,64,PROJECTION_AND_PATH,4,0,8,per_prompt_helmert,0.03648385655917586,0.034165583087873784,0.04624482739095562,0.043882049945768484,0.1304976851851852,0.5991319444444444,414.22755600583554,14.816577127474233,5.287441193100072,240,0.05993347606094443,0.054117696971524784,0.07741366494952787,0.07148660679561251,0.11374826037741324,0.042550406784066415,0.037209314082470704,4.882616393016726
B5_WORST_GROUP_RANK,1,64,PROJECTION_AND_NET_DISPLACEMENT,4,0,8,per_prompt_helmert,0.03648385655917586,0.034165583087873784,0.04624482739095562,0.043882049945768484,0.1304976851851852,0.5991319444444444,414.22755600583554,14.816577127474233,5.287441193100072,240,0.05993347606094443,0.054117696971524784,0.07741366494952787,0.07148660679561251,0.11374826037741324,0.042550406784066415,0.037209314082470704,4.882616393016726
B5_WORST_GROUP_RANK,1,64,PROJECTION_AND_PATH,8,0,8,per_prompt_helmert,0.06547035785183723,0.05533353316593712,0.07726864599473746,0.06701873443625961,0.2600115740740741,0.42890625,2542.411758851559,92.91184834570944,5.2310322118155845,480,0.11716926950055288,0.09333817753310411,0.13561448582227698,0.1117782544290878,0.21664506892683202,0.07842419115430817,0.06012860817162923,4.31160171388584
B5_WORST_GROUP_RANK,1,64,PROJECTION_AND_NET_DISPLACEMENT,8,0,8,per_prompt_helmert,0.06547035785183723,0.05533353316593712,0.07726864599473746,0.06701873443625961,0.2600115740740741,0.42890625,2542.411758851559,92.91184834570944,5.2310322118155845,480,0.11716926950055288,0.09333817753310411,0.13561448582227698,0.1117782544290878,0.21664506892683202,0.07842419115430817,0.06012860817162923,4.31160171388584
B5_WORST_GROUP_RANK,1,64,PROJECTION_AND_PATH,16,0,8,per_prompt_helmert,0.12278379093338147,0.08837405099298296,0.13415799481126572,0.09961281358419521,0.4277488425925926,0.2827835648148148,15063.008500072649,563.2676744577017,5.171284681565155,960,0.21785705557850094,0.14865231631736248,0.2334124408626339,0.16457903276355174,0.4177951569259433,0.1422328592594607,0.09365677458020238,3.6462710723197436
B5_WORST_GROUP_RANK,1,64,PROJECTION_AND_NET_DISPLACEMENT,16,0,8,per_prompt_helmert,0.12278379093338147,0.08837405099298296,0.13415799481126572,0.09961281358419521,0.4277488425925926,0.2827835648148148,15063.008500072649,563.2676744577017,5.171284681565155,960,0.21785705557850094,0.14865231631736248,0.2334124408626339,0.16457903276355174,0.4177951569259433,0.1422328592594607,0.09365677458020238,3.6462710723197436
B5_WORST_GROUP_RANK,2,64,PROJECTION_AND_PATH,1,0,8,per_prompt_helmert,0.017292685888945766,0.017149817295049625,0.027289319730523443,0.02715374910081879,0.035416666666666666,0.861111111111111,25.817645475875537,0.4918481073406968,7.245073808279149,60,0.025309486937634573,0.024946997285059877,0.03865328842129521,0.03842163029676778,0.046453206807668894,0.019224421654144536,0.015491113692507122,7.2016524001910325
B5_WORST_GROUP_RANK,2,64,PROJECTION_AND_NET_DISPLACEMENT,1,0,8,per_prompt_helmert,0.017292685888945766,0.017149817295049625,0.027289319730523443,0.02715374910081879,0.035416666666666666,0.861111111111111,25.817645475875537,0.4918481073406968,7.245073808279149,60,0.025309486937634573,0.024946997285059877,0.03865328842129521,0.03842163029676778,0.046453206807668894,0.019224421654144536,0.015491113692507122,7.2016524001910325
B5_WORST_GROUP_RANK,2,64,PROJECTION_AND_PATH,2,0,8,per_prompt_helmert,0.024832778528964466,0.02410031525314561,0.03921163501774579,0.038477082043331105,0.08703703703703704,0.7519675925925926,116.59511869127267,2.465428886064776,6.876919560213157,120,0.03764822914805639,0.03584953551151923,0.058083572126898506,0.056580395646083206,0.07493103437708143,0.029867506644367263,0.027113420088999272,6.698948003629364
B5_WORST_GROUP_RANK,2,64,PROJECTION_AND_NET_DISPLACEMENT,2,0,8,per_prompt_helmert,0.024832778528964466,0.02410031525314561,0.03921163501774579,0.038477082043331105,0.08703703703703704,0.7519675925925926,116.59511869127267,2.465428886064776,6.876919560213157,120,0.03764822914805639,0.03584953551151923,0.058083572126898506,0.056580395646083206,0.07493103437708143,0.029867506644367263,0.027113420088999272,6.698948003629364
B5_WORST_GROUP_RANK,2,64,PROJECTION_AND_PATH,4,0,8,per_prompt_helmert,0.0445135183042959,0.04030507784392059,0.062242401193180384,0.057955055297199416,0.20358796296296297,0.5991319444444444,651.7200423824034,14.816577127474233,6.6321844420226475,240,0.07328883214642463,0.06439804891250829,0.09710211149926551,0.08850411646732771,0.14455093312050357,0.05011787242555505,0.04459384779730373,6.044931621224438
B5_WORST_GROUP_RANK,2,64,PROJECTION_AND_NET_DISPLACEMENT,4,0,8,per_prompt_helmert,0.0445135183042959,0.04030507784392059,0.062242401193180384,0.057955055297199416,0.20358796296296297,0.5991319444444444,651.7200423824034,14.816577127474233,6.6321844420226475,240,0.07328883214642463,0.06439804891250829,0.09710211149926551,0.08850411646732771,0.14455093312050357,0.05011787242555505,0.04459384779730373,6.044931621224438
B5_WORST_GROUP_RANK,2,64,PROJECTION_AND_PATH,8,0,8,per_prompt_helmert,0.08296690005854934,0.066983714899188,0.10166395395305854,0.08545196518343062,0.3661747685185185,0.42890625,3695.968045057088,92.91184834570944,6.3070831115153325,480,0.1399912298486917,0.10897259739191506,0.16351110040472305,0.1326656897934294,0.2758729588018485,0.08772386110149506,0.0733602342965059,5.117288853800054
B5_WORST_GROUP_RANK,2,64,PROJECTION_AND_NET_DISPLACEMENT,8,0,8,per_prompt_helmert,0.08296690005854934,0.066983714899188,0.10166395395305854,0.08545196518343062,0.3661747685185185,0.42890625,3695.968045057088,92.91184834570944,6.3070831115153325,480,0.1399912298486917,0.10897259739191506,0.16351110040472305,0.1326656897934294,0.2758729588018485,0.08772386110149506,0.0733602342965059,5.117288853800054
B5_WORST_GROUP_RANK,2,64,PROJECTION_AND_PATH,16,0,8,per_prompt_helmert,0.15747432875470696,0.10656272047564228,0.17468959418388186,0.12343477901629016,0.5504484953703703,0.2827835648148148,21422.19993258394,563.2676744577017,6.167009537497216,960,0.25778030064477464,0.16992866007684299,0.2783557351042407,0.19029760262611453,0.5280777218392108,0.16214777424610266,0.11785997142576699,4.2160695195255
B5_WORST_GROUP_RANK,2,64,PROJECTION_AND_NET_DISPLACEMENT,16,0,8,per_prompt_helmert,0.15747432875470696,0.10656272047564228,0.17468959418388186,0.12343477901629016,0.5504484953703703,0.2827835648148148,21422.19993258394,563.2676744577017,6.167009537497216,960,0.25778030064477464,0.16992866007684299,0.2783557351042407,0.19029760262611453,0.5280777218392108,0.16214777424610266,0.11785997142576699,4.2160695195255
B5_WORST_GROUP_RANK,4,64,PROJECTION_AND_PATH,1,0,8,per_prompt_helmert,0.015866753758266534,0.015738225856152376,0.0314575463756908,0.031328944276079136,0.03611111111111111,0.861111111111111,31.8875972601905,0.4918481073406968,8.051844811614204,60,0.02259062148479109,0.02223953641193333,0.04295750299619883,0.0427121607054155,0.042459174369148193,0.01978679781518331,0.018423360499953245,8.005858478300368
B5_WORST_GROUP_RANK,4,64,PROJECTION_AND_NET_DISPLACEMENT,1,0,8,per_prompt_helmert,0.015866753758266534,0.015738225856152376,0.0314575463756908,0.031328944276079136,0.03611111111111111,0.861111111111111,31.8875972601905,0.4918481073406968,8.051844811614204,60,0.02259062148479109,0.02223953641193333,0.04295750299619883,0.0427121607054155,0.042459174369148193,0.01978679781518331,0.018423360499953245,8.005858478300368
B5_WORST_GROUP_RANK,4,64,PROJECTION_AND_PATH,2,0,8,per_prompt_helmert,0.025865018631632486,0.02505222879525025,0.045457679716532494,0.04463750151298737,0.10381944444444445,0.7519675925925926,146.05662554548007,2.465428886064776,7.696874251147047,120,0.03945389034147395,0.037553059257179215,0.065009041737913,0.06339796216985126,0.08028365917088154,0.0389746537264619,0.029390573879729515,7.50612729483971
B5_WORST_GROUP_RANK,4,64,PROJECTION_AND_NET_DISPLACEMENT,2,0,8,per_prompt_helmert,0.025865018631632486,0.02505222879525025,0.045457679716532494,0.04463750151298737,0.10381944444444445,0.7519675925925926,146.05662554548007,2.465428886064776,7.696874251147047,120,0.03945389034147395,0.037553059257179215,0.065009041737913,0.06339796216985126,0.08028365917088154,0.0389746537264619,0.029390573879729515,7.50612729483971
B5_WORST_GROUP_RANK,4,64,PROJECTION_AND_PATH,4,0,8,per_prompt_helmert,0.05075615058414915,0.0456652368564222,0.07292272110421245,0.06771390520642437,0.2597800925925926,0.5991319444444444,811.3886584712363,14.816577127474233,7.400150008373173,240,0.08089070732234521,0.071445942420523,0.10834592998821922,0.0990776979090587,0.16853551909738498,0.05954365219954743,0.048800108189006784,6.767119236422055
B5_WORST_GROUP_RANK,4,64,PROJECTION_AND_NET_DISPLACEMENT,4,0,8,per_prompt_helmert,0.05075615058414915,0.0456652368564222,0.07292272110421245,0.06771390520642437,0.2597800925925926,0.5991319444444444,811.3886584712363,14.816577127474233,7.400150008373173,240,0.08089070732234521,0.071445942420523,0.10834592998821922,0.0990776979090587,0.16853551909738498,0.05954365219954743,0.048800108189006784,6.767119236422055
B5_WORST_GROUP_RANK,4,64,PROJECTION_AND_PATH,8,0,8,per_prompt_helmert,0.10072066387710939,0.07861957785182813,0.12336546539206518,0.10084560294805071,0.461255787037037,0.42890625,4921.790740741953,92.91184834570944,7.278234137709219,480,0.16196093759011365,0.12354662786727076,0.18868818625320596,0.1500525436114395,0.3383121335587704,0.10393351217617385,0.08427757110852292,5.787948716075617
B5_WORST_GROUP_RANK,4,64,PROJECTION_AND_NET_DISPLACEMENT,8,0,8,per_prompt_helmert,0.10072066387710939,0.07861957785182813,0.12336546539206518,0.10084560294805071,0.461255787037037,0.42890625,4921.790740741953,92.91184834570944,7.278234137709219,480,0.16196093759011365,0.12354662786727076,0.18868818625320596,0.1500525436114395,0.3383121335587704,0.10393351217617385,0.08427757110852292,5.787948716075617
B5_WORST_GROUP_RANK,4,64,PROJECTION_AND_PATH,16,0,8,per_prompt_helmert,0.18823703762183525,0.12150280323216157,0.20932032240873036,0.14193841105429292,0.6381799768518519,0.2827835648148148,28491.601184886513,563.2676744577017,7.1121517464379975,960,0.29714342752095757,0.18827251327165703,0.3210159179283663,0.21145196833782084,0.6230141091245965,0.18540648392432119,0.14535392838954217,4.684747396972292
B5_WORST_GROUP_RANK,4,64,PROJECTION_AND_NET_DISPLACEMENT,16,0,8,per_prompt_helmert,0.18823703762183525,0.12150280323216157,0.20932032240873036,0.14193841105429292,0.6381799768518519,0.2827835648148148,28491.601184886513,563.2676744577017,7.1121517464379975,960,0.29714342752095757,0.18827251327165703,0.3210159179283663,0.21145196833782084,0.6230141091245965,0.18540648392432119,0.14535392838954217,4.684747396972292
B5_WORST_GROUP_RANK,8,64,PROJECTION_AND_PATH,1,0,8,per_prompt_helmert,0.013451444883546654,0.013425605741440857,0.03277042825536352,0.03274994840360792,0.022916666666666665,0.861111111111111,32.87699436436143,0.4918481073406968,8.17580550297228,60,0.018278293965411044,0.01824940584323523,0.04361884730859099,0.04361193517826794,0.03578903214368389,0.02063881206887631,0.019353027923441755,8.174509910891803
B5_WORST_GROUP_RANK,8,64,PROJECTION_AND_NET_DISPLACEMENT,1,0,8,per_prompt_helmert,0.013451444883546654,0.013425605741440857,0.03277042825536352,0.03274994840360792,0.022916666666666665,0.861111111111111,32.87699436436143,0.4918481073406968,8.17580550297228,60,0.018278293965411044,0.01824940584323523,0.04361884730859099,0.04361193517826794,0.03578903214368389,0.02063881206887631,0.019353027923441755,8.174509910891803
B5_WORST_GROUP_RANK,8,64,PROJECTION_AND_PATH,2,0,8,per_prompt_helmert,0.02535561495998909,0.024891886371131263,0.04790660783203441,0.047428489195211324,0.09837962962962962,0.7519675925925926,154.51478710934947,2.465428886064776,7.9166014926932755,120,0.03747740483689419,0.0367571797518519,0.06686489347077801,0.0661588694285437,0.08049849342187824,0.035803571467523054,0.02954282763078887,7.833010377886936
B5_WORST_GROUP_RANK,8,64,PROJECTION_AND_NET_DISPLACEMENT,2,0,8,per_prompt_helmert,0.02535561495998909,0.024891886371131263,0.04790660783203441,0.047428489195211324,0.09837962962962962,0.7519675925925926,154.51478710934947,2.465428886064776,7.9166014926932755,120,0.03747740483689419,0.0367571797518519,0.06686489347077801,0.0661588694285437,0.08049849342187824,0.035803571467523054,0.02954282763078887,7.833010377886936
B5_WORST_GROUP_RANK,8,64,PROJECTION_AND_PATH,4,0,8,per_prompt_helmert,0.052204367434272654,0.04750187439464369,0.07661987334813275,0.07177207157559075,0.281712962962963,0.5991319444444444,852.4478061488227,14.816577127474233,7.585076332373218,240,0.08062197955915766,0.07290215764558246,0.11105344463730296,0.1031380706110337,0.17310307660458116,0.06431087028727464,0.055404728172328735,7.0444473011475655
B5_WORST_GROUP_RANK,8,64,PROJECTION_AND_NET_DISPLACEMENT,4,0,8,per_prompt_helmert,0.052204367434272654,0.04750187439464369,0.07661987334813275,0.07177207157559075,0.281712962962963,0.5991319444444444,852.4478061488227,14.816577127474233,7.585076332373218,240,0.08062197955915766,0.07290215764558246,0.11105344463730296,0.1031380706110337,0.17310307660458116,0.06431087028727464,0.055404728172328735,7.0444473011475655
B5_WORST_GROUP_RANK,8,64,PROJECTION_AND_PATH,8,0,8,per_prompt_helmert,0.10318326707876503,0.08146376510121403,0.12812683576581624,0.10591298243186682,0.4888888888888889,0.42890625,4995.281423479522,92.91184834570944,7.332370987267558,480,0.16016198815137286,0.1258553711453659,0.19009168382684147,0.15492475195105118,0.34154316748313057,0.10819747484912184,0.09222153716362716,5.975883497619423
B5_WORST_GROUP_RANK,8,64,PROJECTION_AND_NET_DISPLACEMENT,8,0,8,per_prompt_helmert,0.10318326707876503,0.08146376510121403,0.12812683576581624,0.10591298243186682,0.4888888888888889,0.42890625,4995.281423479522,92.91184834570944,7.332370987267558,480,0.16016198815137286,0.1258553711453659,0.19009168382684147,0.15492475195105118,0.34154316748313057,0.10819747484912184,0.09222153716362716,5.975883497619423
B5_WORST_GROUP_RANK,8,64,PROJECTION_AND_PATH,16,0,8,per_prompt_helmert,0.1884185666607289,0.12329928402809237,0.21264967045564068,0.1466493781241075,0.6615596064814814,0.2827835648148148,28031.69520895531,563.2676744577017,7.054516720340734,960,0.2899436174233926,0.1886377296613867,0.31841448850629234,0.2153798700666467,0.6123786901663916,0.18778978531252463,0.15161008289065125,4.771770599188511
B5_WORST_GROUP_RANK,8,64,PROJECTION_AND_NET_DISPLACEMENT,16,0,8,per_prompt_helmert,0.1884185666607289,0.12329928402809237,0.21264967045564068,0.1466493781241075,0.6615596064814814,0.2827835648148148,28031.69520895531,563.2676744577017,7.054516720340734,960,0.2899436174233926,0.1886377296613867,0.31841448850629234,0.2153798700666467,0.6123786901663916,0.18778978531252463,0.15161008289065125,4.771770599188511
B5_WORST_GROUP_RANK,16,64,PROJECTION_AND_PATH,1,0,8,per_prompt_helmert,0.013415122583627858,0.013389872817076242,0.032828221663406584,0.03280838226695713,0.02222222222222222,0.861111111111111,33.04646503391233,0.4918481073406968,8.19685028390506,60,0.018154118625519564,0.01812585977633425,0.04373112359571842,0.043725421424839275,0.03540822372856276,0.021369154218511047,0.019432881891736396,8.195781483537118
B5_WORST_GROUP_RANK,16,64,PROJECTION_AND_NET_DISPLACEMENT,1,0,8,per_prompt_helmert,0.013415122583627858,0.013389872817076242,0.032828221663406584,0.03280838226695713,0.02222222222222222,0.861111111111111,33.04646503391233,0.4918481073406968,8.19685028390506,60,0.018154118625519564,0.01812585977633425,0.04373112359571842,0.043725421424839275,0.03540822372856276,0.021369154218511047,0.019432881891736396,8.195781483537118
B5_WORST_GROUP_RANK,16,64,PROJECTION_AND_PATH,2,0,8,per_prompt_helmert,0.025355201683971144,0.02490900937862674,0.04799775164417215,0.047540181675282636,0.09791666666666667,0.7519675925925926,155.50667924569817,2.465428886064776,7.941970757519192,120,0.037487564786063396,0.03678883548806173,0.06707916637457169,0.0663938120375107,0.08066814723519905,0.03503525062454574,0.031043168805117465,7.860826873394527
B5_WORST_GROUP_RANK,16,64,PROJECTION_AND_NET_DISPLACEMENT,2,0,8,per_prompt_helmert,0.025355201683971144,0.02490900937862674,0.04799775164417215,0.047540181675282636,0.09791666666666667,0.7519675925925926,155.50667924569817,2.465428886064776,7.941970757519192,120,0.037487564786063396,0.03678883548806173,0.06707916637457169,0.0663938120375107,0.08066814723519905,0.03503525062454574,0.031043168805117465,7.860826873394527
B5_WORST_GROUP_RANK,16,64,PROJECTION_AND_PATH,4,0,8,per_prompt_helmert,0.05211819995788661,0.04743565328700751,0.07663561901123744,0.07181404161606403,0.28182870370370366,0.5991319444444444,854.470848275879,14.816577127474233,7.594071508047908,240,0.08049312322447962,0.07279351059711621,0.11118514341000067,0.10328487561139658,0.17317265533807635,0.060223013973660956,0.052013373793913936,7.054474249319802
B5_WORST_GROUP_RANK,16,64,PROJECTION_AND_NET_DISPLACEMENT,4,0,8,per_prompt_helmert,0.05211819995788661,0.04743565328700751,0.07663561901123744,0.07181404161606403,0.28182870370370366,0.5991319444444444,854.470848275879,14.816577127474233,7.594071508047908,240,0.08049312322447962,0.07279351059711621,0.11118514341000067,0.10328487561139658,0.17317265533807635,0.060223013973660956,0.052013373793913936,7.054474249319802
B5_WORST_GROUP_RANK,16,64,PROJECTION_AND_PATH,8,0,8,per_prompt_helmert,0.10229947684322965,0.08091904345075077,0.12744350535714105,0.1055518238295001,0.4896122685185185,0.42890625,4942.7814502651045,92.91184834570944,7.293737920994828,480,0.15871401783316794,0.12490656269243475,0.1890901217629566,0.15436764402160044,0.3383551721264027,0.09972240087265152,0.09049792818795581,5.954394277594403
B5_WORST_GROUP_RANK,16,64,PROJECTION_AND_NET_DISPLACEMENT,8,0,8,per_prompt_helmert,0.10229947684322965,0.08091904345075077,0.12744350535714105,0.1055518238295001,0.4896122685185185,0.42890625,4942.7814502651045,92.91184834570944,7.293737920994828,480,0.15871401783316794,0.12490656269243475,0.1890901217629566,0.15436764402160044,0.3383551721264027,0.09972240087265152,0.09049792818795581,5.954394277594403
B5_WORST_GROUP_RANK,16,64,PROJECTION_AND_PATH,16,0,8,per_prompt_helmert,0.1863317596865439,0.12234463344666541,0.21090755719764526,0.14595157174144227,0.6645688657407407,0.2827835648148148,27492.309801942312,563.2676744577017,6.986315599584777,960,0.2862838574836576,0.18686081047858422,0.3153361451070275,0.2140795536367369,0.6067741319209481,0.17124772658375179,0.14502899098600408,4.742961910112947
B5_WORST_GROUP_RANK,16,64,PROJECTION_AND_NET_DISPLACEMENT,16,0,8,per_prompt_helmert,0.1863317596865439,0.12234463344666541,0.21090755719764526,0.14595157174144227,0.6645688657407407,0.2827835648148148,27492.309801942312,563.2676744577017,6.986315599584777,960,0.2862838574836576,0.18686081047858422,0.3153361451070275,0.2140795536367369,0.6067741319209481,0.17124772658375179,0.14502899098600408,4.742961910112947
B5_WORST_GROUP_RANK,FULL,64,PROJECTION_AND_PATH,1,0,8,per_prompt_helmert,0.013458172113704047,0.013432922347152433,0.03289500978499919,0.03287517038854973,0.02222222222222222,0.861111111111111,33.18042834663708,0.4918481073406968,8.213447620777373,60,0.018194573981256273,0.018166378062819878,0.04381967226563229,0.04381398161892179,0.03556971673693412,0.021395045388518465,0.019447309202528684,8.212380980470215
B5_WORST_GROUP_RANK,FULL,64,PROJECTION_AND_NET_DISPLACEMENT,1,0,8,per_prompt_helmert,0.013458172113704047,0.013432922347152433,0.03289500978499919,0.03287517038854973,0.02222222222222222,0.861111111111111,33.18042834663708,0.4918481073406968,8.213447620777373,60,0.018194573981256273,0.018166378062819878,0.04381967226563229,0.04381398161892179,0.03556971673693412,0.021395045388518465,0.019447309202528684,8.212380980470215
B5_WORST_GROUP_RANK,FULL,64,PROJECTION_AND_PATH,2,0,8,per_prompt_helmert,0.02546144835119993,0.025012732406907243,0.048113484881200964,0.04765391301066144,0.09837962962962962,0.7519675925925926,156.26397515154162,2.465428886064776,7.961285417808449,120,0.03764024560497301,0.036939411827415315,0.06724230111159964,0.0665539585582207,0.08110721939054746,0.03507642711695669,0.030700550776032356,7.8797877378944685
B5_WORST_GROUP_RANK,FULL,64,PROJECTION_AND_NET_DISPLACEMENT,2,0,8,per_prompt_helmert,0.02546144835119993,0.025012732406907243,0.048113484881200964,0.04765391301066144,0.09837962962962962,0.7519675925925926,156.26397515154162,2.465428886064776,7.961285417808449,120,0.03764024560497301,0.036939411827415315,0.06724230111159964,0.0665539585582207,0.08110721939054746,0.03507642711695669,0.030700550776032356,7.8797877378944685
B5_WORST_GROUP_RANK,FULL,64,PROJECTION_AND_PATH,4,0,8,per_prompt_helmert,0.05235138237565332,0.047621139324754355,0.07686788875039786,0.07199561290868176,0.28373842592592596,0.5991319444444444,859.8028439499144,14.816577127474233,7.617728596437254,240,0.0808482568205071,0.0730489104369983,0.11153150790794424,0.1035291833499388,0.17366146281727604,0.061310707013711774,0.052006939621773815,7.0711607451910865
B5_WORST_GROUP_RANK,FULL,64,PROJECTION_AND_NET_DISPLACEMENT,4,0,8,per_prompt_helmert,0.05235138237565332,0.047621139324754355,0.07686788875039786,0.07199561290868176,0.28373842592592596,0.5991319444444444,859.8028439499144,14.816577127474233,7.617728596437254,240,0.0808482568205071,0.0730489104369983,0.11153150790794424,0.1035291833499388,0.17366146281727604,0.061310707013711774,0.052006939621773815,7.0711607451910865
B5_WORST_GROUP_RANK,FULL,64,PROJECTION_AND_PATH,8,0,8,per_prompt_helmert,0.10290636022773715,0.08127282824877577,0.1280203210397977,0.10587941264691349,0.4918402777777778,0.42890625,4986.541296141275,92.91184834570944,7.3259535397188555,480,0.15957342660440904,0.1253893341744239,0.18992531152891468,0.15481367108604924,0.33982916070058,0.10322369605893458,0.09164026513863244,5.971598796177551
B5_WORST_GROUP_RANK,FULL,64,PROJECTION_AND_NET_DISPLACEMENT,8,0,8,per_prompt_helmert,0.10290636022773715,0.08127282824877577,0.1280203210397977,0.10587941264691349,0.4918402777777778,0.42890625,4986.541296141275,92.91184834570944,7.3259535397188555,480,0.15957342660440904,0.1253893341744239,0.18992531152891468,0.15481367108604924,0.33982916070058,0.10322369605893458,0.09164026513863244,5.971598796177551
B5_WORST_GROUP_RANK,FULL,64,PROJECTION_AND_PATH,16,0,8,per_prompt_helmert,0.1877338129156912,0.12303092013555944,0.21229292790909746,0.14662714211222222,0.6676359953703703,0.2827835648148148,27822.109574002785,563.2676744577017,7.028094854454276,960,0.28819267481751204,0.18774751269977832,0.317221904344239,0.2149196851321993,0.6094473042723884,0.1729082364439804,0.14260895580484811,4.761575138769179
B5_WORST_GROUP_RANK,FULL,64,PROJECTION_AND_NET_DISPLACEMENT,16,0,8,per_prompt_helmert,0.1877338129156912,0.12303092013555944,0.21229292790909746,0.14662714211222222,0.6676359953703703,0.2827835648148148,27822.109574002785,563.2676744577017,7.028094854454276,960,0.28819267481751204,0.18774751269977832,0.317221904344239,0.2149196851321993,0.6094473042723884,0.1729082364439804,0.14260895580484811,4.761575138769179
