level,outer_held_lineage,inner_validation_lineage,inner_fit_lineages,alpha,best_static,selected_J,selected_recipes
Z0_MOMENTS_GLOBAL,61001,61002,61003;61004,0.0001,R3,0.7732204861111112,R3;R3
Z0_MOMENTS_GLOBAL,61001,61002,61003;61004,0.001,R3,0.7732204861111112,R3;R3
Z0_MOMENTS_GLOBAL,61001,61002,61003;61004,0.01,R3,0.7732204861111112,R3;R3
Z0_MOMENTS_GLOBAL,61001,61002,61003;61004,0.1,R3,0.7732204861111112,R3;R3
Z0_MOMENTS_GLOBAL,61001,61002,61003;61004,1.0,R3,0.7732204861111112,R3;R3
Z0_MOMENTS_GLOBAL,61001,61002,61003;61004,10.0,R3,0.7732204861111112,R3;R3
Z0_MOMENTS_GLOBAL,61001,61003,61002;61004,0.0001,R0,0.7723524305555556,R0;R0
Z0_MOMENTS_GLOBAL,61001,61003,61002;61004,0.001,R0,0.7723524305555556,R0;R0
Z0_MOMENTS_GLOBAL,61001,61003,61002;61004,0.01,R0,0.7723524305555556,R0;R0
Z0_MOMENTS_GLOBAL,61001,61003,61002;61004,0.1,R0,0.7723524305555556,R0;R0
Z0_MOMENTS_GLOBAL,61001,61003,61002;61004,1.0,R0,0.7723524305555556,R0;R0
Z0_MOMENTS_GLOBAL,61001,61003,61002;61004,10.0,R0,0.7723524305555556,R0;R0
Z0_MOMENTS_GLOBAL,61001,61004,61002;61003,0.0001,R4,0.773220486111111,R0;R4
Z0_MOMENTS_GLOBAL,61001,61004,61002;61003,0.001,R4,0.773220486111111,R0;R4
Z0_MOMENTS_GLOBAL,61001,61004,61002;61003,0.01,R4,0.773220486111111,R0;R4
Z0_MOMENTS_GLOBAL,61001,61004,61002;61003,0.1,R4,0.7719184027777777,R4;R4
Z0_MOMENTS_GLOBAL,61001,61004,61002;61003,1.0,R4,0.7719184027777777,R4;R4
Z0_MOMENTS_GLOBAL,61001,61004,61002;61003,10.0,R4,0.7719184027777777,R4;R4
Z1_MOMENTS_STRATIFIED,61001,61002,61003;61004,0.0001,R3,0.7762586805555556,R0;R3
Z1_MOMENTS_STRATIFIED,61001,61002,61003;61004,0.001,R3,0.7762586805555556,R0;R3
Z1_MOMENTS_STRATIFIED,61001,61002,61003;61004,0.01,R3,0.7762586805555556,R0;R3
Z1_MOMENTS_STRATIFIED,61001,61002,61003;61004,0.1,R3,0.7762586805555556,R0;R3
Z1_MOMENTS_STRATIFIED,61001,61002,61003;61004,1.0,R3,0.7762586805555556,R0;R3
Z1_MOMENTS_STRATIFIED,61001,61002,61003;61004,10.0,R3,0.7732204861111112,R3;R3
Z1_MOMENTS_STRATIFIED,61001,61003,61002;61004,0.0001,R0,0.7723524305555556,R0;R0
Z1_MOMENTS_STRATIFIED,61001,61003,61002;61004,0.001,R0,0.7723524305555556,R0;R0
Z1_MOMENTS_STRATIFIED,61001,61003,61002;61004,0.01,R0,0.7723524305555556,R0;R0
Z1_MOMENTS_STRATIFIED,61001,61003,61002;61004,0.1,R0,0.7723524305555556,R0;R0
Z1_MOMENTS_STRATIFIED,61001,61003,61002;61004,1.0,R0,0.7723524305555556,R0;R0
Z1_MOMENTS_STRATIFIED,61001,61003,61002;61004,10.0,R0,0.7723524305555556,R0;R0
Z1_MOMENTS_STRATIFIED,61001,61004,61002;61003,0.0001,R4,0.773220486111111,R0;R4
Z1_MOMENTS_STRATIFIED,61001,61004,61002;61003,0.001,R4,0.773220486111111,R0;R4
Z1_MOMENTS_STRATIFIED,61001,61004,61002;61003,0.01,R4,0.773220486111111,R0;R4
Z1_MOMENTS_STRATIFIED,61001,61004,61002;61003,0.1,R4,0.7719184027777777,R4;R4
Z1_MOMENTS_STRATIFIED,61001,61004,61002;61003,1.0,R4,0.7719184027777777,R4;R4
Z1_MOMENTS_STRATIFIED,61001,61004,61002;61003,10.0,R4,0.7719184027777777,R4;R4
Z2_REWARD_DISTRIBUTION,61001,61002,61003;61004,0.0001,R3,0.7732204861111112,R3;R3
Z2_REWARD_DISTRIBUTION,61001,61002,61003;61004,0.001,R3,0.7732204861111112,R3;R3
Z2_REWARD_DISTRIBUTION,61001,61002,61003;61004,0.01,R3,0.7732204861111112,R3;R3
Z2_REWARD_DISTRIBUTION,61001,61002,61003;61004,0.1,R3,0.7732204861111112,R3;R3
Z2_REWARD_DISTRIBUTION,61001,61002,61003;61004,1.0,R3,0.7732204861111112,R3;R3
Z2_REWARD_DISTRIBUTION,61001,61002,61003;61004,10.0,R3,0.7732204861111112,R3;R3
Z2_REWARD_DISTRIBUTION,61001,61003,61002;61004,0.0001,R0,0.7723524305555556,R0;R0
Z2_REWARD_DISTRIBUTION,61001,61003,61002;61004,0.001,R0,0.7723524305555556,R0;R0
Z2_REWARD_DISTRIBUTION,61001,61003,61002;61004,0.01,R0,0.7723524305555556,R0;R0
Z2_REWARD_DISTRIBUTION,61001,61003,61002;61004,0.1,R0,0.7723524305555556,R0;R0
Z2_REWARD_DISTRIBUTION,61001,61003,61002;61004,1.0,R0,0.7723524305555556,R0;R0
Z2_REWARD_DISTRIBUTION,61001,61003,61002;61004,10.0,R0,0.7723524305555556,R0;R0
Z2_REWARD_DISTRIBUTION,61001,61004,61002;61003,0.0001,R4,0.7719184027777777,R4;R4
Z2_REWARD_DISTRIBUTION,61001,61004,61002;61003,0.001,R4,0.7719184027777777,R4;R4
Z2_REWARD_DISTRIBUTION,61001,61004,61002;61003,0.01,R4,0.7719184027777777,R4;R4
Z2_REWARD_DISTRIBUTION,61001,61004,61002;61003,0.1,R4,0.7719184027777777,R4;R4
Z2_REWARD_DISTRIBUTION,61001,61004,61002;61003,1.0,R4,0.7719184027777777,R4;R4
Z2_REWARD_DISTRIBUTION,61001,61004,61002;61003,10.0,R4,0.7719184027777777,R4;R4
Z3_REPAIR_STRUCTURE,61001,61002,61003;61004,0.0001,R3,0.7732204861111112,R3;R3
Z3_REPAIR_STRUCTURE,61001,61002,61003;61004,0.001,R3,0.7732204861111112,R3;R3
Z3_REPAIR_STRUCTURE,61001,61002,61003;61004,0.01,R3,0.7732204861111112,R3;R3
Z3_REPAIR_STRUCTURE,61001,61002,61003;61004,0.1,R3,0.7732204861111112,R3;R3
Z3_REPAIR_STRUCTURE,61001,61002,61003;61004,1.0,R3,0.7732204861111112,R3;R3
Z3_REPAIR_STRUCTURE,61001,61002,61003;61004,10.0,R3,0.7732204861111112,R3;R3
Z3_REPAIR_STRUCTURE,61001,61003,61002;61004,0.0001,R0,0.7723524305555556,R0;R0
Z3_REPAIR_STRUCTURE,61001,61003,61002;61004,0.001,R0,0.7723524305555556,R0;R0
Z3_REPAIR_STRUCTURE,61001,61003,61002;61004,0.01,R0,0.7723524305555556,R0;R0
Z3_REPAIR_STRUCTURE,61001,61003,61002;61004,0.1,R0,0.7723524305555556,R0;R0
Z3_REPAIR_STRUCTURE,61001,61003,61002;61004,1.0,R0,0.7723524305555556,R0;R0
Z3_REPAIR_STRUCTURE,61001,61003,61002;61004,10.0,R0,0.7723524305555556,R0;R0
Z3_REPAIR_STRUCTURE,61001,61004,61002;61003,0.0001,R4,0.7719184027777777,R4;R4
Z3_REPAIR_STRUCTURE,61001,61004,61002;61003,0.001,R4,0.7719184027777777,R4;R4
Z3_REPAIR_STRUCTURE,61001,61004,61002;61003,0.01,R4,0.7719184027777777,R4;R4
Z3_REPAIR_STRUCTURE,61001,61004,61002;61003,0.1,R4,0.7719184027777777,R4;R4
Z3_REPAIR_STRUCTURE,61001,61004,61002;61003,1.0,R4,0.7719184027777777,R4;R4
Z3_REPAIR_STRUCTURE,61001,61004,61002;61003,10.0,R4,0.7719184027777777,R4;R4
Z0_MOMENTS_GLOBAL,61002,61001,61003;61004,0.0001,R3,0.7823350694444444,R3;R3
Z0_MOMENTS_GLOBAL,61002,61001,61003;61004,0.001,R3,0.7823350694444444,R3;R3
Z0_MOMENTS_GLOBAL,61002,61001,61003;61004,0.01,R3,0.7823350694444444,R3;R3
Z0_MOMENTS_GLOBAL,61002,61001,61003;61004,0.1,R3,0.7823350694444444,R3;R3
Z0_MOMENTS_GLOBAL,61002,61001,61003;61004,1.0,R3,0.7823350694444444,R3;R3
Z0_MOMENTS_GLOBAL,61002,61001,61003;61004,10.0,R3,0.7823350694444444,R3;R3
Z0_MOMENTS_GLOBAL,61002,61003,61001;61004,0.0001,R3,0.7779947916666667,R3;R3
Z0_MOMENTS_GLOBAL,61002,61003,61001;61004,0.001,R3,0.7779947916666667,R3;R3
Z0_MOMENTS_GLOBAL,61002,61003,61001;61004,0.01,R3,0.7779947916666667,R3;R3
Z0_MOMENTS_GLOBAL,61002,61003,61001;61004,0.1,R3,0.7779947916666667,R3;R3
Z0_MOMENTS_GLOBAL,61002,61003,61001;61004,1.0,R3,0.7779947916666667,R3;R3
Z0_MOMENTS_GLOBAL,61002,61003,61001;61004,10.0,R3,0.7779947916666667,R3;R3
Z0_MOMENTS_GLOBAL,61002,61004,61001;61003,0.0001,R3,0.7723524305555556,R3;R3
Z0_MOMENTS_GLOBAL,61002,61004,61001;61003,0.001,R3,0.7723524305555556,R3;R3
Z0_MOMENTS_GLOBAL,61002,61004,61001;61003,0.01,R3,0.7723524305555556,R3;R3
Z0_MOMENTS_GLOBAL,61002,61004,61001;61003,0.1,R3,0.7723524305555556,R3;R3
Z0_MOMENTS_GLOBAL,61002,61004,61001;61003,1.0,R3,0.7723524305555556,R3;R3
Z0_MOMENTS_GLOBAL,61002,61004,61001;61003,10.0,R3,0.7723524305555556,R3;R3
Z1_MOMENTS_STRATIFIED,61002,61001,61003;61004,0.0001,R3,0.7749565972222221,R0;R3
Z1_MOMENTS_STRATIFIED,61002,61001,61003;61004,0.001,R3,0.7749565972222221,R0;R3
Z1_MOMENTS_STRATIFIED,61002,61001,61003;61004,0.01,R3,0.7749565972222221,R0;R3
Z1_MOMENTS_STRATIFIED,61002,61001,61003;61004,0.1,R3,0.7749565972222221,R0;R3
Z1_MOMENTS_STRATIFIED,61002,61001,61003;61004,1.0,R3,0.7749565972222221,R0;R3
Z1_MOMENTS_STRATIFIED,61002,61001,61003;61004,10.0,R3,0.7823350694444444,R3;R3
Z1_MOMENTS_STRATIFIED,61002,61003,61001;61004,0.0001,R3,0.7779947916666667,R3;R3
Z1_MOMENTS_STRATIFIED,61002,61003,61001;61004,0.001,R3,0.7779947916666667,R3;R3
Z1_MOMENTS_STRATIFIED,61002,61003,61001;61004,0.01,R3,0.7779947916666667,R3;R3
Z1_MOMENTS_STRATIFIED,61002,61003,61001;61004,0.1,R3,0.7779947916666667,R3;R3
Z1_MOMENTS_STRATIFIED,61002,61003,61001;61004,1.0,R3,0.7779947916666667,R3;R3
Z1_MOMENTS_STRATIFIED,61002,61003,61001;61004,10.0,R3,0.7779947916666667,R3;R3
Z1_MOMENTS_STRATIFIED,61002,61004,61001;61003,0.0001,R3,0.7723524305555556,R3;R7
Z1_MOMENTS_STRATIFIED,61002,61004,61001;61003,0.001,R3,0.7723524305555556,R3;R7
Z1_MOMENTS_STRATIFIED,61002,61004,61001;61003,0.01,R3,0.7723524305555556,R3;R3
Z1_MOMENTS_STRATIFIED,61002,61004,61001;61003,0.1,R3,0.7723524305555556,R3;R3
Z1_MOMENTS_STRATIFIED,61002,61004,61001;61003,1.0,R3,0.7723524305555556,R3;R3
Z1_MOMENTS_STRATIFIED,61002,61004,61001;61003,10.0,R3,0.7723524305555556,R3;R3
Z2_REWARD_DISTRIBUTION,61002,61001,61003;61004,0.0001,R3,0.7823350694444444,R3;R3
Z2_REWARD_DISTRIBUTION,61002,61001,61003;61004,0.001,R3,0.7823350694444444,R3;R3
Z2_REWARD_DISTRIBUTION,61002,61001,61003;61004,0.01,R3,0.7823350694444444,R3;R3
Z2_REWARD_DISTRIBUTION,61002,61001,61003;61004,0.1,R3,0.7823350694444444,R3;R3
Z2_REWARD_DISTRIBUTION,61002,61001,61003;61004,1.0,R3,0.7823350694444444,R3;R3
Z2_REWARD_DISTRIBUTION,61002,61001,61003;61004,10.0,R3,0.7823350694444444,R3;R3
Z2_REWARD_DISTRIBUTION,61002,61003,61001;61004,0.0001,R3,0.7779947916666667,R3;R3
Z2_REWARD_DISTRIBUTION,61002,61003,61001;61004,0.001,R3,0.7779947916666667,R3;R3
Z2_REWARD_DISTRIBUTION,61002,61003,61001;61004,0.01,R3,0.7779947916666667,R3;R3
Z2_REWARD_DISTRIBUTION,61002,61003,61001;61004,0.1,R3,0.7779947916666667,R3;R3
Z2_REWARD_DISTRIBUTION,61002,61003,61001;61004,1.0,R3,0.7779947916666667,R3;R3
Z2_REWARD_DISTRIBUTION,61002,61003,61001;61004,10.0,R3,0.7779947916666667,R3;R3
Z2_REWARD_DISTRIBUTION,61002,61004,61001;61003,0.0001,R3,0.7727864583333333,R7;R3
Z2_REWARD_DISTRIBUTION,61002,61004,61001;61003,0.001,R3,0.7727864583333333,R7;R3
Z2_REWARD_DISTRIBUTION,61002,61004,61001;61003,0.01,R3,0.7723524305555556,R3;R3
Z2_REWARD_DISTRIBUTION,61002,61004,61001;61003,0.1,R3,0.7723524305555556,R3;R3
Z2_REWARD_DISTRIBUTION,61002,61004,61001;61003,1.0,R3,0.7723524305555556,R3;R3
Z2_REWARD_DISTRIBUTION,61002,61004,61001;61003,10.0,R3,0.7723524305555556,R3;R3
Z3_REPAIR_STRUCTURE,61002,61001,61003;61004,0.0001,R3,0.7823350694444444,R3;R3
Z3_REPAIR_STRUCTURE,61002,61001,61003;61004,0.001,R3,0.7823350694444444,R3;R3
Z3_REPAIR_STRUCTURE,61002,61001,61003;61004,0.01,R3,0.7823350694444444,R3;R3
Z3_REPAIR_STRUCTURE,61002,61001,61003;61004,0.1,R3,0.7823350694444444,R3;R3
Z3_REPAIR_STRUCTURE,61002,61001,61003;61004,1.0,R3,0.7823350694444444,R3;R3
Z3_REPAIR_STRUCTURE,61002,61001,61003;61004,10.0,R3,0.7823350694444444,R3;R3
Z3_REPAIR_STRUCTURE,61002,61003,61001;61004,0.0001,R3,0.7779947916666667,R3;R3
Z3_REPAIR_STRUCTURE,61002,61003,61001;61004,0.001,R3,0.7779947916666667,R3;R3
Z3_REPAIR_STRUCTURE,61002,61003,61001;61004,0.01,R3,0.7779947916666667,R3;R3
Z3_REPAIR_STRUCTURE,61002,61003,61001;61004,0.1,R3,0.7779947916666667,R3;R3
Z3_REPAIR_STRUCTURE,61002,61003,61001;61004,1.0,R3,0.7779947916666667,R3;R3
Z3_REPAIR_STRUCTURE,61002,61003,61001;61004,10.0,R3,0.7779947916666667,R3;R3
Z3_REPAIR_STRUCTURE,61002,61004,61001;61003,0.0001,R3,0.7727864583333333,R7;R3
Z3_REPAIR_STRUCTURE,61002,61004,61001;61003,0.001,R3,0.7727864583333333,R7;R3
Z3_REPAIR_STRUCTURE,61002,61004,61001;61003,0.01,R3,0.7723524305555556,R3;R3
Z3_REPAIR_STRUCTURE,61002,61004,61001;61003,0.1,R3,0.7723524305555556,R3;R3
Z3_REPAIR_STRUCTURE,61002,61004,61001;61003,1.0,R3,0.7723524305555556,R3;R3
Z3_REPAIR_STRUCTURE,61002,61004,61001;61003,10.0,R3,0.7723524305555556,R3;R3
Z0_MOMENTS_GLOBAL,61003,61001,61002;61004,0.0001,R0,0.7721354166666667,R0;R0
Z0_MOMENTS_GLOBAL,61003,61001,61002;61004,0.001,R0,0.7721354166666667,R0;R0
Z0_MOMENTS_GLOBAL,61003,61001,61002;61004,0.01,R0,0.7721354166666667,R0;R0
Z0_MOMENTS_GLOBAL,61003,61001,61002;61004,0.1,R0,0.7721354166666667,R0;R0
Z0_MOMENTS_GLOBAL,61003,61001,61002;61004,1.0,R0,0.7721354166666667,R0;R0
Z0_MOMENTS_GLOBAL,61003,61001,61002;61004,10.0,R0,0.7721354166666667,R0;R0
Z0_MOMENTS_GLOBAL,61003,61002,61001;61004,0.0001,R3,0.7732204861111112,R3;R3
Z0_MOMENTS_GLOBAL,61003,61002,61001;61004,0.001,R3,0.7732204861111112,R3;R3
Z0_MOMENTS_GLOBAL,61003,61002,61001;61004,0.01,R3,0.7732204861111112,R3;R3
Z0_MOMENTS_GLOBAL,61003,61002,61001;61004,0.1,R3,0.7732204861111112,R3;R3
Z0_MOMENTS_GLOBAL,61003,61002,61001;61004,1.0,R3,0.7732204861111112,R3;R3
Z0_MOMENTS_GLOBAL,61003,61002,61001;61004,10.0,R3,0.7732204861111112,R3;R3
Z0_MOMENTS_GLOBAL,61003,61004,61001;61002,0.0001,R3,0.7721354166666666,R0;R3
Z0_MOMENTS_GLOBAL,61003,61004,61001;61002,0.001,R3,0.7721354166666666,R0;R3
Z0_MOMENTS_GLOBAL,61003,61004,61001;61002,0.01,R3,0.7721354166666666,R0;R3
Z0_MOMENTS_GLOBAL,61003,61004,61001;61002,0.1,R3,0.7708333333333333,R4;R3
Z0_MOMENTS_GLOBAL,61003,61004,61001;61002,1.0,R3,0.7723524305555556,R3;R3
Z0_MOMENTS_GLOBAL,61003,61004,61001;61002,10.0,R3,0.7723524305555556,R3;R3
Z1_MOMENTS_STRATIFIED,61003,61001,61002;61004,0.0001,R0,0.7721354166666667,R0;R0
Z1_MOMENTS_STRATIFIED,61003,61001,61002;61004,0.001,R0,0.7721354166666667,R0;R0
Z1_MOMENTS_STRATIFIED,61003,61001,61002;61004,0.01,R0,0.7721354166666667,R0;R0
Z1_MOMENTS_STRATIFIED,61003,61001,61002;61004,0.1,R0,0.7721354166666667,R0;R0
Z1_MOMENTS_STRATIFIED,61003,61001,61002;61004,1.0,R0,0.7721354166666667,R0;R0
Z1_MOMENTS_STRATIFIED,61003,61001,61002;61004,10.0,R0,0.7721354166666667,R0;R0
Z1_MOMENTS_STRATIFIED,61003,61002,61001;61004,0.0001,R3,0.7732204861111112,R3;R3
Z1_MOMENTS_STRATIFIED,61003,61002,61001;61004,0.001,R3,0.7732204861111112,R3;R3
Z1_MOMENTS_STRATIFIED,61003,61002,61001;61004,0.01,R3,0.7732204861111112,R3;R3
Z1_MOMENTS_STRATIFIED,61003,61002,61001;61004,0.1,R3,0.7732204861111112,R3;R3
Z1_MOMENTS_STRATIFIED,61003,61002,61001;61004,1.0,R3,0.7732204861111112,R3;R3
Z1_MOMENTS_STRATIFIED,61003,61002,61001;61004,10.0,R3,0.7732204861111112,R3;R3
Z1_MOMENTS_STRATIFIED,61003,61004,61001;61002,0.0001,R3,0.7708333333333333,R4;R3
Z1_MOMENTS_STRATIFIED,61003,61004,61001;61002,0.001,R3,0.7708333333333333,R4;R3
Z1_MOMENTS_STRATIFIED,61003,61004,61001;61002,0.01,R3,0.7708333333333333,R4;R3
Z1_MOMENTS_STRATIFIED,61003,61004,61001;61002,0.1,R3,0.7723524305555556,R3;R3
Z1_MOMENTS_STRATIFIED,61003,61004,61001;61002,1.0,R3,0.7723524305555556,R3;R3
Z1_MOMENTS_STRATIFIED,61003,61004,61001;61002,10.0,R3,0.7723524305555556,R3;R3
Z2_REWARD_DISTRIBUTION,61003,61001,61002;61004,0.0001,R0,0.7721354166666667,R0;R0
Z2_REWARD_DISTRIBUTION,61003,61001,61002;61004,0.001,R0,0.7721354166666667,R0;R0
Z2_REWARD_DISTRIBUTION,61003,61001,61002;61004,0.01,R0,0.7721354166666667,R0;R0
Z2_REWARD_DISTRIBUTION,61003,61001,61002;61004,0.1,R0,0.7721354166666667,R0;R0
Z2_REWARD_DISTRIBUTION,61003,61001,61002;61004,1.0,R0,0.7721354166666667,R0;R0
Z2_REWARD_DISTRIBUTION,61003,61001,61002;61004,10.0,R0,0.7721354166666667,R0;R0
Z2_REWARD_DISTRIBUTION,61003,61002,61001;61004,0.0001,R3,0.7732204861111112,R3;R3
Z2_REWARD_DISTRIBUTION,61003,61002,61001;61004,0.001,R3,0.7732204861111112,R3;R3
Z2_REWARD_DISTRIBUTION,61003,61002,61001;61004,0.01,R3,0.7732204861111112,R3;R3
Z2_REWARD_DISTRIBUTION,61003,61002,61001;61004,0.1,R3,0.7732204861111112,R3;R3
Z2_REWARD_DISTRIBUTION,61003,61002,61001;61004,1.0,R3,0.7732204861111112,R3;R3
Z2_REWARD_DISTRIBUTION,61003,61002,61001;61004,10.0,R3,0.7732204861111112,R3;R3
Z2_REWARD_DISTRIBUTION,61003,61004,61001;61002,0.0001,R3,0.7721354166666666,R0;R3
Z2_REWARD_DISTRIBUTION,61003,61004,61001;61002,0.001,R3,0.7721354166666666,R0;R3
Z2_REWARD_DISTRIBUTION,61003,61004,61001;61002,0.01,R3,0.7721354166666666,R0;R3
Z2_REWARD_DISTRIBUTION,61003,61004,61001;61002,0.1,R3,0.7721354166666666,R0;R3
Z2_REWARD_DISTRIBUTION,61003,61004,61001;61002,1.0,R3,0.7723524305555556,R3;R3
Z2_REWARD_DISTRIBUTION,61003,61004,61001;61002,10.0,R3,0.7723524305555556,R3;R3
Z3_REPAIR_STRUCTURE,61003,61001,61002;61004,0.0001,R0,0.7721354166666667,R0;R0
Z3_REPAIR_STRUCTURE,61003,61001,61002;61004,0.001,R0,0.7721354166666667,R0;R0
Z3_REPAIR_STRUCTURE,61003,61001,61002;61004,0.01,R0,0.7721354166666667,R0;R0
Z3_REPAIR_STRUCTURE,61003,61001,61002;61004,0.1,R0,0.7721354166666667,R0;R0
Z3_REPAIR_STRUCTURE,61003,61001,61002;61004,1.0,R0,0.7721354166666667,R0;R0
Z3_REPAIR_STRUCTURE,61003,61001,61002;61004,10.0,R0,0.7721354166666667,R0;R0
Z3_REPAIR_STRUCTURE,61003,61002,61001;61004,0.0001,R3,0.7732204861111112,R3;R3
Z3_REPAIR_STRUCTURE,61003,61002,61001;61004,0.001,R3,0.7732204861111112,R3;R3
Z3_REPAIR_STRUCTURE,61003,61002,61001;61004,0.01,R3,0.7732204861111112,R3;R3
Z3_REPAIR_STRUCTURE,61003,61002,61001;61004,0.1,R3,0.7732204861111112,R3;R3
Z3_REPAIR_STRUCTURE,61003,61002,61001;61004,1.0,R3,0.7732204861111112,R3;R3
Z3_REPAIR_STRUCTURE,61003,61002,61001;61004,10.0,R3,0.7732204861111112,R3;R3
Z3_REPAIR_STRUCTURE,61003,61004,61001;61002,0.0001,R3,0.7721354166666666,R0;R3
Z3_REPAIR_STRUCTURE,61003,61004,61001;61002,0.001,R3,0.7721354166666666,R0;R3
Z3_REPAIR_STRUCTURE,61003,61004,61001;61002,0.01,R3,0.7721354166666666,R0;R3
Z3_REPAIR_STRUCTURE,61003,61004,61001;61002,0.1,R3,0.7721354166666666,R0;R3
Z3_REPAIR_STRUCTURE,61003,61004,61001;61002,1.0,R3,0.7723524305555556,R3;R3
Z3_REPAIR_STRUCTURE,61003,61004,61001;61002,10.0,R3,0.7723524305555556,R3;R3
Z0_MOMENTS_GLOBAL,61004,61001,61002;61003,0.0001,R4,0.7779947916666667,R4;R4
Z0_MOMENTS_GLOBAL,61004,61001,61002;61003,0.001,R4,0.7779947916666667,R4;R4
Z0_MOMENTS_GLOBAL,61004,61001,61002;61003,0.01,R4,0.7779947916666667,R4;R4
Z0_MOMENTS_GLOBAL,61004,61001,61002;61003,0.1,R4,0.7779947916666667,R4;R4
Z0_MOMENTS_GLOBAL,61004,61001,61002;61003,1.0,R4,0.7779947916666667,R4;R4
Z0_MOMENTS_GLOBAL,61004,61001,61002;61003,10.0,R4,0.7779947916666667,R4;R4
Z0_MOMENTS_GLOBAL,61004,61002,61001;61003,0.0001,R3,0.7732204861111112,R3;R7
Z0_MOMENTS_GLOBAL,61004,61002,61001;61003,0.001,R3,0.7732204861111112,R3;R7
Z0_MOMENTS_GLOBAL,61004,61002,61001;61003,0.01,R3,0.7732204861111112,R3;R7
Z0_MOMENTS_GLOBAL,61004,61002,61001;61003,0.1,R3,0.7732204861111112,R3;R3
Z0_MOMENTS_GLOBAL,61004,61002,61001;61003,1.0,R3,0.7732204861111112,R3;R3
Z0_MOMENTS_GLOBAL,61004,61002,61001;61003,10.0,R3,0.7732204861111112,R3;R3
Z0_MOMENTS_GLOBAL,61004,61003,61001;61002,0.0001,R3,0.7779947916666667,R3;R3
Z0_MOMENTS_GLOBAL,61004,61003,61001;61002,0.001,R3,0.7779947916666667,R3;R3
Z0_MOMENTS_GLOBAL,61004,61003,61001;61002,0.01,R3,0.7779947916666667,R3;R3
Z0_MOMENTS_GLOBAL,61004,61003,61001;61002,0.1,R3,0.7779947916666667,R3;R3
Z0_MOMENTS_GLOBAL,61004,61003,61001;61002,1.0,R3,0.7779947916666667,R3;R3
Z0_MOMENTS_GLOBAL,61004,61003,61001;61002,10.0,R3,0.7779947916666667,R3;R3
Z1_MOMENTS_STRATIFIED,61004,61001,61002;61003,0.0001,R4,0.7779947916666667,R4;R4
Z1_MOMENTS_STRATIFIED,61004,61001,61002;61003,0.001,R4,0.7779947916666667,R4;R4
Z1_MOMENTS_STRATIFIED,61004,61001,61002;61003,0.01,R4,0.7779947916666667,R4;R4
Z1_MOMENTS_STRATIFIED,61004,61001,61002;61003,0.1,R4,0.7779947916666667,R4;R4
Z1_MOMENTS_STRATIFIED,61004,61001,61002;61003,1.0,R4,0.7779947916666667,R4;R4
Z1_MOMENTS_STRATIFIED,61004,61001,61002;61003,10.0,R4,0.7779947916666667,R4;R4
Z1_MOMENTS_STRATIFIED,61004,61002,61001;61003,0.0001,R3,0.7732204861111112,R3;R7
Z1_MOMENTS_STRATIFIED,61004,61002,61001;61003,0.001,R3,0.7732204861111112,R3;R7
Z1_MOMENTS_STRATIFIED,61004,61002,61001;61003,0.01,R3,0.7732204861111112,R3;R3
Z1_MOMENTS_STRATIFIED,61004,61002,61001;61003,0.1,R3,0.7732204861111112,R3;R3
Z1_MOMENTS_STRATIFIED,61004,61002,61001;61003,1.0,R3,0.7732204861111112,R3;R3
Z1_MOMENTS_STRATIFIED,61004,61002,61001;61003,10.0,R3,0.7732204861111112,R3;R3
Z1_MOMENTS_STRATIFIED,61004,61003,61001;61002,0.0001,R3,0.7779947916666667,R3;R3
Z1_MOMENTS_STRATIFIED,61004,61003,61001;61002,0.001,R3,0.7779947916666667,R3;R3
Z1_MOMENTS_STRATIFIED,61004,61003,61001;61002,0.01,R3,0.7779947916666667,R3;R3
Z1_MOMENTS_STRATIFIED,61004,61003,61001;61002,0.1,R3,0.7779947916666667,R3;R3
Z1_MOMENTS_STRATIFIED,61004,61003,61001;61002,1.0,R3,0.7779947916666667,R3;R3
Z1_MOMENTS_STRATIFIED,61004,61003,61001;61002,10.0,R3,0.7779947916666667,R3;R3
Z2_REWARD_DISTRIBUTION,61004,61001,61002;61003,0.0001,R4,0.7779947916666667,R4;R4
Z2_REWARD_DISTRIBUTION,61004,61001,61002;61003,0.001,R4,0.7779947916666667,R4;R4
Z2_REWARD_DISTRIBUTION,61004,61001,61002;61003,0.01,R4,0.7779947916666667,R4;R4
Z2_REWARD_DISTRIBUTION,61004,61001,61002;61003,0.1,R4,0.7779947916666667,R4;R4
Z2_REWARD_DISTRIBUTION,61004,61001,61002;61003,1.0,R4,0.7779947916666667,R4;R4
Z2_REWARD_DISTRIBUTION,61004,61001,61002;61003,10.0,R4,0.7779947916666667,R4;R4
Z2_REWARD_DISTRIBUTION,61004,61002,61001;61003,0.0001,R3,0.7732204861111112,R3;R3
Z2_REWARD_DISTRIBUTION,61004,61002,61001;61003,0.001,R3,0.7732204861111112,R3;R3
Z2_REWARD_DISTRIBUTION,61004,61002,61001;61003,0.01,R3,0.7732204861111112,R3;R3
Z2_REWARD_DISTRIBUTION,61004,61002,61001;61003,0.1,R3,0.7732204861111112,R3;R3
Z2_REWARD_DISTRIBUTION,61004,61002,61001;61003,1.0,R3,0.7732204861111112,R3;R3
Z2_REWARD_DISTRIBUTION,61004,61002,61001;61003,10.0,R3,0.7732204861111112,R3;R3
Z2_REWARD_DISTRIBUTION,61004,61003,61001;61002,0.0001,R3,0.7779947916666667,R3;R3
Z2_REWARD_DISTRIBUTION,61004,61003,61001;61002,0.001,R3,0.7779947916666667,R3;R3
Z2_REWARD_DISTRIBUTION,61004,61003,61001;61002,0.01,R3,0.7779947916666667,R3;R3
Z2_REWARD_DISTRIBUTION,61004,61003,61001;61002,0.1,R3,0.7779947916666667,R3;R3
Z2_REWARD_DISTRIBUTION,61004,61003,61001;61002,1.0,R3,0.7779947916666667,R3;R3
Z2_REWARD_DISTRIBUTION,61004,61003,61001;61002,10.0,R3,0.7779947916666667,R3;R3
Z3_REPAIR_STRUCTURE,61004,61001,61002;61003,0.0001,R4,0.7779947916666667,R4;R4
Z3_REPAIR_STRUCTURE,61004,61001,61002;61003,0.001,R4,0.7779947916666667,R4;R4
Z3_REPAIR_STRUCTURE,61004,61001,61002;61003,0.01,R4,0.7779947916666667,R4;R4
Z3_REPAIR_STRUCTURE,61004,61001,61002;61003,0.1,R4,0.7779947916666667,R4;R4
Z3_REPAIR_STRUCTURE,61004,61001,61002;61003,1.0,R4,0.7779947916666667,R4;R4
Z3_REPAIR_STRUCTURE,61004,61001,61002;61003,10.0,R4,0.7779947916666667,R4;R4
Z3_REPAIR_STRUCTURE,61004,61002,61001;61003,0.0001,R3,0.7732204861111112,R3;R3
Z3_REPAIR_STRUCTURE,61004,61002,61001;61003,0.001,R3,0.7732204861111112,R3;R3
Z3_REPAIR_STRUCTURE,61004,61002,61001;61003,0.01,R3,0.7732204861111112,R3;R3
Z3_REPAIR_STRUCTURE,61004,61002,61001;61003,0.1,R3,0.7732204861111112,R3;R3
Z3_REPAIR_STRUCTURE,61004,61002,61001;61003,1.0,R3,0.7732204861111112,R3;R3
Z3_REPAIR_STRUCTURE,61004,61002,61001;61003,10.0,R3,0.7732204861111112,R3;R3
Z3_REPAIR_STRUCTURE,61004,61003,61001;61002,0.0001,R3,0.7779947916666667,R3;R3
Z3_REPAIR_STRUCTURE,61004,61003,61001;61002,0.001,R3,0.7779947916666667,R3;R3
Z3_REPAIR_STRUCTURE,61004,61003,61001;61002,0.01,R3,0.7779947916666667,R3;R3
Z3_REPAIR_STRUCTURE,61004,61003,61001;61002,0.1,R3,0.7779947916666667,R3;R3
Z3_REPAIR_STRUCTURE,61004,61003,61001;61002,1.0,R3,0.7779947916666667,R3;R3
Z3_REPAIR_STRUCTURE,61004,61003,61001;61002,10.0,R3,0.7779947916666667,R3;R3
