observation,method,rank_cap,diagnostic,covariance_source,blocks,training_seed_count,projector_distance_mean,scope,pX_nrmse,v_nrmse
O_LR_MIX,C5,FULL,EXACT_U_FINITE_COEFFICIENTS,EXACT_ORACLE,288,6,2.9678184216932187e-08,PRIMARY_CONTRAST_LEGACY_DEVELOPMENT_ORACLE_ISOLATION_ONLY,0.344180805640866,0.20291126589554687
O_LR_MIX,C5,FULL,EXACT_U_FINITE_COEFFICIENTS,FINITE_PAID,288,6,3.3319723430017165e-08,PRIMARY_CONTRAST_LEGACY_DEVELOPMENT_ORACLE_ISOLATION_ONLY,0.3441728161305849,0.20295709565818568
O_LR_MIX,C5,FULL,FINITE_U_EXACT_COEFFICIENTS,EXACT_ORACLE,288,6,3.5271126367043105e-08,PRIMARY_CONTRAST_LEGACY_DEVELOPMENT_ORACLE_ISOLATION_ONLY,0.2941726608787845,0.1937204964113804
O_LR_MIX,C5,FULL,FINITE_U_EXACT_COEFFICIENTS,FINITE_PAID,288,6,3.560471385382011e-08,PRIMARY_CONTRAST_LEGACY_DEVELOPMENT_ORACLE_ISOLATION_ONLY,0.2941701935987984,0.19372579787982055
O_LR_MIX,C5,FULL,FINITE_U_FINITE_COEFFICIENTS,EXACT_ORACLE,288,6,3.5271126367043105e-08,PRIMARY_CONTRAST_LEGACY_DEVELOPMENT_ORACLE_ISOLATION_ONLY,0.34418080564086595,0.20291126589554703
O_LR_MIX,C5,FULL,FINITE_U_FINITE_COEFFICIENTS,FINITE_PAID,288,6,3.560471385382011e-08,PRIMARY_CONTRAST_LEGACY_DEVELOPMENT_ORACLE_ISOLATION_ONLY,0.3441728161305848,0.2029570956581856
O_LR_MIX,C5,1,EXACT_U_FINITE_COEFFICIENTS,EXACT_ORACLE,288,6,1.5937485178917424e-08,PRIMARY_CONTRAST_LEGACY_DEVELOPMENT_ORACLE_ISOLATION_ONLY,0.4040246083815204,0.35545225460102875
O_LR_MIX,C5,1,EXACT_U_FINITE_COEFFICIENTS,FINITE_PAID,288,6,1.5261990074782327e-08,PRIMARY_CONTRAST_LEGACY_DEVELOPMENT_ORACLE_ISOLATION_ONLY,0.3728769854966254,0.36018567239818033
O_LR_MIX,C5,1,FINITE_U_EXACT_COEFFICIENTS,EXACT_ORACLE,288,6,0.07820668134016505,PRIMARY_CONTRAST_LEGACY_DEVELOPMENT_ORACLE_ISOLATION_ONLY,0.39748005944009496,0.3537466215512915
O_LR_MIX,C5,1,FINITE_U_EXACT_COEFFICIENTS,FINITE_PAID,288,6,0.07808591876659901,PRIMARY_CONTRAST_LEGACY_DEVELOPMENT_ORACLE_ISOLATION_ONLY,0.39427619370868544,0.3506110178535945
O_LR_MIX,C5,1,FINITE_U_FINITE_COEFFICIENTS,EXACT_ORACLE,288,6,0.07820668134016505,PRIMARY_CONTRAST_LEGACY_DEVELOPMENT_ORACLE_ISOLATION_ONLY,0.4063451433808382,0.35529130470705933
O_LR_MIX,C5,1,FINITE_U_FINITE_COEFFICIENTS,FINITE_PAID,288,6,0.07808591876659901,PRIMARY_CONTRAST_LEGACY_DEVELOPMENT_ORACLE_ISOLATION_ONLY,0.37588211652042114,0.3597018033948648
O_LR_MIX,C5,2,EXACT_U_FINITE_COEFFICIENTS,EXACT_ORACLE,288,6,1.579954541777549e-08,PRIMARY_CONTRAST_LEGACY_DEVELOPMENT_ORACLE_ISOLATION_ONLY,0.3139784431288625,0.1959330026659072
O_LR_MIX,C5,2,EXACT_U_FINITE_COEFFICIENTS,FINITE_PAID,288,6,1.9336229479628233e-08,PRIMARY_CONTRAST_LEGACY_DEVELOPMENT_ORACLE_ISOLATION_ONLY,0.30654859506912663,0.2308694150969054
O_LR_MIX,C5,2,FINITE_U_EXACT_COEFFICIENTS,EXACT_ORACLE,288,6,0.5563677847863882,PRIMARY_CONTRAST_LEGACY_DEVELOPMENT_ORACLE_ISOLATION_ONLY,0.30631066731098205,0.19748130265358946
O_LR_MIX,C5,2,FINITE_U_EXACT_COEFFICIENTS,FINITE_PAID,288,6,0.5562949835184222,PRIMARY_CONTRAST_LEGACY_DEVELOPMENT_ORACLE_ISOLATION_ONLY,0.3060010244502101,0.19721994583798858
O_LR_MIX,C5,2,FINITE_U_FINITE_COEFFICIENTS,EXACT_ORACLE,288,6,0.5563677847863882,PRIMARY_CONTRAST_LEGACY_DEVELOPMENT_ORACLE_ISOLATION_ONLY,0.3264950880388942,0.20256553759343535
O_LR_MIX,C5,2,FINITE_U_FINITE_COEFFICIENTS,FINITE_PAID,288,6,0.5562949835184222,PRIMARY_CONTRAST_LEGACY_DEVELOPMENT_ORACLE_ISOLATION_ONLY,0.31554103070947126,0.2306832187777978
O_LR_MIX,C6,FULL,EXACT_U_FINITE_COEFFICIENTS,EXACT_ORACLE,288,6,3.484425963945612e-08,PRIMARY_CONTRAST_LEGACY_DEVELOPMENT_ORACLE_ISOLATION_ONLY,0.3441808056408659,0.20291126589554695
O_LR_MIX,C6,FULL,EXACT_U_FINITE_COEFFICIENTS,FINITE_PAID,288,6,3.803375887305586e-08,PRIMARY_CONTRAST_LEGACY_DEVELOPMENT_ORACLE_ISOLATION_ONLY,0.34417281613058487,0.20295709565818562
O_LR_MIX,C6,FULL,FINITE_U_EXACT_COEFFICIENTS,EXACT_ORACLE,288,6,3.545048383637296e-08,PRIMARY_CONTRAST_LEGACY_DEVELOPMENT_ORACLE_ISOLATION_ONLY,0.29417266087878446,0.19372049641138026
O_LR_MIX,C6,FULL,FINITE_U_EXACT_COEFFICIENTS,FINITE_PAID,288,6,3.672130668102087e-08,PRIMARY_CONTRAST_LEGACY_DEVELOPMENT_ORACLE_ISOLATION_ONLY,0.2941701935987984,0.1937257978798205
O_LR_MIX,C6,FULL,FINITE_U_FINITE_COEFFICIENTS,EXACT_ORACLE,288,6,3.545048383637296e-08,PRIMARY_CONTRAST_LEGACY_DEVELOPMENT_ORACLE_ISOLATION_ONLY,0.34418080564086595,0.20291126589554692
O_LR_MIX,C6,FULL,FINITE_U_FINITE_COEFFICIENTS,FINITE_PAID,288,6,3.672130668102087e-08,PRIMARY_CONTRAST_LEGACY_DEVELOPMENT_ORACLE_ISOLATION_ONLY,0.3441728161305848,0.2029570956581856
O_LR_MIX,C6,1,EXACT_U_FINITE_COEFFICIENTS,EXACT_ORACLE,288,6,1.820036052861463e-08,PRIMARY_CONTRAST_LEGACY_DEVELOPMENT_ORACLE_ISOLATION_ONLY,0.4433494070599453,0.33095768208254356
O_LR_MIX,C6,1,EXACT_U_FINITE_COEFFICIENTS,FINITE_PAID,288,6,1.5692714917742416e-08,PRIMARY_CONTRAST_LEGACY_DEVELOPMENT_ORACLE_ISOLATION_ONLY,0.39813482053402083,0.3407428603969049
O_LR_MIX,C6,1,FINITE_U_EXACT_COEFFICIENTS,EXACT_ORACLE,288,6,0.08098481043549492,PRIMARY_CONTRAST_LEGACY_DEVELOPMENT_ORACLE_ISOLATION_ONLY,0.4367996473745519,0.3279600713051509
O_LR_MIX,C6,1,FINITE_U_EXACT_COEFFICIENTS,FINITE_PAID,288,6,0.08086180346040088,PRIMARY_CONTRAST_LEGACY_DEVELOPMENT_ORACLE_ISOLATION_ONLY,0.43253636340257473,0.32536695363277773
O_LR_MIX,C6,1,FINITE_U_FINITE_COEFFICIENTS,EXACT_ORACLE,288,6,0.08098481043549492,PRIMARY_CONTRAST_LEGACY_DEVELOPMENT_ORACLE_ISOLATION_ONLY,0.44445774135471566,0.32960124181221073
O_LR_MIX,C6,1,FINITE_U_FINITE_COEFFICIENTS,FINITE_PAID,288,6,0.08086180346040088,PRIMARY_CONTRAST_LEGACY_DEVELOPMENT_ORACLE_ISOLATION_ONLY,0.3998851554446925,0.3393247550410832
O_LR_MIX,C6,2,EXACT_U_FINITE_COEFFICIENTS,EXACT_ORACLE,288,6,2.2706201787806927e-08,PRIMARY_CONTRAST_LEGACY_DEVELOPMENT_ORACLE_ISOLATION_ONLY,0.3135611625370443,0.1964255914478428
O_LR_MIX,C6,2,EXACT_U_FINITE_COEFFICIENTS,FINITE_PAID,288,6,2.0757455496660496e-08,PRIMARY_CONTRAST_LEGACY_DEVELOPMENT_ORACLE_ISOLATION_ONLY,0.3061813129320192,0.2317884990855033
O_LR_MIX,C6,2,FINITE_U_EXACT_COEFFICIENTS,EXACT_ORACLE,288,6,0.49476343100762527,PRIMARY_CONTRAST_LEGACY_DEVELOPMENT_ORACLE_ISOLATION_ONLY,0.2998223055848686,0.19281031478435384
O_LR_MIX,C6,2,FINITE_U_EXACT_COEFFICIENTS,FINITE_PAID,288,6,0.4947240730660819,PRIMARY_CONTRAST_LEGACY_DEVELOPMENT_ORACLE_ISOLATION_ONLY,0.299448730893255,0.1927043757952836
O_LR_MIX,C6,2,FINITE_U_FINITE_COEFFICIENTS,EXACT_ORACLE,288,6,0.49476343100762527,PRIMARY_CONTRAST_LEGACY_DEVELOPMENT_ORACLE_ISOLATION_ONLY,0.3209043156103112,0.19801781035222982
O_LR_MIX,C6,2,FINITE_U_FINITE_COEFFICIENTS,FINITE_PAID,288,6,0.4947240730660819,PRIMARY_CONTRAST_LEGACY_DEVELOPMENT_ORACLE_ISOLATION_ONLY,0.31050347682244434,0.22934046756772508
O_LR_ORIGIN,C5,FULL,EXACT_U_FINITE_COEFFICIENTS,EXACT_ORACLE,288,6,4.2825365983622054e-08,PRIMARY_CONTRAST_LEGACY_DEVELOPMENT_ORACLE_ISOLATION_ONLY,0.3370079795721515,0.20285330024319045
O_LR_ORIGIN,C5,FULL,EXACT_U_FINITE_COEFFICIENTS,FINITE_PAID,288,6,3.351877641095726e-08,PRIMARY_CONTRAST_LEGACY_DEVELOPMENT_ORACLE_ISOLATION_ONLY,0.33701483885406514,0.20289907117273337
O_LR_ORIGIN,C5,FULL,FINITE_U_EXACT_COEFFICIENTS,EXACT_ORACLE,288,6,3.575235939182376e-08,PRIMARY_CONTRAST_LEGACY_DEVELOPMENT_ORACLE_ISOLATION_ONLY,0.2941416229756582,0.1937239191553185
O_LR_ORIGIN,C5,FULL,FINITE_U_EXACT_COEFFICIENTS,FINITE_PAID,288,6,3.3412783852892605e-08,PRIMARY_CONTRAST_LEGACY_DEVELOPMENT_ORACLE_ISOLATION_ONLY,0.29413913539680314,0.1937278175291426
O_LR_ORIGIN,C5,FULL,FINITE_U_FINITE_COEFFICIENTS,EXACT_ORACLE,288,6,3.575235939182376e-08,PRIMARY_CONTRAST_LEGACY_DEVELOPMENT_ORACLE_ISOLATION_ONLY,0.33700797957215145,0.20285330024319054
O_LR_ORIGIN,C5,FULL,FINITE_U_FINITE_COEFFICIENTS,FINITE_PAID,288,6,3.3412783852892605e-08,PRIMARY_CONTRAST_LEGACY_DEVELOPMENT_ORACLE_ISOLATION_ONLY,0.33701483885406514,0.20289907117273326
O_LR_ORIGIN,C5,1,EXACT_U_FINITE_COEFFICIENTS,EXACT_ORACLE,288,6,1.8217093147770896e-08,PRIMARY_CONTRAST_LEGACY_DEVELOPMENT_ORACLE_ISOLATION_ONLY,0.4485696018539411,0.3426907137128709
O_LR_ORIGIN,C5,1,EXACT_U_FINITE_COEFFICIENTS,FINITE_PAID,288,6,1.6276223436804572e-08,PRIMARY_CONTRAST_LEGACY_DEVELOPMENT_ORACLE_ISOLATION_ONLY,0.45249239050156004,0.35826884306143125
O_LR_ORIGIN,C5,1,FINITE_U_EXACT_COEFFICIENTS,EXACT_ORACLE,288,6,0.05802409380732392,PRIMARY_CONTRAST_LEGACY_DEVELOPMENT_ORACLE_ISOLATION_ONLY,0.4391355812702839,0.3399121790638431
O_LR_ORIGIN,C5,1,FINITE_U_EXACT_COEFFICIENTS,FINITE_PAID,288,6,0.057963661741987985,PRIMARY_CONTRAST_LEGACY_DEVELOPMENT_ORACLE_ISOLATION_ONLY,0.4321738142592272,0.33914591427279517
O_LR_ORIGIN,C5,1,FINITE_U_FINITE_COEFFICIENTS,EXACT_ORACLE,288,6,0.05802409380732392,PRIMARY_CONTRAST_LEGACY_DEVELOPMENT_ORACLE_ISOLATION_ONLY,0.45034443801421437,0.34150871461532034
O_LR_ORIGIN,C5,1,FINITE_U_FINITE_COEFFICIENTS,FINITE_PAID,288,6,0.057963661741987985,PRIMARY_CONTRAST_LEGACY_DEVELOPMENT_ORACLE_ISOLATION_ONLY,0.45582162528211356,0.35687800063322106
O_LR_ORIGIN,C5,2,EXACT_U_FINITE_COEFFICIENTS,EXACT_ORACLE,288,6,2.3030914950970857e-08,PRIMARY_CONTRAST_LEGACY_DEVELOPMENT_ORACLE_ISOLATION_ONLY,0.3272166992425121,0.19460007839021576
O_LR_ORIGIN,C5,2,EXACT_U_FINITE_COEFFICIENTS,FINITE_PAID,288,6,1.7515787936219542e-08,PRIMARY_CONTRAST_LEGACY_DEVELOPMENT_ORACLE_ISOLATION_ONLY,0.307241704052456,0.22773348856986517
O_LR_ORIGIN,C5,2,FINITE_U_EXACT_COEFFICIENTS,EXACT_ORACLE,288,6,0.5212191287027398,PRIMARY_CONTRAST_LEGACY_DEVELOPMENT_ORACLE_ISOLATION_ONLY,0.3021221070077808,0.1925542986456881
O_LR_ORIGIN,C5,2,FINITE_U_EXACT_COEFFICIENTS,FINITE_PAID,288,6,0.5211581950513282,PRIMARY_CONTRAST_LEGACY_DEVELOPMENT_ORACLE_ISOLATION_ONLY,0.299119026001928,0.1924161160667311
O_LR_ORIGIN,C5,2,FINITE_U_FINITE_COEFFICIENTS,EXACT_ORACLE,288,6,0.5212191287027398,PRIMARY_CONTRAST_LEGACY_DEVELOPMENT_ORACLE_ISOLATION_ONLY,0.32306108593598226,0.19709100812080424
O_LR_ORIGIN,C5,2,FINITE_U_FINITE_COEFFICIENTS,FINITE_PAID,288,6,0.5211581950513282,PRIMARY_CONTRAST_LEGACY_DEVELOPMENT_ORACLE_ISOLATION_ONLY,0.3102364485252919,0.22626138754468295
O_LR_ORIGIN,C6,FULL,EXACT_U_FINITE_COEFFICIENTS,EXACT_ORACLE,288,6,3.881765217358609e-08,PRIMARY_CONTRAST_LEGACY_DEVELOPMENT_ORACLE_ISOLATION_ONLY,0.33700797957215134,0.20285330024319045
O_LR_ORIGIN,C6,FULL,EXACT_U_FINITE_COEFFICIENTS,FINITE_PAID,288,6,3.179522259392374e-08,PRIMARY_CONTRAST_LEGACY_DEVELOPMENT_ORACLE_ISOLATION_ONLY,0.33701483885406525,0.20289907117273323
O_LR_ORIGIN,C6,FULL,FINITE_U_EXACT_COEFFICIENTS,EXACT_ORACLE,288,6,3.777058028249349e-08,PRIMARY_CONTRAST_LEGACY_DEVELOPMENT_ORACLE_ISOLATION_ONLY,0.2941416229756584,0.1937239191553184
O_LR_ORIGIN,C6,FULL,FINITE_U_EXACT_COEFFICIENTS,FINITE_PAID,288,6,3.676202723598021e-08,PRIMARY_CONTRAST_LEGACY_DEVELOPMENT_ORACLE_ISOLATION_ONLY,0.29413913539680325,0.19372781752914248
O_LR_ORIGIN,C6,FULL,FINITE_U_FINITE_COEFFICIENTS,EXACT_ORACLE,288,6,3.777058028249349e-08,PRIMARY_CONTRAST_LEGACY_DEVELOPMENT_ORACLE_ISOLATION_ONLY,0.33700797957215145,0.20285330024319048
O_LR_ORIGIN,C6,FULL,FINITE_U_FINITE_COEFFICIENTS,FINITE_PAID,288,6,3.676202723598021e-08,PRIMARY_CONTRAST_LEGACY_DEVELOPMENT_ORACLE_ISOLATION_ONLY,0.3370148388540652,0.20289907117273331
O_LR_ORIGIN,C6,1,EXACT_U_FINITE_COEFFICIENTS,EXACT_ORACLE,288,6,1.3758301322878396e-08,PRIMARY_CONTRAST_LEGACY_DEVELOPMENT_ORACLE_ISOLATION_ONLY,0.4223378075194652,0.3199116223948046
O_LR_ORIGIN,C6,1,EXACT_U_FINITE_COEFFICIENTS,FINITE_PAID,288,6,1.282885673207893e-08,PRIMARY_CONTRAST_LEGACY_DEVELOPMENT_ORACLE_ISOLATION_ONLY,0.4139537066572383,0.3361967651665487
O_LR_ORIGIN,C6,1,FINITE_U_EXACT_COEFFICIENTS,EXACT_ORACLE,288,6,0.05992051315328081,PRIMARY_CONTRAST_LEGACY_DEVELOPMENT_ORACLE_ISOLATION_ONLY,0.4096021735767044,0.31776630656999544
O_LR_ORIGIN,C6,1,FINITE_U_EXACT_COEFFICIENTS,FINITE_PAID,288,6,0.059873284529823656,PRIMARY_CONTRAST_LEGACY_DEVELOPMENT_ORACLE_ISOLATION_ONLY,0.40910222089365944,0.31680742977107446
O_LR_ORIGIN,C6,1,FINITE_U_FINITE_COEFFICIENTS,EXACT_ORACLE,288,6,0.05992051315328081,PRIMARY_CONTRAST_LEGACY_DEVELOPMENT_ORACLE_ISOLATION_ONLY,0.422615078211675,0.31945276010945606
O_LR_ORIGIN,C6,1,FINITE_U_FINITE_COEFFICIENTS,FINITE_PAID,288,6,0.059873284529823656,PRIMARY_CONTRAST_LEGACY_DEVELOPMENT_ORACLE_ISOLATION_ONLY,0.4157520180883669,0.33548998112537953
O_LR_ORIGIN,C6,2,EXACT_U_FINITE_COEFFICIENTS,EXACT_ORACLE,288,6,1.9398155139607096e-08,PRIMARY_CONTRAST_LEGACY_DEVELOPMENT_ORACLE_ISOLATION_ONLY,0.32680723598634515,0.19452301881781267
O_LR_ORIGIN,C6,2,EXACT_U_FINITE_COEFFICIENTS,FINITE_PAID,288,6,1.792638704114534e-08,PRIMARY_CONTRAST_LEGACY_DEVELOPMENT_ORACLE_ISOLATION_ONLY,0.306900283501697,0.22839902854050328
O_LR_ORIGIN,C6,2,FINITE_U_EXACT_COEFFICIENTS,EXACT_ORACLE,288,6,0.45531377385361854,PRIMARY_CONTRAST_LEGACY_DEVELOPMENT_ORACLE_ISOLATION_ONLY,0.30598387998158744,0.18966229794931255
O_LR_ORIGIN,C6,2,FINITE_U_EXACT_COEFFICIENTS,FINITE_PAID,288,6,0.45528147024405524,PRIMARY_CONTRAST_LEGACY_DEVELOPMENT_ORACLE_ISOLATION_ONLY,0.3028794401156799,0.18989543771706283
O_LR_ORIGIN,C6,2,FINITE_U_FINITE_COEFFICIENTS,EXACT_ORACLE,288,6,0.45531377385361854,PRIMARY_CONTRAST_LEGACY_DEVELOPMENT_ORACLE_ISOLATION_ONLY,0.3274135077672131,0.1943874161849061
O_LR_ORIGIN,C6,2,FINITE_U_FINITE_COEFFICIENTS,FINITE_PAID,288,6,0.45528147024405524,PRIMARY_CONTRAST_LEGACY_DEVELOPMENT_ORACLE_ISOLATION_ONLY,0.3093744118853264,0.22514287851207795
