origin,recipe,prompts,H8_J,H32_same_prompts_J,aligned_change
61001_t32,R5,24,0.6302083333333334,0.6588541666666666,0.02864583333333326
61001_t32,GDPO_R4,24,0.6354166666666666,0.6692708333333334,0.03385416666666674
61001_t32,R4,24,0.6145833333333334,0.671875,0.05729166666666663
61001_t32,SAW_R4,24,0.6197916666666666,0.6640625,0.04427083333333337
61001_t96,R1,24,0.7083333333333334,0.7057291666666666,-0.0026041666666667407
61001_t96,R5,24,0.7083333333333334,0.7083333333333334,0.0
61001_t96,R7,24,0.7083333333333334,0.7083333333333334,0.0
61001_t96,R4,24,0.7083333333333334,0.7083333333333334,0.0
61003_t32,R3,24,0.6145833333333334,0.6640625,0.04947916666666663
61003_t32,R1,24,0.625,0.6666666666666666,0.04166666666666663
61003_t32,GDPO_R4,24,0.6458333333333334,0.6640625,0.01822916666666663
61003_t32,R7,24,0.6197916666666666,0.6614583333333334,0.04166666666666674
