origin,recipe,stratum,n,pX,pI,relation_full_wrong,coord_accuracy,valid_n,valid_repair_mask,damage_any_given_valid,F_given_valid,B_given_valid,M_given_valid,single_edit_given_valid,copy_given_valid,Bdamage_all_outputs
61001_t96,R4,cross_series/IMAGE_CUE_FRESH,384,1.0,0.0,0.0,1.0,384,True,0.0,1.0,0.0,1.0,1.0,0.0,0.0
61001_t96,R4,cross_series/SYMBOLIC_FRESH,384,0.390625,0.0234375,0.0,0.7923177083333334,375,True,0.14133333333333334,0.4106666666666667,0.16533333333333333,0.5786666666666667,0.5066666666666667,0.45866666666666667,0.07725694444444443
61001_t96,R4,duplicate_encoding/IMAGE_CUE_FRESH,384,1.0,0.0,0.0,1.0,384,True,0.0,1.0,0.0,1.0,1.0,0.0,0.0
61001_t96,R4,duplicate_encoding/SYMBOLIC_FRESH,384,1.0,0.0,0.0,1.0,384,True,0.0,1.0,0.0,1.0,1.0,0.0,0.0
61001_t96,R4,trend/IMAGE_CUE_FRESH,384,1.0,0.0,0.0,1.0,384,True,0.0,1.0,0.0,1.0,1.0,0.0,0.0
61001_t96,R4,trend/SYMBOLIC_FRESH,384,0.3385416666666667,0.19010416666666666,0.15625,0.517578125,311,True,0.4694533762057878,0.4180064308681672,0.8617363344051447,1.3215434083601285,0.4565916398713826,0.11254019292604502,0.4227430555555555
61004_t32,DIRECT_REPAIR_R4,cross_series/IMAGE_CUE_FRESH,384,0.9947916666666666,0.0,0.0,0.9986979166666666,384,True,0.0026041666666666665,0.9973958333333334,0.0026041666666666665,1.0,0.9947916666666666,0.0026041666666666665,0.0008680555555555555
61004_t32,DIRECT_REPAIR_R4,cross_series/SYMBOLIC_FRESH,384,0.3333333333333333,0.03125,0.0026041666666666665,0.7532552083333334,372,True,0.21774193548387097,0.3682795698924731,0.25806451612903225,0.6747311827956989,0.5241935483870968,0.40591397849462363,0.11458333333333333
61004_t32,DIRECT_REPAIR_R4,duplicate_encoding/IMAGE_CUE_FRESH,384,1.0,0.0,0.0,1.0,384,True,0.0,1.0,0.0,1.0,1.0,0.0,0.0
61004_t32,DIRECT_REPAIR_R4,duplicate_encoding/SYMBOLIC_FRESH,384,0.9713541666666666,0.0,0.005208333333333333,0.9895833333333334,384,True,0.018229166666666668,0.9765625,0.018229166666666668,0.9947916666666666,0.984375,0.010416666666666666,0.006076388888888888
61004_t32,DIRECT_REPAIR_R4,trend/IMAGE_CUE_FRESH,384,0.9322916666666666,0.0,0.0,0.982421875,384,True,0.0026041666666666665,0.9322916666666666,0.0026041666666666665,0.9375,0.9322916666666666,0.06510416666666667,0.0008680555555555555
61004_t32,DIRECT_REPAIR_R4,trend/SYMBOLIC_FRESH,384,0.3098958333333333,0.07552083333333333,0.109375,0.5885416666666666,355,True,0.4591549295774648,0.3352112676056338,0.7887323943661971,1.2112676056338028,0.4704225352112676,0.17746478873239438,0.3185763888888889
61002_t32,DIRECT_REPAIR_R4,cross_series/IMAGE_CUE_FRESH,384,0.9947916666666666,0.0,0.0,0.9986979166666666,384,True,0.0,0.9947916666666666,0.0,1.0,1.0,0.0,0.0
61002_t32,DIRECT_REPAIR_R4,cross_series/SYMBOLIC_FRESH,384,0.3463541666666667,0.0234375,0.0026041666666666665,0.7766927083333334,375,True,0.16533333333333333,0.36533333333333334,0.184,0.584,0.52,0.4533333333333333,0.08333333333333333
61002_t32,DIRECT_REPAIR_R4,duplicate_encoding/IMAGE_CUE_FRESH,384,1.0,0.0,0.0,1.0,384,True,0.0,1.0,0.0,1.0,1.0,0.0,0.0
61002_t32,DIRECT_REPAIR_R4,duplicate_encoding/SYMBOLIC_FRESH,384,0.9791666666666666,0.0,0.0,0.9947916666666666,384,True,0.0,0.9791666666666666,0.0,0.9791666666666666,0.9791666666666666,0.020833333333333332,0.0
61002_t32,DIRECT_REPAIR_R4,trend/IMAGE_CUE_FRESH,384,0.9583333333333334,0.0,0.0,0.9895833333333334,384,True,0.0,0.9583333333333334,0.0,0.9583333333333334,0.9583333333333334,0.041666666666666664,0.0
61002_t32,DIRECT_REPAIR_R4,trend/SYMBOLIC_FRESH,384,0.3125,0.015625,0.06510416666666667,0.6822916666666666,378,True,0.35978835978835977,0.31746031746031744,0.544973544973545,0.9126984126984127,0.5052910052910053,0.29894179894179895,0.19444444444444442
61001_t96,R5,cross_series/IMAGE_CUE_FRESH,384,1.0,0.0,0.0,1.0,384,True,0.0,1.0,0.0,1.0,1.0,0.0,0.0
61001_t96,R5,cross_series/SYMBOLIC_FRESH,384,0.3828125,0.005208333333333333,0.0,0.8040364583333334,382,True,0.14659685863874344,0.39528795811518325,0.16230366492146597,0.5575916230366492,0.5052356020942408,0.468586387434555,0.05902777777777777
61001_t96,R5,duplicate_encoding/IMAGE_CUE_FRESH,384,1.0,0.0,0.0,1.0,384,True,0.0,1.0,0.0,1.0,1.0,0.0,0.0
61001_t96,R5,duplicate_encoding/SYMBOLIC_FRESH,384,1.0,0.0,0.0,1.0,384,True,0.0,1.0,0.0,1.0,1.0,0.0,0.0
61001_t96,R5,trend/IMAGE_CUE_FRESH,384,1.0,0.0,0.0,1.0,384,True,0.0,1.0,0.0,1.0,1.0,0.0,0.0
61001_t96,R5,trend/SYMBOLIC_FRESH,384,0.3333333333333333,0.018229166666666668,0.0859375,0.6927083333333334,377,True,0.363395225464191,0.3395225464190981,0.5172413793103449,0.8992042440318302,0.5225464190981433,0.2891246684350133,0.1875
61003_t96,R1,cross_series/IMAGE_CUE_FRESH,384,1.0,0.0,0.0,1.0,384,True,0.0,1.0,0.0,1.0,1.0,0.0,0.0
61003_t96,R1,cross_series/SYMBOLIC_FRESH,384,0.3854166666666667,0.0026041666666666665,0.0,0.7994791666666666,383,True,0.1514360313315927,0.38642297650130547,0.1801566579634465,0.566579634464752,0.5091383812010444,0.4621409921671018,0.0625
61003_t96,R1,duplicate_encoding/IMAGE_CUE_FRESH,384,1.0,0.0,0.0,1.0,384,True,0.0,1.0,0.0,1.0,1.0,0.0,0.0
61003_t96,R1,duplicate_encoding/SYMBOLIC_FRESH,384,1.0,0.0,0.0,1.0,384,True,0.0,1.0,0.0,1.0,1.0,0.0,0.0
61003_t96,R1,trend/IMAGE_CUE_FRESH,384,0.9973958333333334,0.0,0.0,0.9993489583333334,384,True,0.0,0.9973958333333334,0.0,0.9973958333333334,0.9973958333333334,0.0026041666666666665,0.0
61003_t96,R1,trend/SYMBOLIC_FRESH,384,0.3307291666666667,0.08072916666666667,0.08854166666666667,0.623046875,353,True,0.43342776203966005,0.3597733711048159,0.6487252124645893,1.0566572237960339,0.5297450424929179,0.20679886685552407,0.2795138888888889
61002_t32,GDPO_R4,cross_series/IMAGE_CUE_FRESH,384,1.0,0.0,0.0,1.0,384,True,0.0,1.0,0.0,1.0,1.0,0.0,0.0
61002_t32,GDPO_R4,cross_series/SYMBOLIC_FRESH,384,0.3463541666666667,0.057291666666666664,0.010416666666666666,0.7330729166666666,362,True,0.21823204419889503,0.4143646408839779,0.30386740331491713,0.7928176795580111,0.5165745856353591,0.3729281767955801,0.15277777777777776
61002_t32,GDPO_R4,duplicate_encoding/IMAGE_CUE_FRESH,384,1.0,0.0,0.0,1.0,384,True,0.0,1.0,0.0,1.0,1.0,0.0,0.0
61002_t32,GDPO_R4,duplicate_encoding/SYMBOLIC_FRESH,384,0.9869791666666666,0.0,0.0026041666666666665,0.9947916666666666,384,True,0.010416666666666666,0.9895833333333334,0.010416666666666666,1.0,0.9947916666666666,0.0026041666666666665,0.003472222222222222
61002_t32,GDPO_R4,trend/IMAGE_CUE_FRESH,384,0.9635416666666666,0.0,0.0,0.9889322916666666,384,True,0.005208333333333333,0.9635416666666666,0.0078125,0.9739583333333334,0.96875,0.028645833333333332,0.0026041666666666665
61002_t32,GDPO_R4,trend/SYMBOLIC_FRESH,384,0.328125,0.0859375,0.13541666666666666,0.5611979166666666,351,True,0.47863247863247865,0.358974358974359,0.9031339031339032,1.358974358974359,0.4472934472934473,0.1396011396011396,0.3611111111111111
61002_t32,R5,cross_series/IMAGE_CUE_FRESH,384,0.9973958333333334,0.0,0.0,0.9993489583333334,384,True,0.0026041666666666665,1.0,0.0026041666666666665,1.0026041666666667,0.9973958333333334,0.0,0.0008680555555555555
61002_t32,R5,cross_series/SYMBOLIC_FRESH,384,0.3333333333333333,0.03125,0.0026041666666666665,0.7578125,372,True,0.21236559139784947,0.3602150537634409,0.23118279569892472,0.6451612903225806,0.5510752688172043,0.40591397849462363,0.10590277777777778
61002_t32,R5,duplicate_encoding/IMAGE_CUE_FRESH,384,1.0,0.0,0.0,1.0,384,True,0.0,1.0,0.0,1.0,1.0,0.0,0.0
61002_t32,R5,duplicate_encoding/SYMBOLIC_FRESH,384,0.9479166666666666,0.0,0.005208333333333333,0.9837239583333334,384,True,0.018229166666666668,0.953125,0.018229166666666668,0.9765625,0.9609375,0.03125,0.006076388888888888
61002_t32,R5,trend/IMAGE_CUE_FRESH,384,0.9427083333333334,0.0,0.0,0.9850260416666666,384,True,0.005208333333333333,0.9453125,0.005208333333333333,0.9557291666666666,0.9505208333333334,0.046875,0.001736111111111111
61002_t32,R5,trend/SYMBOLIC_FRESH,384,0.3098958333333333,0.049479166666666664,0.06770833333333333,0.6243489583333334,365,True,0.44931506849315067,0.32602739726027397,0.6986301369863014,1.1013698630136985,0.5616438356164384,0.1863013698630137,0.2708333333333333
61003_t32,R0,cross_series/IMAGE_CUE_FRESH,384,0.9895833333333334,0.0,0.0,0.9973958333333334,384,True,0.005208333333333333,0.9947916666666666,0.005208333333333333,1.0052083333333333,0.9947916666666666,0.0,0.001736111111111111
61003_t32,R0,cross_series/SYMBOLIC_FRESH,384,0.3385416666666667,0.046875,0.0,0.736328125,366,True,0.24043715846994534,0.3879781420765027,0.2978142076502732,0.7377049180327869,0.5546448087431693,0.3633879781420765,0.14149305555555555
61003_t32,R0,duplicate_encoding/IMAGE_CUE_FRESH,384,1.0,0.0,0.0,1.0,384,True,0.0,1.0,0.0,1.0,1.0,0.0,0.0
61003_t32,R0,duplicate_encoding/SYMBOLIC_FRESH,384,0.9895833333333334,0.0026041666666666665,0.0026041666666666665,0.994140625,383,True,0.005221932114882507,0.9947780678851175,0.007832898172323759,1.0052219321148825,0.9973890339425587,0.0,0.005208333333333333
61003_t32,R0,trend/IMAGE_CUE_FRESH,384,0.9453125,0.0,0.0,0.9856770833333334,384,True,0.0026041666666666665,0.9453125,0.0026041666666666665,0.953125,0.953125,0.046875,0.0008680555555555555
61003_t32,R0,trend/SYMBOLIC_FRESH,384,0.296875,0.09114583333333333,0.08333333333333333,0.5696614583333334,349,True,0.5157593123209169,0.32664756446991405,0.8194842406876791,1.2378223495702005,0.5587392550143266,0.11461318051575932,0.33940972222222215
61004_t96,R2,cross_series/IMAGE_CUE_FRESH,384,1.0,0.0,0.0,1.0,384,True,0.0,1.0,0.0,1.0,1.0,0.0,0.0
61004_t96,R2,cross_series/SYMBOLIC_FRESH,384,0.3828125,0.0,0.0,0.8014322916666666,384,True,0.15364583333333334,0.3828125,0.17708333333333334,0.5625,0.515625,0.4609375,0.05902777777777777
61004_t96,R2,duplicate_encoding/IMAGE_CUE_FRESH,384,1.0,0.0,0.0,1.0,384,True,0.0,1.0,0.0,1.0,1.0,0.0,0.0
61004_t96,R2,duplicate_encoding/SYMBOLIC_FRESH,384,1.0,0.0,0.0,1.0,384,True,0.0,1.0,0.0,1.0,1.0,0.0,0.0
61004_t96,R2,trend/IMAGE_CUE_FRESH,384,1.0,0.0,0.0,1.0,384,True,0.0,1.0,0.0,1.0,1.0,0.0,0.0
61004_t96,R2,trend/SYMBOLIC_FRESH,384,0.3333333333333333,0.059895833333333336,0.09895833333333333,0.60546875,361,True,0.49584487534626037,0.3545706371191136,0.778393351800554,1.1772853185595569,0.5235457063711911,0.14958448753462603,0.3038194444444444
61004_t32,R7,cross_series/IMAGE_CUE_FRESH,384,1.0,0.0,0.0,1.0,384,True,0.0,1.0,0.0,1.0,1.0,0.0,0.0
61004_t32,R7,cross_series/SYMBOLIC_FRESH,384,0.3411458333333333,0.036458333333333336,0.0078125,0.7513020833333334,370,True,0.21891891891891893,0.3864864864864865,0.26756756756756755,0.727027027027027,0.5297297297297298,0.3864864864864865,0.12239583333333333
61004_t32,R7,duplicate_encoding/IMAGE_CUE_FRESH,384,1.0,0.0,0.0,1.0,384,True,0.0,1.0,0.0,1.0,1.0,0.0,0.0
61004_t32,R7,duplicate_encoding/SYMBOLIC_FRESH,384,0.9713541666666666,0.0,0.0026041666666666665,0.9908854166666666,384,True,0.010416666666666666,0.9739583333333334,0.010416666666666666,0.9921875,0.9869791666666666,0.010416666666666666,0.003472222222222222
61004_t32,R7,trend/IMAGE_CUE_FRESH,384,0.9375,0.0,0.0,0.9830729166666666,384,True,0.005208333333333333,0.9375,0.005208333333333333,0.9427083333333334,0.9427083333333334,0.057291666666666664,0.001736111111111111
61004_t32,R7,trend/SYMBOLIC_FRESH,384,0.3203125,0.09114583333333333,0.15625,0.5345052083333334,349,True,0.5329512893982808,0.3524355300859599,1.0,1.4441260744985673,0.4326647564469914,0.10888252148997135,0.39409722222222215
61004_t32,R1,cross_series/IMAGE_CUE_FRESH,384,0.9973958333333334,0.0,0.0,0.9993489583333334,384,True,0.0026041666666666665,1.0,0.0026041666666666665,1.0026041666666667,0.9973958333333334,0.0,0.0008680555555555555
61004_t32,R1,cross_series/SYMBOLIC_FRESH,384,0.3125,0.046875,0.0,0.728515625,366,True,0.27049180327868855,0.3743169398907104,0.31693989071038253,0.7595628415300546,0.5655737704918032,0.3442622950819672,0.14756944444444445
61004_t32,R1,duplicate_encoding/IMAGE_CUE_FRESH,384,1.0,0.0,0.0,1.0,384,True,0.0,1.0,0.0,1.0,1.0,0.0,0.0
61004_t32,R1,duplicate_encoding/SYMBOLIC_FRESH,384,0.9765625,0.0,0.0078125,0.994140625,384,True,0.0078125,0.984375,0.0078125,0.9947916666666666,0.9791666666666666,0.013020833333333334,0.0026041666666666665
61004_t32,R1,trend/IMAGE_CUE_FRESH,384,0.9270833333333334,0.0,0.0,0.9811197916666666,384,True,0.0026041666666666665,0.9270833333333334,0.0026041666666666665,0.9322916666666666,0.9270833333333334,0.0703125,0.0008680555555555555
61004_t32,R1,trend/SYMBOLIC_FRESH,384,0.3125,0.109375,0.109375,0.5540364583333334,342,True,0.48830409356725146,0.3508771929824561,0.8625730994152047,1.286549707602339,0.47953216374269003,0.13157894736842105,0.36545138888888884
61003_t32,R3,cross_series/IMAGE_CUE_FRESH,384,0.9973958333333334,0.0,0.0,0.9993489583333334,384,True,0.0,0.9973958333333334,0.0,1.0,1.0,0.0,0.0
61003_t32,R3,cross_series/SYMBOLIC_FRESH,384,0.34375,0.0546875,0.0026041666666666665,0.7395833333333334,363,True,0.22865013774104684,0.41046831955922863,0.2809917355371901,0.7465564738292011,0.5344352617079889,0.371900826446281,0.14322916666666666
61003_t32,R3,duplicate_encoding/IMAGE_CUE_FRESH,384,1.0,0.0,0.0,1.0,384,True,0.0,1.0,0.0,1.0,1.0,0.0,0.0
61003_t32,R3,duplicate_encoding/SYMBOLIC_FRESH,384,1.0,0.0,0.0,1.0,384,True,0.0,1.0,0.0,1.0,1.0,0.0,0.0
61003_t32,R3,trend/IMAGE_CUE_FRESH,384,0.9453125,0.0,0.0,0.984375,384,True,0.005208333333333333,0.9453125,0.0078125,0.9609375,0.9505208333333334,0.044270833333333336,0.0026041666666666665
61003_t32,R3,trend/SYMBOLIC_FRESH,384,0.3411458333333333,0.18229166666666666,0.12760416666666666,0.5032552083333334,314,True,0.5095541401273885,0.4171974522292994,0.9554140127388535,1.4585987261146496,0.48089171974522293,0.06687898089171974,0.4427083333333333
61003_t96,SAW_R4,cross_series/IMAGE_CUE_FRESH,384,1.0,0.0,0.0,1.0,384,True,0.0,1.0,0.0,1.0,1.0,0.0,0.0
61003_t96,SAW_R4,cross_series/SYMBOLIC_FRESH,384,0.375,0.005208333333333333,0.0,0.796875,382,True,0.15706806282722513,0.4005235602094241,0.19633507853403143,0.6204188481675392,0.5,0.4424083769633508,0.0703125
61003_t96,SAW_R4,duplicate_encoding/IMAGE_CUE_FRESH,384,1.0,0.0,0.0,1.0,384,True,0.0,1.0,0.0,1.0,1.0,0.0,0.0
61003_t96,SAW_R4,duplicate_encoding/SYMBOLIC_FRESH,384,1.0,0.0,0.0,1.0,384,True,0.0,1.0,0.0,1.0,1.0,0.0,0.0
61003_t96,SAW_R4,trend/IMAGE_CUE_FRESH,384,1.0,0.0,0.0,1.0,384,True,0.0,1.0,0.0,1.0,1.0,0.0,0.0
61003_t96,SAW_R4,trend/SYMBOLIC_FRESH,384,0.3333333333333333,0.14322916666666666,0.16927083333333334,0.4908854166666667,329,True,0.5866261398176292,0.3890577507598784,1.0972644376899696,1.5379939209726443,0.4194528875379939,0.0243161094224924,0.45659722222222215
61002_t96,R3,cross_series/IMAGE_CUE_FRESH,384,1.0,0.0,0.0,1.0,384,True,0.0,1.0,0.0,1.0,1.0,0.0,0.0
61002_t96,R3,cross_series/SYMBOLIC_FRESH,384,0.3854166666666667,0.036458333333333336,0.0,0.7975260416666666,370,True,0.1,0.4297297297297297,0.11891891891891893,0.5513513513513514,0.4540540540540541,0.5,0.07465277777777778
61002_t96,R3,duplicate_encoding/IMAGE_CUE_FRESH,384,1.0,0.0,0.0,1.0,384,True,0.0,1.0,0.0,1.0,1.0,0.0,0.0
61002_t96,R3,duplicate_encoding/SYMBOLIC_FRESH,384,1.0,0.0,0.0,1.0,384,True,0.0,1.0,0.0,1.0,1.0,0.0,0.0
61002_t96,R3,trend/IMAGE_CUE_FRESH,384,1.0,0.0,0.0,1.0,384,True,0.0,1.0,0.0,1.0,1.0,0.0,0.0
61002_t96,R3,trend/SYMBOLIC_FRESH,384,0.3333333333333333,0.1484375,0.1328125,0.515625,327,True,0.5076452599388379,0.39143730886850153,0.9694189602446484,1.415902140672783,0.42507645259938837,0.09785932721712538,0.4236111111111111
61002_t96,R6,cross_series/IMAGE_CUE_FRESH,384,1.0,0.0,0.0,1.0,384,True,0.0,1.0,0.0,1.0,1.0,0.0,0.0
61002_t96,R6,cross_series/SYMBOLIC_FRESH,384,0.3776041666666667,0.036458333333333336,0.0,0.7962239583333334,370,True,0.11081081081081082,0.4297297297297297,0.12432432432432433,0.5567567567567567,0.45135135135135135,0.4972972972972973,0.07638888888888888
61002_t96,R6,duplicate_encoding/IMAGE_CUE_FRESH,384,1.0,0.0,0.0,1.0,384,True,0.0,1.0,0.0,1.0,1.0,0.0,0.0
61002_t96,R6,duplicate_encoding/SYMBOLIC_FRESH,384,1.0,0.0,0.0,1.0,384,True,0.0,1.0,0.0,1.0,1.0,0.0,0.0
61002_t96,R6,trend/IMAGE_CUE_FRESH,384,1.0,0.0,0.0,1.0,384,True,0.0,1.0,0.0,1.0,1.0,0.0,0.0
61002_t96,R6,trend/SYMBOLIC_FRESH,384,0.3333333333333333,0.1796875,0.13802083333333334,0.4889322916666667,315,True,0.5174603174603175,0.40634920634920635,1.0222222222222221,1.4793650793650794,0.41904761904761906,0.0761904761904762,0.45920138888888884
61002_t32,SAW_R4,cross_series/IMAGE_CUE_FRESH,384,0.9947916666666666,0.0,0.0,0.9986979166666666,384,True,0.0026041666666666665,0.9973958333333334,0.0026041666666666665,1.0,0.9947916666666666,0.0026041666666666665,0.0008680555555555555
61002_t32,SAW_R4,cross_series/SYMBOLIC_FRESH,384,0.3125,0.0390625,0.015625,0.7076822916666666,369,True,0.3035230352303523,0.3604336043360434,0.4146341463414634,0.8834688346883469,0.5311653116531165,0.33062330623306235,0.171875
61002_t32,SAW_R4,duplicate_encoding/IMAGE_CUE_FRESH,384,1.0,0.0,0.0,1.0,384,True,0.0,1.0,0.0,1.0,1.0,0.0,0.0
61002_t32,SAW_R4,duplicate_encoding/SYMBOLIC_FRESH,384,0.9739583333333334,0.0,0.005208333333333333,0.9921875,384,True,0.010416666666666666,0.9791666666666666,0.010416666666666666,0.9895833333333334,0.9791666666666666,0.015625,0.003472222222222222
61002_t32,SAW_R4,trend/IMAGE_CUE_FRESH,384,0.9479166666666666,0.0,0.0,0.9850260416666666,384,True,0.005208333333333333,0.9479166666666666,0.0078125,0.9661458333333334,0.9557291666666666,0.0390625,0.0026041666666666665
61002_t32,SAW_R4,trend/SYMBOLIC_FRESH,384,0.296875,0.09375,0.16666666666666666,0.5201822916666666,348,True,0.5574712643678161,0.3275862068965517,1.0316091954022988,1.514367816091954,0.46264367816091956,0.09195402298850575,0.4053819444444444
61004_t96,GDPO_R4,cross_series/IMAGE_CUE_FRESH,384,1.0,0.0,0.0,1.0,384,True,0.0,1.0,0.0,1.0,1.0,0.0,0.0
61004_t96,GDPO_R4,cross_series/SYMBOLIC_FRESH,384,0.3828125,0.0,0.0,0.7903645833333334,384,True,0.1484375,0.3828125,0.22135416666666666,0.6171875,0.4817708333333333,0.4661458333333333,0.07378472222222222
61004_t96,GDPO_R4,duplicate_encoding/IMAGE_CUE_FRESH,384,1.0,0.0,0.0,1.0,384,True,0.0,1.0,0.0,1.0,1.0,0.0,0.0
61004_t96,GDPO_R4,duplicate_encoding/SYMBOLIC_FRESH,384,1.0,0.0,0.0,1.0,384,True,0.0,1.0,0.0,1.0,1.0,0.0,0.0
61004_t96,GDPO_R4,trend/IMAGE_CUE_FRESH,384,0.9791666666666666,0.0,0.0,0.9947916666666666,384,True,0.0,0.9791666666666666,0.0,0.9791666666666666,0.9791666666666666,0.020833333333333332,0.0
61004_t96,GDPO_R4,trend/SYMBOLIC_FRESH,384,0.3333333333333333,0.059895833333333336,0.109375,0.5221354166666666,361,True,0.6204986149584487,0.3545706371191136,1.1329639889196677,1.5318559556786704,0.4182825484764543,0.024930747922437674,0.4149305555555555
61001_t96,GDPO_R4,cross_series/IMAGE_CUE_FRESH,384,1.0,0.0,0.0,1.0,384,True,0.0,1.0,0.0,1.0,1.0,0.0,0.0
61001_t96,GDPO_R4,cross_series/SYMBOLIC_FRESH,384,0.3854166666666667,0.013020833333333334,0.0,0.80078125,379,True,0.13192612137203166,0.40633245382585753,0.16094986807387862,0.5672823218997362,0.48021108179419525,0.47757255936675463,0.06597222222222222
61001_t96,GDPO_R4,duplicate_encoding/IMAGE_CUE_FRESH,384,1.0,0.0,0.0,1.0,384,True,0.0,1.0,0.0,1.0,1.0,0.0,0.0
61001_t96,GDPO_R4,duplicate_encoding/SYMBOLIC_FRESH,384,1.0,0.0,0.0,1.0,384,True,0.0,1.0,0.0,1.0,1.0,0.0,0.0
61001_t96,GDPO_R4,trend/IMAGE_CUE_FRESH,384,1.0,0.0,0.0,1.0,384,True,0.0,1.0,0.0,1.0,1.0,0.0,0.0
61001_t96,GDPO_R4,trend/SYMBOLIC_FRESH,384,0.3333333333333333,0.16927083333333334,0.12760416666666666,0.515625,319,True,0.48589341692789967,0.4012539184952978,0.9184952978056427,1.3699059561128526,0.4043887147335423,0.11285266457680251,0.4236111111111111
61001_t32,R4,cross_series/IMAGE_CUE_FRESH,384,1.0,0.0,0.0,1.0,384,True,0.0,1.0,0.0,1.0,1.0,0.0,0.0
61001_t32,R4,cross_series/SYMBOLIC_FRESH,384,0.3411458333333333,0.041666666666666664,0.015625,0.7428385416666666,368,True,0.21739130434782608,0.38858695652173914,0.28804347826086957,0.7336956521739131,0.5163043478260869,0.39402173913043476,0.13368055555555555
61001_t32,R4,duplicate_encoding/IMAGE_CUE_FRESH,384,1.0,0.0,0.0,1.0,384,True,0.0,1.0,0.0,1.0,1.0,0.0,0.0
61001_t32,R4,duplicate_encoding/SYMBOLIC_FRESH,384,0.9765625,0.0,0.0026041666666666665,0.9915364583333334,384,True,0.013020833333333334,0.9791666666666666,0.013020833333333334,0.9921875,0.9869791666666666,0.010416666666666666,0.004340277777777777
61001_t32,R4,trend/IMAGE_CUE_FRESH,384,0.9609375,0.0,0.0,0.9889322916666666,384,True,0.005208333333333333,0.9609375,0.005208333333333333,0.96875,0.9635416666666666,0.033854166666666664,0.001736111111111111
61001_t32,R4,trend/SYMBOLIC_FRESH,384,0.328125,0.13020833333333334,0.11979166666666667,0.5638020833333334,334,True,0.4550898203592814,0.3772455089820359,0.7844311377245509,1.2305389221556886,0.5119760479041916,0.1407185628742515,0.3576388888888889
61002_t96,R4,cross_series/IMAGE_CUE_FRESH,384,1.0,0.0,0.0,1.0,384,True,0.0,1.0,0.0,1.0,1.0,0.0,0.0
61002_t96,R4,cross_series/SYMBOLIC_FRESH,384,0.3802083333333333,0.013020833333333334,0.0,0.8053385416666666,379,True,0.11873350923482849,0.41952506596306066,0.15567282321899736,0.5778364116094987,0.43271767810026385,0.49604221635883905,0.0642361111111111
61002_t96,R4,duplicate_encoding/IMAGE_CUE_FRESH,384,1.0,0.0,0.0,1.0,384,True,0.0,1.0,0.0,1.0,1.0,0.0,0.0
61002_t96,R4,duplicate_encoding/SYMBOLIC_FRESH,384,1.0,0.0,0.0,1.0,384,True,0.0,1.0,0.0,1.0,1.0,0.0,0.0
61002_t96,R4,trend/IMAGE_CUE_FRESH,384,1.0,0.0,0.0,1.0,384,True,0.0,1.0,0.0,1.0,1.0,0.0,0.0
61002_t96,R4,trend/SYMBOLIC_FRESH,384,0.3333333333333333,0.10416666666666667,0.11197916666666667,0.5657552083333334,344,True,0.4622093023255814,0.37209302325581395,0.8459302325581395,1.2732558139534884,0.436046511627907,0.16279069767441862,0.3567708333333333
61002_t32,R1,cross_series/IMAGE_CUE_FRESH,384,1.0,0.0,0.0,1.0,384,True,0.0,1.0,0.0,1.0,1.0,0.0,0.0
61002_t32,R1,cross_series/SYMBOLIC_FRESH,384,0.3567708333333333,0.03125,0.0,0.7565104166666666,372,True,0.21505376344086022,0.3817204301075269,0.25806451612903225,0.696236559139785,0.5645161290322581,0.3763440860215054,0.11458333333333333
61002_t32,R1,duplicate_encoding/IMAGE_CUE_FRESH,384,1.0,0.0,0.0,1.0,384,True,0.0,1.0,0.0,1.0,1.0,0.0,0.0
61002_t32,R1,duplicate_encoding/SYMBOLIC_FRESH,384,0.9583333333333334,0.0,0.0,0.9856770833333334,384,True,0.013020833333333334,0.9583333333333334,0.015625,0.9765625,0.96875,0.028645833333333332,0.005208333333333333
61002_t32,R1,trend/IMAGE_CUE_FRESH,384,0.9557291666666666,0.0,0.0026041666666666665,0.9876302083333334,384,True,0.0026041666666666665,0.9557291666666666,0.005208333333333333,0.9635416666666666,0.9557291666666666,0.041666666666666664,0.001736111111111111
61002_t32,R1,trend/SYMBOLIC_FRESH,384,0.3177083333333333,0.0546875,0.078125,0.62109375,363,True,0.4573002754820937,0.33608815426997246,0.7079889807162535,1.0991735537190082,0.5316804407713499,0.19008264462809918,0.27777777777777773
61002_t32,R0,cross_series/IMAGE_CUE_FRESH,384,0.9947916666666666,0.0,0.0,0.9986979166666666,384,True,0.005208333333333333,1.0,0.005208333333333333,1.0052083333333333,0.9947916666666666,0.0,0.001736111111111111
61002_t32,R0,cross_series/SYMBOLIC_FRESH,384,0.3541666666666667,0.026041666666666668,0.0,0.7682291666666666,374,True,0.18983957219251338,0.37433155080213903,0.2192513368983957,0.6149732620320856,0.5213903743315508,0.43315508021390375,0.09722222222222221
61002_t32,R0,duplicate_encoding/IMAGE_CUE_FRESH,384,0.9973958333333334,0.0,0.0,0.9993489583333334,384,True,0.0,0.9973958333333334,0.0,0.9973958333333334,0.9973958333333334,0.0026041666666666665,0.0
61002_t32,R0,duplicate_encoding/SYMBOLIC_FRESH,384,0.9765625,0.0,0.0,0.9928385416666666,384,True,0.005208333333333333,0.9765625,0.005208333333333333,0.9817708333333334,0.9817708333333334,0.018229166666666668,0.001736111111111111
61002_t32,R0,trend/IMAGE_CUE_FRESH,384,0.953125,0.0,0.0,0.9876302083333334,384,True,0.0026041666666666665,0.953125,0.0026041666666666665,0.9609375,0.9609375,0.0390625,0.0008680555555555555
61002_t32,R0,trend/SYMBOLIC_FRESH,384,0.3203125,0.078125,0.08854166666666667,0.6119791666666666,354,True,0.4322033898305085,0.3474576271186441,0.692090395480226,1.115819209039548,0.53954802259887,0.18926553672316385,0.2907986111111111
61001_t32,R5,cross_series/IMAGE_CUE_FRESH,384,1.0,0.0,0.0,1.0,384,True,0.0,1.0,0.0,1.0,1.0,0.0,0.0
61001_t32,R5,cross_series/SYMBOLIC_FRESH,384,0.3359375,0.015625,0.0,0.7669270833333334,378,True,0.20899470899470898,0.35978835978835977,0.24338624338624337,0.6428571428571429,0.5264550264550265,0.41798941798941797,0.0954861111111111
61001_t32,R5,duplicate_encoding/IMAGE_CUE_FRESH,384,1.0,0.0,0.0,1.0,384,True,0.0,1.0,0.0,1.0,1.0,0.0,0.0
61001_t32,R5,duplicate_encoding/SYMBOLIC_FRESH,384,0.9817708333333334,0.0,0.0,0.9947916666666666,384,True,0.0026041666666666665,0.9817708333333334,0.0026041666666666665,0.9869791666666666,0.9869791666666666,0.013020833333333334,0.0008680555555555555
61001_t32,R5,trend/IMAGE_CUE_FRESH,384,0.953125,0.0026041666666666665,0.0,0.9850260416666666,383,True,0.005221932114882507,0.9556135770234987,0.005221932114882507,0.9608355091383812,0.9608355091383812,0.0391644908616188,0.004340277777777777
61001_t32,R5,trend/SYMBOLIC_FRESH,384,0.2682291666666667,0.041666666666666664,0.0625,0.6282552083333334,368,True,0.46195652173913043,0.2798913043478261,0.657608695652174,1.0380434782608696,0.6168478260869565,0.1766304347826087,0.2517361111111111
61004_t32,R6,cross_series/IMAGE_CUE_FRESH,384,1.0,0.0,0.0,1.0,384,True,0.0,1.0,0.0,1.0,1.0,0.0,0.0
61004_t32,R6,cross_series/SYMBOLIC_FRESH,384,0.3229166666666667,0.0390625,0.0234375,0.7135416666666666,369,True,0.2899728997289973,0.38482384823848237,0.4146341463414634,0.8780487804878049,0.5013550135501355,0.34959349593495936,0.171875
61004_t32,R6,duplicate_encoding/IMAGE_CUE_FRESH,384,1.0,0.0,0.0,1.0,384,True,0.0,1.0,0.0,1.0,1.0,0.0,0.0
61004_t32,R6,duplicate_encoding/SYMBOLIC_FRESH,384,0.9791666666666666,0.0026041666666666665,0.005208333333333333,0.9921875,383,True,0.007832898172323759,0.9869451697127938,0.007832898172323759,0.9947780678851175,0.9843342036553525,0.010443864229765013,0.005208333333333333
61004_t32,R6,trend/IMAGE_CUE_FRESH,384,0.9453125,0.0,0.0,0.9830729166666666,384,True,0.0078125,0.9453125,0.013020833333333334,0.9583333333333334,0.9479166666666666,0.046875,0.004340277777777777
61004_t32,R6,trend/SYMBOLIC_FRESH,384,0.3177083333333333,0.15625,0.15885416666666666,0.4908854166666667,324,True,0.5524691358024691,0.3765432098765432,1.0493827160493827,1.5401234567901234,0.46296296296296297,0.06172839506172839,0.45138888888888884
61004_t96,R1,cross_series/IMAGE_CUE_FRESH,384,1.0,0.0,0.0,1.0,384,True,0.0,1.0,0.0,1.0,1.0,0.0,0.0
61004_t96,R1,cross_series/SYMBOLIC_FRESH,384,0.390625,0.005208333333333333,0.0,0.8020833333333334,382,True,0.14921465968586387,0.39267015706806285,0.16753926701570682,0.5602094240837696,0.5235602094240838,0.4581151832460733,0.06076388888888889
61004_t96,R1,duplicate_encoding/IMAGE_CUE_FRESH,384,1.0,0.0,0.0,1.0,384,True,0.0,1.0,0.0,1.0,1.0,0.0,0.0
61004_t96,R1,duplicate_encoding/SYMBOLIC_FRESH,384,1.0,0.0,0.0,1.0,384,True,0.0,1.0,0.0,1.0,1.0,0.0,0.0
61004_t96,R1,trend/IMAGE_CUE_FRESH,384,1.0,0.0,0.0,1.0,384,True,0.0,1.0,0.0,1.0,1.0,0.0,0.0
61004_t96,R1,trend/SYMBOLIC_FRESH,384,0.3333333333333333,0.15625,0.11458333333333333,0.521484375,324,True,0.5524691358024691,0.3950617283950617,0.9228395061728395,1.367283950617284,0.5277777777777778,0.05246913580246913,0.4157986111111111
61001_t32,SAW_R4,cross_series/IMAGE_CUE_FRESH,384,1.0,0.0,0.0,1.0,384,True,0.0,1.0,0.0,1.0,1.0,0.0,0.0
61001_t32,SAW_R4,cross_series/SYMBOLIC_FRESH,384,0.3463541666666667,0.036458333333333336,0.0,0.7584635416666666,370,True,0.21621621621621623,0.3945945945945946,0.24594594594594596,0.7054054054054054,0.5378378378378378,0.3810810810810811,0.11545138888888888
61001_t32,SAW_R4,duplicate_encoding/IMAGE_CUE_FRESH,384,1.0,0.0,0.0,1.0,384,True,0.0,1.0,0.0,1.0,1.0,0.0,0.0
61001_t32,SAW_R4,duplicate_encoding/SYMBOLIC_FRESH,384,0.984375,0.0,0.0026041666666666665,0.994140625,384,True,0.010416666666666666,0.9869791666666666,0.010416666666666666,0.9973958333333334,0.9921875,0.005208333333333333,0.003472222222222222
61001_t32,SAW_R4,trend/IMAGE_CUE_FRESH,384,0.9609375,0.0,0.0,0.9889322916666666,384,True,0.005208333333333333,0.9609375,0.005208333333333333,0.9661458333333334,0.9661458333333334,0.033854166666666664,0.001736111111111111
61001_t32,SAW_R4,trend/SYMBOLIC_FRESH,384,0.328125,0.1171875,0.13802083333333334,0.541015625,339,True,0.5014749262536873,0.37168141592920356,0.9203539823008849,1.3569321533923304,0.4808259587020649,0.10619469026548672,0.3880208333333333
61001_t96,R2,cross_series/IMAGE_CUE_FRESH,384,1.0,0.0,0.0,1.0,384,True,0.0,1.0,0.0,1.0,1.0,0.0,0.0
61001_t96,R2,cross_series/SYMBOLIC_FRESH,384,0.3958333333333333,0.018229166666666668,0.0,0.7994791666666666,377,True,0.129973474801061,0.40583554376657827,0.14854111405835543,0.5543766578249337,0.5119363395225465,0.46684350132625996,0.06684027777777778
61001_t96,R2,duplicate_encoding/IMAGE_CUE_FRESH,384,1.0,0.0,0.0,1.0,384,True,0.0,1.0,0.0,1.0,1.0,0.0,0.0
61001_t96,R2,duplicate_encoding/SYMBOLIC_FRESH,384,1.0,0.0,0.0,1.0,384,True,0.0,1.0,0.0,1.0,1.0,0.0,0.0
61001_t96,R2,trend/IMAGE_CUE_FRESH,384,1.0,0.0,0.0,1.0,384,True,0.0,1.0,0.0,1.0,1.0,0.0,0.0
61001_t96,R2,trend/SYMBOLIC_FRESH,384,0.3333333333333333,0.033854166666666664,0.08854166666666667,0.6790364583333334,371,True,0.3557951482479784,0.3450134770889488,0.5336927223719676,0.921832884097035,0.5013477088948787,0.2884097035040431,0.20572916666666666
61002_t32,R2,cross_series/IMAGE_CUE_FRESH,384,0.9973958333333334,0.0,0.0,0.9993489583333334,384,True,0.0,0.9973958333333334,0.0,1.0,1.0,0.0,0.0
61002_t32,R2,cross_series/SYMBOLIC_FRESH,384,0.3359375,0.020833333333333332,0.0,0.7662760416666666,376,True,0.19414893617021275,0.35904255319148937,0.22872340425531915,0.6409574468085106,0.5292553191489362,0.42021276595744683,0.0954861111111111
61002_t32,R2,duplicate_encoding/IMAGE_CUE_FRESH,384,1.0,0.0,0.0,1.0,384,True,0.0,1.0,0.0,1.0,1.0,0.0,0.0
61002_t32,R2,duplicate_encoding/SYMBOLIC_FRESH,384,0.984375,0.0,0.005208333333333333,0.9954427083333334,384,True,0.0078125,0.9895833333333334,0.0078125,0.9973958333333334,0.9869791666666666,0.0078125,0.0026041666666666665
61002_t32,R2,trend/IMAGE_CUE_FRESH,384,0.9479166666666666,0.0,0.0,0.984375,384,True,0.010416666666666666,0.9479166666666666,0.010416666666666666,0.9609375,0.9609375,0.0390625,0.003472222222222222
61002_t32,R2,trend/SYMBOLIC_FRESH,384,0.2942708333333333,0.049479166666666664,0.06770833333333333,0.6217447916666666,365,True,0.4520547945205479,0.3095890410958904,0.6931506849315069,1.093150684931507,0.5589041095890411,0.18082191780821918,0.2690972222222222
61002_t32,R6,cross_series/IMAGE_CUE_FRESH,384,0.9947916666666666,0.0,0.0,0.9986979166666666,384,True,0.0026041666666666665,0.9973958333333334,0.0026041666666666665,1.0026041666666667,0.9973958333333334,0.0,0.0008680555555555555
61002_t32,R6,cross_series/SYMBOLIC_FRESH,384,0.3072916666666667,0.044270833333333336,0.018229166666666668,0.720703125,367,True,0.2670299727520436,0.36239782016348776,0.3460490463215259,0.8119891008174387,0.5122615803814714,0.3678474114441417,0.15451388888888887
61002_t32,R6,duplicate_encoding/IMAGE_CUE_FRESH,384,1.0,0.0,0.0,1.0,384,True,0.0,1.0,0.0,1.0,1.0,0.0,0.0
61002_t32,R6,duplicate_encoding/SYMBOLIC_FRESH,384,0.984375,0.0026041666666666665,0.0026041666666666665,0.994140625,383,True,0.0026109660574412533,0.9895561357702349,0.0026109660574412533,0.9921671018276762,0.9869451697127938,0.010443864229765013,0.003472222222222222
61002_t32,R6,trend/IMAGE_CUE_FRESH,384,0.9557291666666666,0.0,0.0,0.9869791666666666,384,True,0.0078125,0.9557291666666666,0.0078125,0.9635416666666666,0.9635416666666666,0.036458333333333336,0.0026041666666666665
61002_t32,R6,trend/SYMBOLIC_FRESH,384,0.3151041666666667,0.12239583333333333,0.16927083333333334,0.51171875,337,True,0.5044510385756676,0.3590504451038576,1.0267062314540059,1.5222551928783383,0.4332344213649852,0.10979228486646884,0.4227430555555556
61004_t96,R0,cross_series/IMAGE_CUE_FRESH,384,1.0,0.0,0.0,1.0,384,True,0.0,1.0,0.0,1.0,1.0,0.0,0.0
61004_t96,R0,cross_series/SYMBOLIC_FRESH,384,0.3828125,0.015625,0.0,0.7942708333333334,378,True,0.15343915343915343,0.3941798941798942,0.16666666666666666,0.5608465608465608,0.5238095238095238,0.4576719576719577,0.0703125
61004_t96,R0,duplicate_encoding/IMAGE_CUE_FRESH,384,1.0,0.0,0.0,1.0,384,True,0.0,1.0,0.0,1.0,1.0,0.0,0.0
61004_t96,R0,duplicate_encoding/SYMBOLIC_FRESH,384,1.0,0.0,0.0,1.0,384,True,0.0,1.0,0.0,1.0,1.0,0.0,0.0
61004_t96,R0,trend/IMAGE_CUE_FRESH,384,0.9973958333333334,0.0,0.0,0.9993489583333334,384,True,0.0,0.9973958333333334,0.0,0.9973958333333334,0.9973958333333334,0.0026041666666666665,0.0
61004_t96,R0,trend/SYMBOLIC_FRESH,384,0.3333333333333333,0.17447916666666666,0.11979166666666667,0.5078125,317,True,0.5425867507886435,0.4037854889589905,0.943217665615142,1.3974763406940063,0.4952681388012618,0.05362776025236593,0.43402777777777773
61004_t96,R4,cross_series/IMAGE_CUE_FRESH,384,1.0,0.0,0.0,1.0,384,True,0.0,1.0,0.0,1.0,1.0,0.0,0.0
61004_t96,R4,cross_series/SYMBOLIC_FRESH,384,0.3828125,0.013020833333333334,0.0,0.7884114583333334,379,True,0.15303430079155672,0.39313984168865435,0.19788918205804748,0.6068601583113457,0.5065963060686016,0.45118733509234826,0.078125
61004_t96,R4,duplicate_encoding/IMAGE_CUE_FRESH,384,1.0,0.0,0.0,1.0,384,True,0.0,1.0,0.0,1.0,1.0,0.0,0.0
61004_t96,R4,duplicate_encoding/SYMBOLIC_FRESH,384,1.0,0.0,0.0,1.0,384,True,0.0,1.0,0.0,1.0,1.0,0.0,0.0
61004_t96,R4,trend/IMAGE_CUE_FRESH,384,0.9947916666666666,0.0,0.0,0.9986979166666666,384,True,0.0,0.9947916666666666,0.0,0.9947916666666666,0.9947916666666666,0.005208333333333333,0.0
61004_t96,R4,trend/SYMBOLIC_FRESH,384,0.3385416666666667,0.13802083333333334,0.14322916666666666,0.5110677083333334,331,True,0.5438066465256798,0.39274924471299094,1.0211480362537764,1.4531722054380665,0.4229607250755287,0.0634441087613293,0.4314236111111111
61003_t96,DIRECT_REPAIR_R4,cross_series/IMAGE_CUE_FRESH,384,1.0,0.0,0.0,1.0,384,True,0.0,1.0,0.0,1.0,1.0,0.0,0.0
61003_t96,DIRECT_REPAIR_R4,cross_series/SYMBOLIC_FRESH,384,0.375,0.0026041666666666665,0.0,0.8098958333333334,383,True,0.1122715404699739,0.37597911227154046,0.1279373368146214,0.5039164490861618,0.4725848563968668,0.5117493472584856,0.04513888888888889
61003_t96,DIRECT_REPAIR_R4,duplicate_encoding/IMAGE_CUE_FRESH,384,1.0,0.0,0.0,1.0,384,True,0.0,1.0,0.0,1.0,1.0,0.0,0.0
61003_t96,DIRECT_REPAIR_R4,duplicate_encoding/SYMBOLIC_FRESH,384,1.0,0.0,0.0,1.0,384,True,0.0,1.0,0.0,1.0,1.0,0.0,0.0
61003_t96,DIRECT_REPAIR_R4,trend/IMAGE_CUE_FRESH,384,0.9973958333333334,0.0,0.0,0.9993489583333334,384,True,0.0,0.9973958333333334,0.0,0.9973958333333334,0.9973958333333334,0.0026041666666666665,0.0
61003_t96,DIRECT_REPAIR_R4,trend/SYMBOLIC_FRESH,384,0.3333333333333333,0.0026041666666666665,0.0625,0.7239583333333334,383,True,0.3368146214099217,0.3342036553524804,0.4308093994778068,0.8067885117493473,0.5352480417754569,0.3289817232375979,0.14583333333333334
61001_t96,R0,cross_series/IMAGE_CUE_FRESH,384,1.0,0.0,0.0,1.0,384,True,0.0,1.0,0.0,1.0,1.0,0.0,0.0
61001_t96,R0,cross_series/SYMBOLIC_FRESH,384,0.3958333333333333,0.0546875,0.0,0.7858072916666666,363,True,0.1046831955922865,0.43526170798898073,0.11019283746556474,0.5454545454545454,0.5013774104683195,0.4765840220385675,0.08940972222222222
61001_t96,R0,duplicate_encoding/IMAGE_CUE_FRESH,384,1.0,0.0,0.0,1.0,384,True,0.0,1.0,0.0,1.0,1.0,0.0,0.0
61001_t96,R0,duplicate_encoding/SYMBOLIC_FRESH,384,1.0,0.0,0.0,1.0,384,True,0.0,1.0,0.0,1.0,1.0,0.0,0.0
61001_t96,R0,trend/IMAGE_CUE_FRESH,384,1.0,0.0,0.0,1.0,384,True,0.0,1.0,0.0,1.0,1.0,0.0,0.0
61001_t96,R0,trend/SYMBOLIC_FRESH,384,0.3333333333333333,0.15885416666666666,0.1171875,0.5514322916666666,323,True,0.46439628482972134,0.39628482972136225,0.7739938080495357,1.21671826625387,0.5139318885448917,0.1393188854489164,0.3758680555555556
61004_t32,R5,cross_series/IMAGE_CUE_FRESH,384,1.0,0.0,0.0,1.0,384,True,0.0,1.0,0.0,1.0,1.0,0.0,0.0
61004_t32,R5,cross_series/SYMBOLIC_FRESH,384,0.328125,0.03125,0.005208333333333333,0.7473958333333334,372,True,0.22311827956989247,0.3629032258064516,0.2768817204301075,0.7123655913978495,0.553763440860215,0.3763440860215054,0.12065972222222221
61004_t32,R5,duplicate_encoding/IMAGE_CUE_FRESH,384,1.0,0.0,0.0,1.0,384,True,0.0,1.0,0.0,1.0,1.0,0.0,0.0
61004_t32,R5,duplicate_encoding/SYMBOLIC_FRESH,384,0.9765625,0.0,0.005208333333333333,0.9934895833333334,384,True,0.0078125,0.9817708333333334,0.0078125,0.9921875,0.9817708333333334,0.013020833333333334,0.0026041666666666665
61004_t32,R5,trend/IMAGE_CUE_FRESH,384,0.9479166666666666,0.0,0.0,0.9869791666666666,384,True,0.0,0.9479166666666666,0.0,0.9479166666666666,0.9479166666666666,0.052083333333333336,0.0
61004_t32,R5,trend/SYMBOLIC_FRESH,384,0.3072916666666667,0.09635416666666667,0.11979166666666667,0.5598958333333334,347,True,0.4956772334293948,0.3400576368876081,0.861671469740634,1.2939481268011528,0.4697406340057637,0.138328530259366,0.35590277777777773
61004_t32,R3,cross_series/IMAGE_CUE_FRESH,384,1.0,0.0,0.0,1.0,384,True,0.0,1.0,0.0,1.0,1.0,0.0,0.0
61004_t32,R3,cross_series/SYMBOLIC_FRESH,384,0.3307291666666667,0.07552083333333333,0.013020833333333334,0.712890625,355,True,0.2563380281690141,0.4169014084507042,0.3323943661971831,0.8338028169014085,0.523943661971831,0.3408450704225352,0.17795138888888887
61004_t32,R3,duplicate_encoding/IMAGE_CUE_FRESH,384,1.0,0.0,0.0,1.0,384,True,0.0,1.0,0.0,1.0,1.0,0.0,0.0
61004_t32,R3,duplicate_encoding/SYMBOLIC_FRESH,384,0.9739583333333334,0.0,0.0078125,0.9921875,384,True,0.013020833333333334,0.9817708333333334,0.013020833333333334,0.9973958333333334,0.9765625,0.013020833333333334,0.004340277777777777
61004_t32,R3,trend/IMAGE_CUE_FRESH,384,0.9348958333333334,0.0,0.0,0.9798177083333334,384,True,0.015625,0.9348958333333334,0.015625,0.9557291666666666,0.9453125,0.049479166666666664,0.005208333333333333
61004_t32,R3,trend/SYMBOLIC_FRESH,384,0.3255208333333333,0.1796875,0.1640625,0.4791666666666667,315,True,0.5396825396825397,0.4,1.0634920634920635,1.596825396825397,0.44761904761904764,0.050793650793650794,0.4704861111111111
61001_t32,R1,cross_series/IMAGE_CUE_FRESH,384,0.9973958333333334,0.0,0.0,0.9993489583333334,384,True,0.0,0.9973958333333334,0.0,1.0,1.0,0.0,0.0
61001_t32,R1,cross_series/SYMBOLIC_FRESH,384,0.3567708333333333,0.036458333333333336,0.0,0.759765625,370,True,0.20270270270270271,0.37567567567567567,0.22162162162162163,0.6324324324324324,0.5837837837837838,0.3918918918918919,0.10763888888888888
61001_t32,R1,duplicate_encoding/IMAGE_CUE_FRESH,384,1.0,0.0,0.0,1.0,384,True,0.0,1.0,0.0,1.0,1.0,0.0,0.0
61001_t32,R1,duplicate_encoding/SYMBOLIC_FRESH,384,0.96875,0.0,0.0,0.9908854166666666,384,True,0.005208333333333333,0.96875,0.005208333333333333,0.9765625,0.9765625,0.0234375,0.001736111111111111
61001_t32,R1,trend/IMAGE_CUE_FRESH,384,0.9635416666666666,0.0,0.0,0.9908854166666666,384,True,0.0,0.9635416666666666,0.0,0.9635416666666666,0.9635416666666666,0.036458333333333336,0.0
61001_t32,R1,trend/SYMBOLIC_FRESH,384,0.28125,0.049479166666666664,0.09114583333333333,0.6217447916666666,365,True,0.4712328767123288,0.2958904109589041,0.6794520547945205,1.063013698630137,0.5753424657534246,0.18356164383561643,0.2647569444444444
61004_t96,R7,cross_series/IMAGE_CUE_FRESH,384,1.0,0.0,0.0,1.0,384,True,0.0,1.0,0.0,1.0,1.0,0.0,0.0
61004_t96,R7,cross_series/SYMBOLIC_FRESH,384,0.3776041666666667,0.005208333333333333,0.0,0.7955729166666666,382,True,0.1518324607329843,0.38219895287958117,0.18324607329842932,0.5680628272251309,0.5,0.468586387434555,0.06597222222222222
61004_t96,R7,duplicate_encoding/IMAGE_CUE_FRESH,384,1.0,0.0,0.0,1.0,384,True,0.0,1.0,0.0,1.0,1.0,0.0,0.0
61004_t96,R7,duplicate_encoding/SYMBOLIC_FRESH,384,1.0,0.0,0.0,1.0,384,True,0.0,1.0,0.0,1.0,1.0,0.0,0.0
61004_t96,R7,trend/IMAGE_CUE_FRESH,384,0.9921875,0.0,0.0,0.998046875,384,True,0.0,0.9921875,0.0,0.9921875,0.9921875,0.0078125,0.0
61004_t96,R7,trend/SYMBOLIC_FRESH,384,0.3333333333333333,0.0546875,0.125,0.5716145833333334,363,True,0.5399449035812672,0.3526170798898072,0.9338842975206612,1.3305785123966942,0.45454545454545453,0.10743801652892562,0.3489583333333333
61003_t96,R6,cross_series/IMAGE_CUE_FRESH,384,1.0,0.0,0.0,1.0,384,True,0.0,1.0,0.0,1.0,1.0,0.0,0.0
61003_t96,R6,cross_series/SYMBOLIC_FRESH,384,0.375,0.015625,0.0,0.7864583333333334,378,True,0.16137566137566137,0.3835978835978836,0.18783068783068782,0.5740740740740741,0.5158730158730159,0.455026455026455,0.07725694444444443
61003_t96,R6,duplicate_encoding/IMAGE_CUE_FRESH,384,1.0,0.0,0.0,1.0,384,True,0.0,1.0,0.0,1.0,1.0,0.0,0.0
61003_t96,R6,duplicate_encoding/SYMBOLIC_FRESH,384,1.0,0.0,0.0,1.0,384,True,0.0,1.0,0.0,1.0,1.0,0.0,0.0
61003_t96,R6,trend/IMAGE_CUE_FRESH,384,1.0,0.0,0.0,1.0,384,True,0.0,1.0,0.0,1.0,1.0,0.0,0.0
61003_t96,R6,trend/SYMBOLIC_FRESH,384,0.3333333333333333,0.07552083333333333,0.09114583333333333,0.6015625,355,True,0.49014084507042255,0.36056338028169016,0.7577464788732394,1.1633802816901408,0.5380281690140845,0.14929577464788732,0.30902777777777773
61001_t32,R0,cross_series/IMAGE_CUE_FRESH,384,1.0,0.0,0.0,1.0,384,True,0.0,1.0,0.0,1.0,1.0,0.0,0.0
61001_t32,R0,cross_series/SYMBOLIC_FRESH,384,0.3229166666666667,0.059895833333333336,0.0,0.7369791666666666,361,True,0.19390581717451524,0.3490304709141274,0.21329639889196675,0.6232686980609419,0.5595567867036011,0.4099722991689751,0.1267361111111111
61001_t32,R0,duplicate_encoding/IMAGE_CUE_FRESH,384,1.0,0.0,0.0,1.0,384,True,0.0,1.0,0.0,1.0,1.0,0.0,0.0
61001_t32,R0,duplicate_encoding/SYMBOLIC_FRESH,384,0.96875,0.0,0.0,0.9915364583333334,384,True,0.0026041666666666665,0.96875,0.0026041666666666665,0.9713541666666666,0.9713541666666666,0.028645833333333332,0.0008680555555555555
61001_t32,R0,trend/IMAGE_CUE_FRESH,384,0.9661458333333334,0.0,0.0,0.9908854166666666,384,True,0.0026041666666666665,0.9661458333333334,0.0026041666666666665,0.96875,0.96875,0.03125,0.0008680555555555555
61001_t32,R0,trend/SYMBOLIC_FRESH,384,0.2786458333333333,0.06510416666666667,0.06770833333333333,0.6236979166666666,359,True,0.4178272980501393,0.298050139275766,0.6295264623955432,1.0222841225626742,0.5626740947075209,0.21727019498607242,0.2612847222222222
61004_t32,R4,cross_series/IMAGE_CUE_FRESH,384,1.0,0.0,0.0,1.0,384,True,0.0,1.0,0.0,1.0,1.0,0.0,0.0
61004_t32,R4,cross_series/SYMBOLIC_FRESH,384,0.3125,0.036458333333333336,0.020833333333333332,0.72265625,370,True,0.27837837837837837,0.3837837837837838,0.3837837837837838,0.8486486486486486,0.5027027027027027,0.3567567567567568,0.1597222222222222
61004_t32,R4,duplicate_encoding/IMAGE_CUE_FRESH,384,1.0,0.0,0.0,1.0,384,True,0.0,1.0,0.0,1.0,1.0,0.0,0.0
61004_t32,R4,duplicate_encoding/SYMBOLIC_FRESH,384,0.9765625,0.0,0.0078125,0.9928385416666666,384,True,0.013020833333333334,0.984375,0.013020833333333334,1.0,0.984375,0.0078125,0.004340277777777777
61004_t32,R4,trend/IMAGE_CUE_FRESH,384,0.9322916666666666,0.0,0.0,0.9798177083333334,384,True,0.013020833333333334,0.9322916666666666,0.013020833333333334,0.9479166666666666,0.9427083333333334,0.0546875,0.004340277777777777
61004_t32,R4,trend/SYMBOLIC_FRESH,384,0.3255208333333333,0.15885416666666666,0.140625,0.5006510416666666,323,True,0.5325077399380805,0.39009287925696595,1.0092879256965945,1.4953560371517027,0.4613003095975232,0.07430340557275542,0.44184027777777773
61004_t32,SAW_R4,cross_series/IMAGE_CUE_FRESH,384,0.9973958333333334,0.0,0.0,0.9993489583333334,384,True,0.0,0.9973958333333334,0.0,0.9973958333333334,0.9973958333333334,0.0026041666666666665,0.0
61004_t32,SAW_R4,cross_series/SYMBOLIC_FRESH,384,0.328125,0.049479166666666664,0.0078125,0.7272135416666666,365,True,0.2328767123287671,0.38904109589041097,0.3287671232876712,0.7945205479452054,0.5178082191780822,0.3726027397260274,0.15364583333333334
61004_t32,SAW_R4,duplicate_encoding/IMAGE_CUE_FRESH,384,1.0,0.0,0.0,1.0,384,True,0.0,1.0,0.0,1.0,1.0,0.0,0.0
61004_t32,SAW_R4,duplicate_encoding/SYMBOLIC_FRESH,384,0.9895833333333334,0.0,0.0026041666666666665,0.9973958333333334,384,True,0.0026041666666666665,0.9921875,0.0026041666666666665,0.9947916666666666,0.9895833333333334,0.0078125,0.0008680555555555555
61004_t32,SAW_R4,trend/IMAGE_CUE_FRESH,384,0.921875,0.0,0.0,0.9765625,384,True,0.013020833333333334,0.921875,0.015625,0.9401041666666666,0.9348958333333334,0.0625,0.005208333333333333
61004_t32,SAW_R4,trend/SYMBOLIC_FRESH,384,0.3125,0.09635416666666667,0.17708333333333334,0.5130208333333334,347,True,0.5677233429394812,0.345821325648415,1.07492795389049,1.5331412103746398,0.4265129682997118,0.07492795389048991,0.42013888888888884
61004_t32,GDPO_R4,cross_series/IMAGE_CUE_FRESH,384,1.0,0.0,0.0,1.0,384,True,0.0,1.0,0.0,1.0,1.0,0.0,0.0
61004_t32,GDPO_R4,cross_series/SYMBOLIC_FRESH,384,0.3385416666666667,0.041666666666666664,0.005208333333333333,0.7395833333333334,368,True,0.25,0.391304347826087,0.30434782608695654,0.7309782608695652,0.5380434782608695,0.375,0.13888888888888887
61004_t32,GDPO_R4,duplicate_encoding/IMAGE_CUE_FRESH,384,0.9973958333333334,0.0026041666666666665,0.0,0.9973958333333334,383,True,0.0,1.0,0.0,1.0,1.0,0.0,0.0026041666666666665
61004_t32,GDPO_R4,duplicate_encoding/SYMBOLIC_FRESH,384,0.984375,0.0,0.0026041666666666665,0.9954427083333334,384,True,0.005208333333333333,0.9869791666666666,0.005208333333333333,0.9921875,0.9869791666666666,0.010416666666666666,0.001736111111111111
61004_t32,GDPO_R4,trend/IMAGE_CUE_FRESH,384,0.9479166666666666,0.0,0.0,0.9850260416666666,384,True,0.005208333333333333,0.9479166666666666,0.0078125,0.9557291666666666,0.9505208333333334,0.046875,0.0026041666666666665
61004_t32,GDPO_R4,trend/SYMBOLIC_FRESH,384,0.3255208333333333,0.13802083333333334,0.13541666666666666,0.5227864583333334,331,True,0.5196374622356495,0.3776435045317221,0.9516616314199395,1.4078549848942599,0.4652567975830816,0.09667673716012085,0.4114583333333333
61003_t32,DIRECT_REPAIR_R4,cross_series/IMAGE_CUE_FRESH,384,1.0,0.0,0.0,1.0,384,True,0.0,1.0,0.0,1.0,1.0,0.0,0.0
61003_t32,DIRECT_REPAIR_R4,cross_series/SYMBOLIC_FRESH,384,0.34375,0.036458333333333336,0.005208333333333333,0.755859375,370,True,0.20270270270270271,0.3891891891891892,0.25135135135135134,0.6756756756756757,0.5135135135135135,0.4189189189189189,0.1171875
61003_t32,DIRECT_REPAIR_R4,duplicate_encoding/IMAGE_CUE_FRESH,384,1.0,0.0,0.0,1.0,384,True,0.0,1.0,0.0,1.0,1.0,0.0,0.0
61003_t32,DIRECT_REPAIR_R4,duplicate_encoding/SYMBOLIC_FRESH,384,0.9921875,0.0,0.0,0.9967447916666666,384,True,0.005208333333333333,0.9921875,0.005208333333333333,0.9973958333333334,0.9973958333333334,0.0026041666666666665,0.001736111111111111
61003_t32,DIRECT_REPAIR_R4,trend/IMAGE_CUE_FRESH,384,0.953125,0.0,0.0,0.9876302083333334,384,True,0.0026041666666666665,0.953125,0.0026041666666666665,0.9583333333333334,0.953125,0.044270833333333336,0.0008680555555555555
61003_t32,DIRECT_REPAIR_R4,trend/SYMBOLIC_FRESH,384,0.3098958333333333,0.09114583333333333,0.0859375,0.5924479166666666,349,True,0.4469914040114613,0.34097421203438394,0.7335243553008596,1.151862464183381,0.48424068767908307,0.18911174785100288,0.3133680555555555
61001_t96,SAW_R4,cross_series/IMAGE_CUE_FRESH,384,1.0,0.0,0.0,1.0,384,True,0.0,1.0,0.0,1.0,1.0,0.0,0.0
61001_t96,SAW_R4,cross_series/SYMBOLIC_FRESH,384,0.3828125,0.018229166666666668,0.0,0.7955729166666666,377,True,0.13793103448275862,0.40848806366047746,0.16710875331564987,0.5782493368700266,0.48010610079575594,0.47214854111405835,0.07291666666666667
61001_t96,SAW_R4,duplicate_encoding/IMAGE_CUE_FRESH,384,1.0,0.0,0.0,1.0,384,True,0.0,1.0,0.0,1.0,1.0,0.0,0.0
61001_t96,SAW_R4,duplicate_encoding/SYMBOLIC_FRESH,384,1.0,0.0,0.0,1.0,384,True,0.0,1.0,0.0,1.0,1.0,0.0,0.0
61001_t96,SAW_R4,trend/IMAGE_CUE_FRESH,384,1.0,0.0,0.0,1.0,384,True,0.0,1.0,0.0,1.0,1.0,0.0,0.0
61001_t96,SAW_R4,trend/SYMBOLIC_FRESH,384,0.3333333333333333,0.14583333333333334,0.11979166666666667,0.5279947916666666,328,True,0.5213414634146342,0.3902439024390244,0.9176829268292683,1.3567073170731707,0.46646341463414637,0.08841463414634146,0.4071180555555555
61001_t32,DIRECT_REPAIR_R4,cross_series/IMAGE_CUE_FRESH,384,1.0,0.0,0.0,1.0,384,True,0.0,1.0,0.0,1.0,1.0,0.0,0.0
61001_t32,DIRECT_REPAIR_R4,cross_series/SYMBOLIC_FRESH,384,0.3489583333333333,0.0234375,0.0,0.7740885416666666,375,True,0.16533333333333333,0.368,0.19733333333333333,0.5946666666666667,0.512,0.448,0.0876736111111111
61001_t32,DIRECT_REPAIR_R4,duplicate_encoding/IMAGE_CUE_FRESH,384,1.0,0.0,0.0,1.0,384,True,0.0,1.0,0.0,1.0,1.0,0.0,0.0
61001_t32,DIRECT_REPAIR_R4,duplicate_encoding/SYMBOLIC_FRESH,384,0.9635416666666666,0.0,0.0026041666666666665,0.98828125,384,True,0.013020833333333334,0.9661458333333334,0.013020833333333334,0.9791666666666666,0.9739583333333334,0.0234375,0.004340277777777777
61001_t32,DIRECT_REPAIR_R4,trend/IMAGE_CUE_FRESH,384,0.9635416666666666,0.0,0.0,0.9908854166666666,384,True,0.0,0.9635416666666666,0.0,0.9635416666666666,0.9635416666666666,0.036458333333333336,0.0
61001_t32,DIRECT_REPAIR_R4,trend/SYMBOLIC_FRESH,384,0.2942708333333333,0.033854166666666664,0.08333333333333333,0.67578125,371,True,0.3261455525606469,0.3045822102425876,0.5067385444743935,0.8814016172506739,0.5013477088948787,0.31266846361185985,0.19704861111111108
61002_t96,R0,cross_series/IMAGE_CUE_FRESH,384,1.0,0.0,0.0,1.0,384,True,0.0,1.0,0.0,1.0,1.0,0.0,0.0
61002_t96,R0,cross_series/SYMBOLIC_FRESH,384,0.3932291666666667,0.028645833333333332,0.0,0.794921875,373,True,0.10991957104557641,0.40482573726541554,0.13136729222520108,0.546916890080429,0.5067024128686327,0.4745308310991957,0.07118055555555555
61002_t96,R0,duplicate_encoding/IMAGE_CUE_FRESH,384,1.0,0.0,0.0,1.0,384,True,0.0,1.0,0.0,1.0,1.0,0.0,0.0
61002_t96,R0,duplicate_encoding/SYMBOLIC_FRESH,384,1.0,0.0,0.0,1.0,384,True,0.0,1.0,0.0,1.0,1.0,0.0,0.0
61002_t96,R0,trend/IMAGE_CUE_FRESH,384,1.0,0.0,0.0,1.0,384,True,0.0,1.0,0.0,1.0,1.0,0.0,0.0
61002_t96,R0,trend/SYMBOLIC_FRESH,384,0.3489583333333333,0.2578125,0.16927083333333334,0.4609375,285,True,0.5228070175438596,0.47017543859649125,0.9859649122807017,1.4631578947368422,0.5263157894736842,0.007017543859649123,0.501736111111111
61004_t96,R3,cross_series/IMAGE_CUE_FRESH,384,1.0,0.0,0.0,1.0,384,True,0.0,1.0,0.0,1.0,1.0,0.0,0.0
61004_t96,R3,cross_series/SYMBOLIC_FRESH,384,0.3802083333333333,0.0078125,0.0,0.79296875,381,True,0.14960629921259844,0.3884514435695538,0.19160104986876642,0.5826771653543307,0.49606299212598426,0.4671916010498688,0.07118055555555555
61004_t96,R3,duplicate_encoding/IMAGE_CUE_FRESH,384,1.0,0.0,0.0,1.0,384,True,0.0,1.0,0.0,1.0,1.0,0.0,0.0
61004_t96,R3,duplicate_encoding/SYMBOLIC_FRESH,384,1.0,0.0,0.0,1.0,384,True,0.0,1.0,0.0,1.0,1.0,0.0,0.0
61004_t96,R3,trend/IMAGE_CUE_FRESH,384,0.9895833333333334,0.0,0.0,0.9973958333333334,384,True,0.0,0.9895833333333334,0.0,0.9895833333333334,0.9895833333333334,0.010416666666666666,0.0
61004_t96,R3,trend/SYMBOLIC_FRESH,384,0.3333333333333333,0.12760416666666666,0.125,0.515625,335,True,0.5522388059701493,0.382089552238806,1.017910447761194,1.4477611940298507,0.4208955223880597,0.06567164179104477,0.4236111111111111
61001_t32,R7,cross_series/IMAGE_CUE_FRESH,384,0.9947916666666666,0.0,0.0,0.9986979166666666,384,True,0.005208333333333333,1.0,0.005208333333333333,1.0052083333333333,0.9947916666666666,0.0,0.001736111111111111
61001_t32,R7,cross_series/SYMBOLIC_FRESH,384,0.328125,0.059895833333333336,0.020833333333333332,0.7135416666666666,361,True,0.2659279778393352,0.40443213296398894,0.3684210526315789,0.8698060941828255,0.5401662049861495,0.33240997229916897,0.1753472222222222
61001_t32,R7,duplicate_encoding/IMAGE_CUE_FRESH,384,1.0,0.0,0.0,1.0,384,True,0.0,1.0,0.0,1.0,1.0,0.0,0.0
61001_t32,R7,duplicate_encoding/SYMBOLIC_FRESH,384,0.9817708333333334,0.0,0.0078125,0.994140625,384,True,0.010416666666666666,0.9895833333333334,0.013020833333333334,1.0026041666666667,0.984375,0.0078125,0.004340277777777777
61001_t32,R7,trend/IMAGE_CUE_FRESH,384,0.9505208333333334,0.0,0.0,0.9869791666666666,384,True,0.0026041666666666665,0.9505208333333334,0.0026041666666666665,0.9557291666666666,0.9557291666666666,0.044270833333333336,0.0008680555555555555
61001_t32,R7,trend/SYMBOLIC_FRESH,384,0.3229166666666667,0.12760416666666666,0.18229166666666666,0.4973958333333333,335,True,0.5582089552238806,0.3701492537313433,1.0895522388059702,1.5671641791044777,0.46567164179104475,0.050746268656716415,0.4444444444444444
61002_t96,R7,cross_series/IMAGE_CUE_FRESH,384,1.0,0.0,0.0,1.0,384,True,0.0,1.0,0.0,1.0,1.0,0.0,0.0
61002_t96,R7,cross_series/SYMBOLIC_FRESH,384,0.3854166666666667,0.0234375,0.0,0.8001302083333334,375,True,0.11466666666666667,0.424,0.14666666666666667,0.5706666666666667,0.45866666666666667,0.49066666666666664,0.07118055555555555
61002_t96,R7,duplicate_encoding/IMAGE_CUE_FRESH,384,1.0,0.0,0.0,1.0,384,True,0.0,1.0,0.0,1.0,1.0,0.0,0.0
61002_t96,R7,duplicate_encoding/SYMBOLIC_FRESH,384,1.0,0.0,0.0,1.0,384,True,0.0,1.0,0.0,1.0,1.0,0.0,0.0
61002_t96,R7,trend/IMAGE_CUE_FRESH,384,1.0,0.0,0.0,1.0,384,True,0.0,1.0,0.0,1.0,1.0,0.0,0.0
61002_t96,R7,trend/SYMBOLIC_FRESH,384,0.3333333333333333,0.140625,0.16666666666666666,0.5078125,330,True,0.5212121212121212,0.3878787878787879,1.0242424242424242,1.4696969696969697,0.40606060606060607,0.09090909090909091,0.43402777777777773
61002_t32,R4,cross_series/IMAGE_CUE_FRESH,384,0.9947916666666666,0.0,0.0,0.9986979166666666,384,True,0.0,0.9947916666666666,0.0,1.0,1.0,0.0,0.0
61002_t32,R4,cross_series/SYMBOLIC_FRESH,384,0.3541666666666667,0.052083333333333336,0.013020833333333334,0.734375,364,True,0.23626373626373626,0.41483516483516486,0.3159340659340659,0.8324175824175825,0.5384615384615384,0.34615384615384615,0.1519097222222222
61002_t32,R4,duplicate_encoding/IMAGE_CUE_FRESH,384,1.0,0.0,0.0,1.0,384,True,0.0,1.0,0.0,1.0,1.0,0.0,0.0
61002_t32,R4,duplicate_encoding/SYMBOLIC_FRESH,384,0.9791666666666666,0.0,0.0026041666666666665,0.9934895833333334,384,True,0.0078125,0.9817708333333334,0.0078125,0.9895833333333334,0.984375,0.013020833333333334,0.0026041666666666665
61002_t32,R4,trend/IMAGE_CUE_FRESH,384,0.9557291666666666,0.0,0.0,0.9889322916666666,384,True,0.0,0.9557291666666666,0.0,0.9583333333333334,0.9583333333333334,0.041666666666666664,0.0
61002_t32,R4,trend/SYMBOLIC_FRESH,384,0.3203125,0.109375,0.15364583333333334,0.5260416666666666,342,True,0.5263157894736842,0.35964912280701755,0.9970760233918129,1.4736842105263157,0.4473684210526316,0.10526315789473684,0.4053819444444444
61001_t96,R3,cross_series/IMAGE_CUE_FRESH,384,0.9973958333333334,0.0026041666666666665,0.0,0.9973958333333334,383,True,0.0,1.0,0.0,1.0,1.0,0.0,0.0026041666666666665
61001_t96,R3,cross_series/SYMBOLIC_FRESH,384,0.3958333333333333,0.028645833333333332,0.0,0.7942708333333334,373,True,0.11528150134048257,0.4155495978552279,0.1447721179624665,0.5603217158176944,0.4879356568364611,0.4772117962466488,0.07552083333333333
61001_t96,R3,duplicate_encoding/IMAGE_CUE_FRESH,384,1.0,0.0,0.0,1.0,384,True,0.0,1.0,0.0,1.0,1.0,0.0,0.0
61001_t96,R3,duplicate_encoding/SYMBOLIC_FRESH,384,1.0,0.0,0.0,1.0,384,True,0.0,1.0,0.0,1.0,1.0,0.0,0.0
61001_t96,R3,trend/IMAGE_CUE_FRESH,384,1.0,0.0,0.0,1.0,384,True,0.0,1.0,0.0,1.0,1.0,0.0,0.0
61001_t96,R3,trend/SYMBOLIC_FRESH,384,0.3697916666666667,0.24479166666666666,0.20833333333333334,0.4817708333333333,290,True,0.4896551724137931,0.4896551724137931,0.9379310344827586,1.4275862068965517,0.5310344827586206,0.020689655172413793,0.48090277777777773
61002_t32,R3,cross_series/IMAGE_CUE_FRESH,384,0.9947916666666666,0.0,0.0,0.9986979166666666,384,True,0.0026041666666666665,0.9973958333333334,0.0026041666666666665,1.0026041666666667,0.9973958333333334,0.0,0.0008680555555555555
61002_t32,R3,cross_series/SYMBOLIC_FRESH,384,0.3229166666666667,0.046875,0.020833333333333332,0.7018229166666666,366,True,0.29508196721311475,0.39344262295081966,0.44808743169398907,0.9836065573770492,0.5191256830601093,0.3114754098360656,0.18923611111111113
61002_t32,R3,duplicate_encoding/IMAGE_CUE_FRESH,384,0.9973958333333334,0.0026041666666666665,0.0,0.9973958333333334,383,True,0.0,1.0,0.0,1.0,1.0,0.0,0.0026041666666666665
61002_t32,R3,duplicate_encoding/SYMBOLIC_FRESH,384,0.9817708333333334,0.0026041666666666665,0.0026041666666666665,0.990234375,383,True,0.013054830287206266,0.9869451697127938,0.015665796344647518,1.0026109660574412,0.9921671018276762,0.0026109660574412533,0.0078125
61002_t32,R3,trend/IMAGE_CUE_FRESH,384,0.9505208333333334,0.0,0.0,0.9856770833333334,384,True,0.0078125,0.9505208333333334,0.0078125,0.9635416666666666,0.953125,0.041666666666666664,0.0026041666666666665
61002_t32,R3,trend/SYMBOLIC_FRESH,384,0.3125,0.0859375,0.20572916666666666,0.5078125,351,True,0.5868945868945868,0.34472934472934474,1.1225071225071226,1.6495726495726495,0.43304843304843305,0.05413105413105413,0.42795138888888884
61003_t32,R1,cross_series/IMAGE_CUE_FRESH,384,0.9973958333333334,0.0,0.0,0.9993489583333334,384,True,0.0026041666666666665,1.0,0.0026041666666666665,1.0026041666666667,0.9973958333333334,0.0,0.0008680555555555555
61003_t32,R1,cross_series/SYMBOLIC_FRESH,384,0.3515625,0.044270833333333336,0.005208333333333333,0.7376302083333334,367,True,0.2561307901907357,0.39509536784741145,0.3079019073569482,0.7302452316076294,0.55858310626703,0.3651226158038147,0.1423611111111111
61003_t32,R1,duplicate_encoding/IMAGE_CUE_FRESH,384,0.9973958333333334,0.0,0.0,0.9993489583333334,384,True,0.0,0.9973958333333334,0.0,0.9973958333333334,0.9973958333333334,0.0026041666666666665,0.0
61003_t32,R1,duplicate_encoding/SYMBOLIC_FRESH,384,0.9921875,0.0,0.0,0.9967447916666666,384,True,0.005208333333333333,0.9921875,0.005208333333333333,0.9973958333333334,0.9973958333333334,0.0026041666666666665,0.001736111111111111
61003_t32,R1,trend/IMAGE_CUE_FRESH,384,0.9505208333333334,0.0,0.0,0.9876302083333334,384,True,0.0,0.9505208333333334,0.0,0.9557291666666666,0.9557291666666666,0.044270833333333336,0.0
61003_t32,R1,trend/SYMBOLIC_FRESH,384,0.2994791666666667,0.0625,0.078125,0.5983072916666666,360,True,0.5083333333333333,0.3194444444444444,0.7666666666666667,1.163888888888889,0.5777777777777777,0.1388888888888889,0.3020833333333333
61003_t32,R4,cross_series/IMAGE_CUE_FRESH,384,1.0,0.0,0.0,1.0,384,True,0.0,1.0,0.0,1.0,1.0,0.0,0.0
61003_t32,R4,cross_series/SYMBOLIC_FRESH,384,0.3567708333333333,0.03125,0.0,0.759765625,372,True,0.20967741935483872,0.3951612903225806,0.25806451612903225,0.6774193548387096,0.510752688172043,0.4112903225806452,0.11458333333333333
61003_t32,R4,duplicate_encoding/IMAGE_CUE_FRESH,384,1.0,0.0,0.0,1.0,384,True,0.0,1.0,0.0,1.0,1.0,0.0,0.0
61003_t32,R4,duplicate_encoding/SYMBOLIC_FRESH,384,0.9869791666666666,0.0,0.0,0.9954427083333334,384,True,0.005208333333333333,0.9869791666666666,0.005208333333333333,0.9921875,0.9921875,0.0078125,0.001736111111111111
61003_t32,R4,trend/IMAGE_CUE_FRESH,384,0.9583333333333334,0.0,0.0,0.9895833333333334,384,True,0.0,0.9583333333333334,0.0,0.9583333333333334,0.9583333333333334,0.041666666666666664,0.0
61003_t32,R4,trend/SYMBOLIC_FRESH,384,0.3255208333333333,0.08333333333333333,0.09375,0.5833333333333334,352,True,0.46875,0.35511363636363635,0.8096590909090909,1.21875,0.4943181818181818,0.15625,0.3307291666666667
61004_t32,R0,cross_series/IMAGE_CUE_FRESH,384,1.0,0.0,0.0,1.0,384,True,0.0,1.0,0.0,1.0,1.0,0.0,0.0
61004_t32,R0,cross_series/SYMBOLIC_FRESH,384,0.328125,0.036458333333333336,0.0078125,0.7330729166666666,370,True,0.25675675675675674,0.37567567567567567,0.3324324324324324,0.745945945945946,0.5351351351351351,0.37567567567567567,0.14322916666666666
61004_t32,R0,duplicate_encoding/IMAGE_CUE_FRESH,384,1.0,0.0,0.0,1.0,384,True,0.0,1.0,0.0,1.0,1.0,0.0,0.0
61004_t32,R0,duplicate_encoding/SYMBOLIC_FRESH,384,0.9791666666666666,0.0,0.0,0.9928385416666666,384,True,0.0078125,0.9791666666666666,0.0078125,0.9895833333333334,0.984375,0.013020833333333334,0.0026041666666666665
61004_t32,R0,trend/IMAGE_CUE_FRESH,384,0.9270833333333334,0.0,0.0,0.9811197916666666,384,True,0.0026041666666666665,0.9270833333333334,0.0026041666666666665,0.9322916666666666,0.9322916666666666,0.06770833333333333,0.0008680555555555555
61004_t32,R0,trend/SYMBOLIC_FRESH,384,0.328125,0.09635416666666667,0.10416666666666667,0.5774739583333334,347,True,0.484149855907781,0.3631123919308357,0.8069164265129684,1.219020172910663,0.4956772334293948,0.14697406340057637,0.33940972222222215
61001_t96,R6,cross_series/IMAGE_CUE_FRESH,384,1.0,0.0,0.0,1.0,384,True,0.0,1.0,0.0,1.0,1.0,0.0,0.0
61001_t96,R6,cross_series/SYMBOLIC_FRESH,384,0.3828125,0.013020833333333334,0.0,0.798828125,379,True,0.1345646437994723,0.39577836411609496,0.158311345646438,0.554089709762533,0.49076517150395776,0.47757255936675463,0.06510416666666667
61001_t96,R6,duplicate_encoding/IMAGE_CUE_FRESH,384,1.0,0.0,0.0,1.0,384,True,0.0,1.0,0.0,1.0,1.0,0.0,0.0
61001_t96,R6,duplicate_encoding/SYMBOLIC_FRESH,384,1.0,0.0,0.0,1.0,384,True,0.0,1.0,0.0,1.0,1.0,0.0,0.0
61001_t96,R6,trend/IMAGE_CUE_FRESH,384,1.0,0.0,0.0,1.0,384,True,0.0,1.0,0.0,1.0,1.0,0.0,0.0
61001_t96,R6,trend/SYMBOLIC_FRESH,384,0.3333333333333333,0.09375,0.125,0.5729166666666666,348,True,0.49712643678160917,0.367816091954023,0.8390804597701149,1.2528735632183907,0.47701149425287354,0.13505747126436782,0.34722222222222215
61001_t32,R2,cross_series/IMAGE_CUE_FRESH,384,1.0,0.0,0.0,1.0,384,True,0.0,1.0,0.0,1.0,1.0,0.0,0.0
61001_t32,R2,cross_series/SYMBOLIC_FRESH,384,0.3307291666666667,0.020833333333333332,0.0,0.751953125,376,True,0.24202127659574468,0.3484042553191489,0.2765957446808511,0.6648936170212766,0.5691489361702128,0.39095744680851063,0.1111111111111111
61001_t32,R2,duplicate_encoding/IMAGE_CUE_FRESH,384,1.0,0.0,0.0,1.0,384,True,0.0,1.0,0.0,1.0,1.0,0.0,0.0
61001_t32,R2,duplicate_encoding/SYMBOLIC_FRESH,384,0.984375,0.0,0.005208333333333333,0.9954427083333334,384,True,0.0078125,0.9895833333333334,0.0078125,0.9973958333333334,0.9869791666666666,0.0078125,0.0026041666666666665
61001_t32,R2,trend/IMAGE_CUE_FRESH,384,0.9583333333333334,0.0,0.0,0.9889322916666666,384,True,0.0026041666666666665,0.9583333333333334,0.0026041666666666665,0.9609375,0.9609375,0.0390625,0.0008680555555555555
61001_t32,R2,trend/SYMBOLIC_FRESH,384,0.2604166666666667,0.033854166666666664,0.049479166666666664,0.6451822916666666,371,True,0.4501347708894879,0.2695417789757412,0.5983827493261455,0.9649595687331537,0.6522911051212938,0.19137466307277629,0.2265625
61002_t96,R2,cross_series/IMAGE_CUE_FRESH,384,1.0,0.0,0.0,1.0,384,True,0.0,1.0,0.0,1.0,1.0,0.0,0.0
61002_t96,R2,cross_series/SYMBOLIC_FRESH,384,0.3802083333333333,0.0,0.0,0.7981770833333334,384,True,0.15364583333333334,0.3828125,0.19010416666666666,0.5729166666666666,0.4947916666666667,0.4661458333333333,0.06336805555555555
61002_t96,R2,duplicate_encoding/IMAGE_CUE_FRESH,384,1.0,0.0,0.0,1.0,384,True,0.0,1.0,0.0,1.0,1.0,0.0,0.0
61002_t96,R2,duplicate_encoding/SYMBOLIC_FRESH,384,1.0,0.0,0.0,1.0,384,True,0.0,1.0,0.0,1.0,1.0,0.0,0.0
61002_t96,R2,trend/IMAGE_CUE_FRESH,384,1.0,0.0,0.0,1.0,384,True,0.0,1.0,0.0,1.0,1.0,0.0,0.0
61002_t96,R2,trend/SYMBOLIC_FRESH,384,0.3333333333333333,0.07552083333333333,0.1171875,0.6080729166666666,355,True,0.428169014084507,0.36056338028169016,0.7295774647887324,1.1352112676056338,0.4450704225352113,0.2112676056338028,0.3003472222222222
61004_t96,R5,cross_series/IMAGE_CUE_FRESH,384,1.0,0.0,0.0,1.0,384,True,0.0,1.0,0.0,1.0,1.0,0.0,0.0
61004_t96,R5,cross_series/SYMBOLIC_FRESH,384,0.3723958333333333,0.005208333333333333,0.0,0.7942708333333334,382,True,0.1649214659685864,0.3769633507853403,0.18324607329842932,0.5706806282722513,0.518324607329843,0.45549738219895286,0.06597222222222222
61004_t96,R5,duplicate_encoding/IMAGE_CUE_FRESH,384,1.0,0.0,0.0,1.0,384,True,0.0,1.0,0.0,1.0,1.0,0.0,0.0
61004_t96,R5,duplicate_encoding/SYMBOLIC_FRESH,384,1.0,0.0,0.0,1.0,384,True,0.0,1.0,0.0,1.0,1.0,0.0,0.0
61004_t96,R5,trend/IMAGE_CUE_FRESH,384,1.0,0.0,0.0,1.0,384,True,0.0,1.0,0.0,1.0,1.0,0.0,0.0
61004_t96,R5,trend/SYMBOLIC_FRESH,384,0.3333333333333333,0.0546875,0.1171875,0.6041666666666666,363,True,0.509641873278237,0.3526170798898072,0.7961432506887053,1.1928374655647382,0.5371900826446281,0.1349862258953168,0.3055555555555555
61003_t32,SAW_R4,cross_series/IMAGE_CUE_FRESH,384,1.0,0.0,0.0,1.0,384,True,0.0,1.0,0.0,1.0,1.0,0.0,0.0
61003_t32,SAW_R4,cross_series/SYMBOLIC_FRESH,384,0.3463541666666667,0.020833333333333332,0.0026041666666666665,0.7688802083333334,376,True,0.22340425531914893,0.39361702127659576,0.2526595744680851,0.6808510638297872,0.5186170212765957,0.40425531914893614,0.1032986111111111
61003_t32,SAW_R4,duplicate_encoding/IMAGE_CUE_FRESH,384,1.0,0.0,0.0,1.0,384,True,0.0,1.0,0.0,1.0,1.0,0.0,0.0
61003_t32,SAW_R4,duplicate_encoding/SYMBOLIC_FRESH,384,0.9947916666666666,0.0,0.0026041666666666665,0.998046875,384,True,0.005208333333333333,0.9973958333333334,0.005208333333333333,1.0026041666666667,0.9973958333333334,0.0,0.001736111111111111
61003_t32,SAW_R4,trend/IMAGE_CUE_FRESH,384,0.9453125,0.0,0.0,0.9856770833333334,384,True,0.0026041666666666665,0.9453125,0.0026041666666666665,0.9557291666666666,0.9505208333333334,0.046875,0.0008680555555555555
61003_t32,SAW_R4,trend/SYMBOLIC_FRESH,384,0.3177083333333333,0.1328125,0.09635416666666667,0.5592447916666666,333,True,0.45645645645645644,0.3663663663663664,0.7867867867867868,1.2102102102102101,0.4984984984984985,0.15615615615615616,0.3602430555555556
61002_t96,R1,cross_series/IMAGE_CUE_FRESH,384,1.0,0.0,0.0,1.0,384,True,0.0,1.0,0.0,1.0,1.0,0.0,0.0
61002_t96,R1,cross_series/SYMBOLIC_FRESH,384,0.3828125,0.03125,0.0,0.7897135416666666,372,True,0.11021505376344086,0.3951612903225806,0.13440860215053763,0.5349462365591398,0.47580645161290325,0.4946236559139785,0.07465277777777778
61002_t96,R1,duplicate_encoding/IMAGE_CUE_FRESH,384,1.0,0.0,0.0,1.0,384,True,0.0,1.0,0.0,1.0,1.0,0.0,0.0
61002_t96,R1,duplicate_encoding/SYMBOLIC_FRESH,384,1.0,0.0,0.0,1.0,384,True,0.0,1.0,0.0,1.0,1.0,0.0,0.0
61002_t96,R1,trend/IMAGE_CUE_FRESH,384,0.9973958333333334,0.0,0.0,0.9993489583333334,384,True,0.0,0.9973958333333334,0.0,0.9973958333333334,0.9973958333333334,0.0026041666666666665,0.0
61002_t96,R1,trend/SYMBOLIC_FRESH,384,0.34375,0.2421875,0.17708333333333334,0.4641927083333333,291,True,0.5257731958762887,0.4536082474226804,1.0034364261168385,1.47766323024055,0.49828178694158076,0.020618556701030927,0.49565972222222215
61002_t96,GDPO_R4,cross_series/IMAGE_CUE_FRESH,384,1.0,0.0,0.0,1.0,384,True,0.0,1.0,0.0,1.0,1.0,0.0,0.0
61002_t96,GDPO_R4,cross_series/SYMBOLIC_FRESH,384,0.3932291666666667,0.033854166666666664,0.0,0.7955729166666666,371,True,0.1320754716981132,0.4339622641509434,0.14016172506738545,0.5741239892183289,0.5040431266846361,0.4609164420485175,0.07899305555555555
61002_t96,GDPO_R4,duplicate_encoding/IMAGE_CUE_FRESH,384,1.0,0.0,0.0,1.0,384,True,0.0,1.0,0.0,1.0,1.0,0.0,0.0
61002_t96,GDPO_R4,duplicate_encoding/SYMBOLIC_FRESH,384,1.0,0.0,0.0,1.0,384,True,0.0,1.0,0.0,1.0,1.0,0.0,0.0
61002_t96,GDPO_R4,trend/IMAGE_CUE_FRESH,384,1.0,0.0,0.0,1.0,384,True,0.0,1.0,0.0,1.0,1.0,0.0,0.0
61002_t96,GDPO_R4,trend/SYMBOLIC_FRESH,384,0.3333333333333333,0.14322916666666666,0.12239583333333333,0.5266927083333334,329,True,0.49240121580547114,0.3890577507598784,0.9300911854103343,1.3677811550151975,0.3981762917933131,0.11854103343465046,0.4088541666666667
61003_t32,R2,cross_series/IMAGE_CUE_FRESH,384,1.0,0.0,0.0,1.0,384,True,0.0,1.0,0.0,1.0,1.0,0.0,0.0
61003_t32,R2,cross_series/SYMBOLIC_FRESH,384,0.3359375,0.020833333333333332,0.0,0.7610677083333334,376,True,0.22074468085106383,0.3617021276595745,0.2526595744680851,0.6675531914893617,0.5478723404255319,0.3962765957446808,0.1032986111111111
61003_t32,R2,duplicate_encoding/IMAGE_CUE_FRESH,384,1.0,0.0,0.0,1.0,384,True,0.0,1.0,0.0,1.0,1.0,0.0,0.0
61003_t32,R2,duplicate_encoding/SYMBOLIC_FRESH,384,0.9869791666666666,0.0,0.005208333333333333,0.99609375,384,True,0.005208333333333333,0.9921875,0.0078125,1.0026041666666667,0.9895833333333334,0.005208333333333333,0.0026041666666666665
61003_t32,R2,trend/IMAGE_CUE_FRESH,384,0.9583333333333334,0.0,0.0,0.9895833333333334,384,True,0.0,0.9583333333333334,0.0,0.9583333333333334,0.9583333333333334,0.041666666666666664,0.0
61003_t32,R2,trend/SYMBOLIC_FRESH,384,0.2994791666666667,0.020833333333333332,0.06770833333333333,0.6477864583333334,376,True,0.4441489361702128,0.3058510638297872,0.6595744680851063,1.0372340425531914,0.5478723404255319,0.21010638297872342,0.23611111111111108
61003_t96,R5,cross_series/IMAGE_CUE_FRESH,384,1.0,0.0,0.0,1.0,384,True,0.0,1.0,0.0,1.0,1.0,0.0,0.0
61003_t96,R5,cross_series/SYMBOLIC_FRESH,384,0.3776041666666667,0.005208333333333333,0.0,0.7942708333333334,382,True,0.1544502617801047,0.3795811518324607,0.18586387434554974,0.5680628272251309,0.5026178010471204,0.46596858638743455,0.06684027777777778
61003_t96,R5,duplicate_encoding/IMAGE_CUE_FRESH,384,1.0,0.0,0.0,1.0,384,True,0.0,1.0,0.0,1.0,1.0,0.0,0.0
61003_t96,R5,duplicate_encoding/SYMBOLIC_FRESH,384,1.0,0.0,0.0,1.0,384,True,0.0,1.0,0.0,1.0,1.0,0.0,0.0
61003_t96,R5,trend/IMAGE_CUE_FRESH,384,0.9973958333333334,0.0,0.0,0.9993489583333334,384,True,0.0,0.9973958333333334,0.0,0.9973958333333334,0.9973958333333334,0.0026041666666666665,0.0
61003_t96,R5,trend/SYMBOLIC_FRESH,384,0.3333333333333333,0.041666666666666664,0.0859375,0.6510416666666666,368,True,0.421195652173913,0.34782608695652173,0.6304347826086957,1.0217391304347827,0.5217391304347826,0.22826086956521738,0.24305555555555555
61001_t96,DIRECT_REPAIR_R4,cross_series/IMAGE_CUE_FRESH,384,1.0,0.0,0.0,1.0,384,True,0.0,1.0,0.0,1.0,1.0,0.0,0.0
61001_t96,DIRECT_REPAIR_R4,cross_series/SYMBOLIC_FRESH,384,0.3958333333333333,0.0078125,0.0,0.8053385416666666,381,True,0.12860892388451445,0.4068241469816273,0.16010498687664043,0.5669291338582677,0.49081364829396323,0.47244094488188976,0.06076388888888889
61001_t96,DIRECT_REPAIR_R4,duplicate_encoding/IMAGE_CUE_FRESH,384,1.0,0.0,0.0,1.0,384,True,0.0,1.0,0.0,1.0,1.0,0.0,0.0
61001_t96,DIRECT_REPAIR_R4,duplicate_encoding/SYMBOLIC_FRESH,384,1.0,0.0,0.0,1.0,384,True,0.0,1.0,0.0,1.0,1.0,0.0,0.0
61001_t96,DIRECT_REPAIR_R4,trend/IMAGE_CUE_FRESH,384,1.0,0.0,0.0,1.0,384,True,0.0,1.0,0.0,1.0,1.0,0.0,0.0
61001_t96,DIRECT_REPAIR_R4,trend/SYMBOLIC_FRESH,384,0.3333333333333333,0.0703125,0.11979166666666667,0.6354166666666666,357,True,0.3697478991596639,0.3585434173669468,0.6246498599439776,1.0028011204481793,0.453781512605042,0.27170868347338933,0.2638888888888889
61003_t96,R4,cross_series/IMAGE_CUE_FRESH,384,1.0,0.0,0.0,1.0,384,True,0.0,1.0,0.0,1.0,1.0,0.0,0.0
61003_t96,R4,cross_series/SYMBOLIC_FRESH,384,0.3723958333333333,0.015625,0.0,0.7890625,378,True,0.15079365079365079,0.3968253968253968,0.19047619047619047,0.6243386243386243,0.5079365079365079,0.43915343915343913,0.078125
61003_t96,R4,duplicate_encoding/IMAGE_CUE_FRESH,384,1.0,0.0,0.0,1.0,384,True,0.0,1.0,0.0,1.0,1.0,0.0,0.0
61003_t96,R4,duplicate_encoding/SYMBOLIC_FRESH,384,1.0,0.0,0.0,1.0,384,True,0.0,1.0,0.0,1.0,1.0,0.0,0.0
61003_t96,R4,trend/IMAGE_CUE_FRESH,384,1.0,0.0,0.0,1.0,384,True,0.0,1.0,0.0,1.0,1.0,0.0,0.0
61003_t96,R4,trend/SYMBOLIC_FRESH,384,0.3359375,0.11458333333333333,0.14583333333333334,0.5091145833333334,340,True,0.5823529411764706,0.37941176470588234,1.0794117647058823,1.5029411764705882,0.4264705882352941,0.03823529411764706,0.43315972222222215
61003_t96,R0,cross_series/IMAGE_CUE_FRESH,384,1.0,0.0,0.0,1.0,384,True,0.0,1.0,0.0,1.0,1.0,0.0,0.0
61003_t96,R0,cross_series/SYMBOLIC_FRESH,384,0.375,0.005208333333333333,0.0,0.7942708333333334,382,True,0.1544502617801047,0.3769633507853403,0.18324607329842932,0.5602094240837696,0.5052356020942408,0.468586387434555,0.06597222222222222
61003_t96,R0,duplicate_encoding/IMAGE_CUE_FRESH,384,1.0,0.0,0.0,1.0,384,True,0.0,1.0,0.0,1.0,1.0,0.0,0.0
61003_t96,R0,duplicate_encoding/SYMBOLIC_FRESH,384,1.0,0.0,0.0,1.0,384,True,0.0,1.0,0.0,1.0,1.0,0.0,0.0
61003_t96,R0,trend/IMAGE_CUE_FRESH,384,1.0,0.0,0.0,1.0,384,True,0.0,1.0,0.0,1.0,1.0,0.0,0.0
61003_t96,R0,trend/SYMBOLIC_FRESH,384,0.3333333333333333,0.14583333333333334,0.1171875,0.548828125,328,True,0.49085365853658536,0.3902439024390244,0.8201219512195121,1.2591463414634145,0.5030487804878049,0.11890243902439024,0.37934027777777773
61003_t32,R5,cross_series/IMAGE_CUE_FRESH,384,0.9973958333333334,0.0,0.0,0.9993489583333334,384,True,0.0026041666666666665,1.0,0.0026041666666666665,1.0026041666666667,0.9973958333333334,0.0,0.0008680555555555555
61003_t32,R5,cross_series/SYMBOLIC_FRESH,384,0.3489583333333333,0.028645833333333332,0.0,0.76953125,373,True,0.18230563002680966,0.3806970509383378,0.21179624664879357,0.6112600536193029,0.5067024128686327,0.44235924932975873,0.09722222222222221
61003_t32,R5,duplicate_encoding/IMAGE_CUE_FRESH,384,0.9973958333333334,0.0,0.0,0.9993489583333334,384,True,0.0,0.9973958333333334,0.0,0.9973958333333334,0.9973958333333334,0.0026041666666666665,0.0
61003_t32,R5,duplicate_encoding/SYMBOLIC_FRESH,384,0.9895833333333334,0.0,0.0,0.9973958333333334,384,True,0.0,0.9895833333333334,0.0,0.9895833333333334,0.9895833333333334,0.010416666666666666,0.0
61003_t32,R5,trend/IMAGE_CUE_FRESH,384,0.953125,0.0,0.0,0.98828125,384,True,0.0,0.953125,0.0,0.953125,0.953125,0.046875,0.0
61003_t32,R5,trend/SYMBOLIC_FRESH,384,0.2838541666666667,0.033854166666666664,0.052083333333333336,0.6197916666666666,371,True,0.5040431266846361,0.29380053908355797,0.7277628032345014,1.1159029649595686,0.5902964959568733,0.1509433962264151,0.2682291666666667
61001_t96,R7,cross_series/IMAGE_CUE_FRESH,384,1.0,0.0,0.0,1.0,384,True,0.0,1.0,0.0,1.0,1.0,0.0,0.0
61001_t96,R7,cross_series/SYMBOLIC_FRESH,384,0.3854166666666667,0.0078125,0.0,0.7994791666666666,381,True,0.13648293963254593,0.3910761154855643,0.1679790026246719,0.5590551181102362,0.49081364829396323,0.47506561679790027,0.06336805555555555
61001_t96,R7,duplicate_encoding/IMAGE_CUE_FRESH,384,1.0,0.0,0.0,1.0,384,True,0.0,1.0,0.0,1.0,1.0,0.0,0.0
61001_t96,R7,duplicate_encoding/SYMBOLIC_FRESH,384,1.0,0.0,0.0,1.0,384,True,0.0,1.0,0.0,1.0,1.0,0.0,0.0
61001_t96,R7,trend/IMAGE_CUE_FRESH,384,1.0,0.0,0.0,1.0,384,True,0.0,1.0,0.0,1.0,1.0,0.0,0.0
61001_t96,R7,trend/SYMBOLIC_FRESH,384,0.3333333333333333,0.125,0.12239583333333333,0.5442708333333334,336,True,0.5119047619047619,0.38095238095238093,0.8928571428571429,1.3214285714285714,0.46726190476190477,0.10714285714285714,0.3854166666666667
61004_t96,SAW_R4,cross_series/IMAGE_CUE_FRESH,384,1.0,0.0,0.0,1.0,384,True,0.0,1.0,0.0,1.0,1.0,0.0,0.0
61004_t96,SAW_R4,cross_series/SYMBOLIC_FRESH,384,0.3802083333333333,0.0026041666666666665,0.0,0.7838541666666666,383,True,0.1671018276762402,0.38642297650130547,0.24281984334203655,0.6449086161879896,0.5013054830287206,0.44386422976501305,0.08333333333333333
61004_t96,SAW_R4,duplicate_encoding/IMAGE_CUE_FRESH,384,1.0,0.0,0.0,1.0,384,True,0.0,1.0,0.0,1.0,1.0,0.0,0.0
61004_t96,SAW_R4,duplicate_encoding/SYMBOLIC_FRESH,384,1.0,0.0,0.0,1.0,384,True,0.0,1.0,0.0,1.0,1.0,0.0,0.0
61004_t96,SAW_R4,trend/IMAGE_CUE_FRESH,384,0.9973958333333334,0.0,0.0,0.9993489583333334,384,True,0.0,0.9973958333333334,0.0,0.9973958333333334,0.9973958333333334,0.0026041666666666665,0.0
61004_t96,SAW_R4,trend/SYMBOLIC_FRESH,384,0.34375,0.13020833333333334,0.15364583333333334,0.509765625,334,True,0.5479041916167665,0.39520958083832336,1.0508982035928143,1.4820359281437125,0.41317365269461076,0.05688622754491018,0.4348958333333333
61001_t32,R3,cross_series/IMAGE_CUE_FRESH,384,1.0,0.0,0.0,1.0,384,True,0.0,1.0,0.0,1.0,1.0,0.0,0.0
61001_t32,R3,cross_series/SYMBOLIC_FRESH,384,0.3645833333333333,0.036458333333333336,0.0026041666666666665,0.759765625,370,True,0.1918918918918919,0.4,0.24594594594594596,0.6945945945945946,0.5243243243243243,0.4027027027027027,0.11545138888888888
61001_t32,R3,duplicate_encoding/IMAGE_CUE_FRESH,384,1.0,0.0,0.0,1.0,384,True,0.0,1.0,0.0,1.0,1.0,0.0,0.0
61001_t32,R3,duplicate_encoding/SYMBOLIC_FRESH,384,0.9869791666666666,0.0,0.0026041666666666665,0.9954427083333334,384,True,0.0078125,0.9895833333333334,0.0078125,0.9973958333333334,0.9921875,0.005208333333333333,0.0026041666666666665
61001_t32,R3,trend/IMAGE_CUE_FRESH,384,0.953125,0.005208333333333333,0.0,0.9837239583333334,382,True,0.002617801047120419,0.9581151832460733,0.002617801047120419,0.9607329842931938,0.9607329842931938,0.03926701570680628,0.006076388888888889
61001_t32,R3,trend/SYMBOLIC_FRESH,384,0.3203125,0.1328125,0.11979166666666667,0.5494791666666666,333,True,0.46846846846846846,0.36936936936936937,0.8348348348348348,1.2672672672672673,0.5045045045045045,0.12612612612612611,0.3741319444444444
61002_t96,SAW_R4,cross_series/IMAGE_CUE_FRESH,384,1.0,0.0,0.0,1.0,384,True,0.0,1.0,0.0,1.0,1.0,0.0,0.0
61002_t96,SAW_R4,cross_series/SYMBOLIC_FRESH,384,0.3776041666666667,0.026041666666666668,0.0,0.798828125,374,True,0.12834224598930483,0.42780748663101603,0.14705882352941177,0.5748663101604278,0.4572192513368984,0.4839572192513369,0.07378472222222222
61002_t96,SAW_R4,duplicate_encoding/IMAGE_CUE_FRESH,384,1.0,0.0,0.0,1.0,384,True,0.0,1.0,0.0,1.0,1.0,0.0,0.0
61002_t96,SAW_R4,duplicate_encoding/SYMBOLIC_FRESH,384,1.0,0.0,0.0,1.0,384,True,0.0,1.0,0.0,1.0,1.0,0.0,0.0
61002_t96,SAW_R4,trend/IMAGE_CUE_FRESH,384,1.0,0.0,0.0,1.0,384,True,0.0,1.0,0.0,1.0,1.0,0.0,0.0
61002_t96,SAW_R4,trend/SYMBOLIC_FRESH,384,0.3359375,0.12239583333333333,0.125,0.5423177083333334,337,True,0.4836795252225519,0.3827893175074184,0.9109792284866469,1.3471810089020773,0.4362017804154303,0.13056379821958458,0.38888888888888884
61004_t96,R6,cross_series/IMAGE_CUE_FRESH,384,1.0,0.0,0.0,1.0,384,True,0.0,1.0,0.0,1.0,1.0,0.0,0.0
61004_t96,R6,cross_series/SYMBOLIC_FRESH,384,0.3776041666666667,0.005208333333333333,0.0,0.794921875,382,True,0.1518324607329843,0.3795811518324607,0.18324607329842932,0.5654450261780105,0.5,0.468586387434555,0.06597222222222222
61004_t96,R6,duplicate_encoding/IMAGE_CUE_FRESH,384,1.0,0.0,0.0,1.0,384,True,0.0,1.0,0.0,1.0,1.0,0.0,0.0
61004_t96,R6,duplicate_encoding/SYMBOLIC_FRESH,384,1.0,0.0,0.0,1.0,384,True,0.0,1.0,0.0,1.0,1.0,0.0,0.0
61004_t96,R6,trend/IMAGE_CUE_FRESH,384,0.9947916666666666,0.0,0.0,0.9986979166666666,384,True,0.0,0.9947916666666666,0.0,0.9947916666666666,0.9947916666666666,0.005208333333333333,0.0
61004_t96,R6,trend/SYMBOLIC_FRESH,384,0.3333333333333333,0.12239583333333333,0.125,0.5032552083333334,337,True,0.5875370919881305,0.3798219584569733,1.086053412462908,1.513353115727003,0.42433234421364985,0.032640949554896145,0.4401041666666667
61003_t32,R6,cross_series/IMAGE_CUE_FRESH,384,0.9973958333333334,0.0,0.0,0.9993489583333334,384,True,0.0,0.9973958333333334,0.0,1.0,1.0,0.0,0.0
61003_t32,R6,cross_series/SYMBOLIC_FRESH,384,0.3333333333333333,0.041666666666666664,0.0026041666666666665,0.7408854166666666,368,True,0.24456521739130435,0.39945652173913043,0.3070652173913043,0.7635869565217391,0.5163043478260869,0.3695652173913043,0.13975694444444445
61003_t32,R6,duplicate_encoding/IMAGE_CUE_FRESH,384,1.0,0.0,0.0,1.0,384,True,0.0,1.0,0.0,1.0,1.0,0.0,0.0
61003_t32,R6,duplicate_encoding/SYMBOLIC_FRESH,384,0.9947916666666666,0.0,0.0,0.998046875,384,True,0.0026041666666666665,0.9947916666666666,0.0026041666666666665,0.9973958333333334,0.9973958333333334,0.0026041666666666665,0.0008680555555555555
61003_t32,R6,trend/IMAGE_CUE_FRESH,384,0.953125,0.0,0.0,0.9869791666666666,384,True,0.005208333333333333,0.953125,0.005208333333333333,0.9609375,0.9609375,0.0390625,0.001736111111111111
61003_t32,R6,trend/SYMBOLIC_FRESH,384,0.3333333333333333,0.15625,0.13541666666666666,0.515625,324,True,0.5061728395061729,0.3950617283950617,0.9506172839506173,1.4166666666666667,0.4722222222222222,0.09876543209876543,0.4236111111111111
61001_t96,R1,cross_series/IMAGE_CUE_FRESH,384,1.0,0.0,0.0,1.0,384,True,0.0,1.0,0.0,1.0,1.0,0.0,0.0
61001_t96,R1,cross_series/SYMBOLIC_FRESH,384,0.3932291666666667,0.0234375,0.0,0.7975260416666666,375,True,0.12533333333333332,0.408,0.14133333333333334,0.552,0.504,0.472,0.06944444444444443
61001_t96,R1,duplicate_encoding/IMAGE_CUE_FRESH,384,1.0,0.0,0.0,1.0,384,True,0.0,1.0,0.0,1.0,1.0,0.0,0.0
61001_t96,R1,duplicate_encoding/SYMBOLIC_FRESH,384,1.0,0.0,0.0,1.0,384,True,0.0,1.0,0.0,1.0,1.0,0.0,0.0
61001_t96,R1,trend/IMAGE_CUE_FRESH,384,0.9973958333333334,0.0,0.0,0.9993489583333334,384,True,0.0,0.9973958333333334,0.0,0.9973958333333334,0.9973958333333334,0.0026041666666666665,0.0
61001_t96,R1,trend/SYMBOLIC_FRESH,384,0.3333333333333333,0.033854166666666664,0.08333333333333333,0.6861979166666666,371,True,0.3450134770889488,0.3450134770889488,0.5040431266846361,0.8921832884097035,0.5094339622641509,0.3018867924528302,0.19618055555555555
61001_t32,GDPO_R4,cross_series/IMAGE_CUE_FRESH,384,0.9973958333333334,0.0,0.0,0.9993489583333334,384,True,0.0026041666666666665,1.0,0.0026041666666666665,1.0026041666666667,0.9973958333333334,0.0,0.0008680555555555555
61001_t32,GDPO_R4,cross_series/SYMBOLIC_FRESH,384,0.359375,0.036458333333333336,0.0026041666666666665,0.7688802083333334,370,True,0.1783783783783784,0.3918918918918919,0.2,0.6243243243243243,0.527027027027027,0.4297297297297297,0.10069444444444443
61001_t32,GDPO_R4,duplicate_encoding/IMAGE_CUE_FRESH,384,1.0,0.0,0.0,1.0,384,True,0.0,1.0,0.0,1.0,1.0,0.0,0.0
61001_t32,GDPO_R4,duplicate_encoding/SYMBOLIC_FRESH,384,0.9947916666666666,0.0,0.0,0.9986979166666666,384,True,0.0,0.9947916666666666,0.0,0.9947916666666666,0.9947916666666666,0.005208333333333333,0.0
61001_t32,GDPO_R4,trend/IMAGE_CUE_FRESH,384,0.9583333333333334,0.0,0.0,0.9895833333333334,384,True,0.0,0.9583333333333334,0.0,0.9609375,0.9609375,0.0390625,0.0
61001_t32,GDPO_R4,trend/SYMBOLIC_FRESH,384,0.3307291666666667,0.12760416666666666,0.12239583333333333,0.5677083333333334,335,True,0.44776119402985076,0.37910447761194027,0.7761194029850746,1.2119402985074628,0.4835820895522388,0.16716417910447762,0.3532986111111111
61002_t32,R7,cross_series/IMAGE_CUE_FRESH,384,0.9973958333333334,0.0,0.0,0.9993489583333334,384,True,0.0,0.9973958333333334,0.0,0.9973958333333334,0.9973958333333334,0.0026041666666666665,0.0
61002_t32,R7,cross_series/SYMBOLIC_FRESH,384,0.3151041666666667,0.033854166666666664,0.0078125,0.734375,371,True,0.25336927223719674,0.3692722371967655,0.3288409703504043,0.8059299191374663,0.5067385444743935,0.3692722371967655,0.13975694444444445
61002_t32,R7,duplicate_encoding/IMAGE_CUE_FRESH,384,0.9973958333333334,0.0,0.0,0.9993489583333334,384,True,0.0,0.9973958333333334,0.0,0.9973958333333334,0.9973958333333334,0.0026041666666666665,0.0
61002_t32,R7,duplicate_encoding/SYMBOLIC_FRESH,384,0.9713541666666666,0.0,0.005208333333333333,0.9895833333333334,384,True,0.018229166666666668,0.9765625,0.018229166666666668,0.9947916666666666,0.984375,0.010416666666666666,0.006076388888888888
61002_t32,R7,trend/IMAGE_CUE_FRESH,384,0.953125,0.0,0.0026041666666666665,0.9850260416666666,384,True,0.0078125,0.953125,0.013020833333333334,0.9661458333333334,0.9583333333333334,0.0390625,0.004340277777777777
61002_t32,R7,trend/SYMBOLIC_FRESH,384,0.3177083333333333,0.08854166666666667,0.16145833333333334,0.5397135416666666,350,True,0.5171428571428571,0.3485714285714286,0.98,1.4714285714285715,0.44857142857142857,0.11142857142857143,0.38628472222222215
61003_t96,R2,cross_series/IMAGE_CUE_FRESH,384,1.0,0.0,0.0,1.0,384,True,0.0,1.0,0.0,1.0,1.0,0.0,0.0
61003_t96,R2,cross_series/SYMBOLIC_FRESH,384,0.3802083333333333,0.0,0.0,0.8020833333333334,384,True,0.13802083333333334,0.3802083333333333,0.171875,0.5520833333333334,0.484375,0.4817708333333333,0.057291666666666664
61003_t96,R2,duplicate_encoding/IMAGE_CUE_FRESH,384,1.0,0.0,0.0,1.0,384,True,0.0,1.0,0.0,1.0,1.0,0.0,0.0
61003_t96,R2,duplicate_encoding/SYMBOLIC_FRESH,384,1.0,0.0,0.0,1.0,384,True,0.0,1.0,0.0,1.0,1.0,0.0,0.0
61003_t96,R2,trend/IMAGE_CUE_FRESH,384,0.9973958333333334,0.0,0.0,0.9993489583333334,384,True,0.0,0.9973958333333334,0.0,0.9973958333333334,0.9973958333333334,0.0026041666666666665,0.0
61003_t96,R2,trend/SYMBOLIC_FRESH,384,0.3307291666666667,0.033854166666666664,0.08072916666666667,0.6595052083333334,371,True,0.41778975741239893,0.3423180592991914,0.6118598382749326,1.0,0.5256064690026954,0.2371967654986523,0.23090277777777776
61001_t32,R6,cross_series/IMAGE_CUE_FRESH,384,1.0,0.0,0.0,1.0,384,True,0.0,1.0,0.0,1.0,1.0,0.0,0.0
61001_t32,R6,cross_series/SYMBOLIC_FRESH,384,0.3307291666666667,0.057291666666666664,0.013020833333333334,0.7096354166666666,362,True,0.26243093922651933,0.38950276243093923,0.3784530386740331,0.8425414364640884,0.5248618784530387,0.35082872928176795,0.1762152777777778
61001_t32,R6,duplicate_encoding/IMAGE_CUE_FRESH,384,1.0,0.0,0.0,1.0,384,True,0.0,1.0,0.0,1.0,1.0,0.0,0.0
61001_t32,R6,duplicate_encoding/SYMBOLIC_FRESH,384,0.9921875,0.0,0.0,0.998046875,384,True,0.0,0.9921875,0.0,0.9921875,0.9921875,0.0078125,0.0
61001_t32,R6,trend/IMAGE_CUE_FRESH,384,0.9609375,0.0,0.0,0.9889322916666666,384,True,0.005208333333333333,0.9609375,0.005208333333333333,0.96875,0.9635416666666666,0.033854166666666664,0.001736111111111111
61001_t32,R6,trend/SYMBOLIC_FRESH,384,0.3151041666666667,0.125,0.13541666666666666,0.5325520833333334,336,True,0.5119047619047619,0.3601190476190476,0.9255952380952381,1.3630952380952381,0.4791666666666667,0.11011904761904762,0.39496527777777773
61003_t96,GDPO_R4,cross_series/IMAGE_CUE_FRESH,384,1.0,0.0,0.0,1.0,384,True,0.0,1.0,0.0,1.0,1.0,0.0,0.0
61003_t96,GDPO_R4,cross_series/SYMBOLIC_FRESH,384,0.3776041666666667,0.0,0.0,0.7981770833333334,384,True,0.171875,0.4088541666666667,0.21614583333333334,0.6302083333333334,0.4713541666666667,0.4505208333333333,0.0720486111111111
61003_t96,GDPO_R4,duplicate_encoding/IMAGE_CUE_FRESH,384,1.0,0.0,0.0,1.0,384,True,0.0,1.0,0.0,1.0,1.0,0.0,0.0
61003_t96,GDPO_R4,duplicate_encoding/SYMBOLIC_FRESH,384,1.0,0.0,0.0,1.0,384,True,0.0,1.0,0.0,1.0,1.0,0.0,0.0
61003_t96,GDPO_R4,trend/IMAGE_CUE_FRESH,384,1.0,0.0,0.0,1.0,384,True,0.0,1.0,0.0,1.0,1.0,0.0,0.0
61003_t96,GDPO_R4,trend/SYMBOLIC_FRESH,384,0.3333333333333333,0.14583333333333334,0.15625,0.5,328,True,0.5640243902439024,0.3902439024390244,1.048780487804878,1.4878048780487805,0.42073170731707316,0.04573170731707317,0.4444444444444444
61003_t96,R7,cross_series/IMAGE_CUE_FRESH,384,1.0,0.0,0.0,1.0,384,True,0.0,1.0,0.0,1.0,1.0,0.0,0.0
61003_t96,R7,cross_series/SYMBOLIC_FRESH,384,0.3828125,0.0078125,0.0,0.7975260416666666,381,True,0.14960629921259844,0.3937007874015748,0.1784776902887139,0.5748031496062992,0.5013123359580053,0.46194225721784776,0.06684027777777778
61003_t96,R7,duplicate_encoding/IMAGE_CUE_FRESH,384,1.0,0.0,0.0,1.0,384,True,0.0,1.0,0.0,1.0,1.0,0.0,0.0
61003_t96,R7,duplicate_encoding/SYMBOLIC_FRESH,384,1.0,0.0,0.0,1.0,384,True,0.0,1.0,0.0,1.0,1.0,0.0,0.0
61003_t96,R7,trend/IMAGE_CUE_FRESH,384,1.0,0.0,0.0,1.0,384,True,0.0,1.0,0.0,1.0,1.0,0.0,0.0
61003_t96,R7,trend/SYMBOLIC_FRESH,384,0.3333333333333333,0.057291666666666664,0.10677083333333333,0.6106770833333334,362,True,0.4613259668508287,0.35359116022099446,0.7624309392265194,1.160220994475138,0.4696132596685083,0.1850828729281768,0.296875
61002_t96,DIRECT_REPAIR_R4,cross_series/IMAGE_CUE_FRESH,384,1.0,0.0,0.0,1.0,384,True,0.0,1.0,0.0,1.0,1.0,0.0,0.0
61002_t96,DIRECT_REPAIR_R4,cross_series/SYMBOLIC_FRESH,384,0.3802083333333333,0.0,0.0,0.806640625,384,True,0.13802083333333334,0.40625,0.1796875,0.5885416666666666,0.4479166666666667,0.4817708333333333,0.059895833333333336
61002_t96,DIRECT_REPAIR_R4,duplicate_encoding/IMAGE_CUE_FRESH,384,1.0,0.0,0.0,1.0,384,True,0.0,1.0,0.0,1.0,1.0,0.0,0.0
61002_t96,DIRECT_REPAIR_R4,duplicate_encoding/SYMBOLIC_FRESH,384,1.0,0.0,0.0,1.0,384,True,0.0,1.0,0.0,1.0,1.0,0.0,0.0
61002_t96,DIRECT_REPAIR_R4,trend/IMAGE_CUE_FRESH,384,1.0,0.0,0.0,1.0,384,True,0.0,1.0,0.0,1.0,1.0,0.0,0.0
61002_t96,DIRECT_REPAIR_R4,trend/SYMBOLIC_FRESH,384,0.3333333333333333,0.09114583333333333,0.1171875,0.5904947916666666,349,True,0.4469914040114613,0.3667621776504298,0.7679083094555874,1.180515759312321,0.46131805157593125,0.18624641833810887,0.3237847222222222
61003_t96,R3,cross_series/IMAGE_CUE_FRESH,384,1.0,0.0,0.0,1.0,384,True,0.0,1.0,0.0,1.0,1.0,0.0,0.0
61003_t96,R3,cross_series/SYMBOLIC_FRESH,384,0.375,0.0078125,0.0,0.7916666666666666,381,True,0.16272965879265092,0.3910761154855643,0.1994750656167979,0.5931758530183727,0.49081364829396323,0.45931758530183725,0.07378472222222222
61003_t96,R3,duplicate_encoding/IMAGE_CUE_FRESH,384,1.0,0.0,0.0,1.0,384,True,0.0,1.0,0.0,1.0,1.0,0.0,0.0
61003_t96,R3,duplicate_encoding/SYMBOLIC_FRESH,384,1.0,0.0,0.0,1.0,384,True,0.0,1.0,0.0,1.0,1.0,0.0,0.0
61003_t96,R3,trend/IMAGE_CUE_FRESH,384,1.0,0.0,0.0,1.0,384,True,0.0,1.0,0.0,1.0,1.0,0.0,0.0
61003_t96,R3,trend/SYMBOLIC_FRESH,384,0.3333333333333333,0.15625,0.11197916666666667,0.4967447916666667,324,True,0.5802469135802469,0.3950617283950617,1.0401234567901234,1.4845679012345678,0.4691358024691358,0.024691358024691357,0.44878472222222215
61004_t96,DIRECT_REPAIR_R4,cross_series/IMAGE_CUE_FRESH,384,1.0,0.0,0.0,1.0,384,True,0.0,1.0,0.0,1.0,1.0,0.0,0.0
61004_t96,DIRECT_REPAIR_R4,cross_series/SYMBOLIC_FRESH,384,0.40625,0.0078125,0.0,0.8131510416666666,381,True,0.11023622047244094,0.4094488188976378,0.13123359580052493,0.5459317585301837,0.49868766404199477,0.4776902887139108,0.05121527777777777
61004_t96,DIRECT_REPAIR_R4,duplicate_encoding/IMAGE_CUE_FRESH,384,1.0,0.0,0.0,1.0,384,True,0.0,1.0,0.0,1.0,1.0,0.0,0.0
61004_t96,DIRECT_REPAIR_R4,duplicate_encoding/SYMBOLIC_FRESH,384,1.0,0.0,0.0,1.0,384,True,0.0,1.0,0.0,1.0,1.0,0.0,0.0
61004_t96,DIRECT_REPAIR_R4,trend/IMAGE_CUE_FRESH,384,0.9947916666666666,0.0,0.0,0.9986979166666666,384,True,0.0,0.9947916666666666,0.0,0.9947916666666666,0.9947916666666666,0.005208333333333333,0.0
61004_t96,DIRECT_REPAIR_R4,trend/SYMBOLIC_FRESH,384,0.3541666666666667,0.15625,0.1953125,0.5071614583333334,324,True,0.5277777777777778,0.41975308641975306,1.0154320987654322,1.4382716049382716,0.46296296296296297,0.05246913580246913,0.44184027777777773
61003_t32,GDPO_R4,cross_series/IMAGE_CUE_FRESH,384,0.9973958333333334,0.0,0.0,0.9993489583333334,384,True,0.0026041666666666665,1.0,0.0026041666666666665,1.0026041666666667,0.9973958333333334,0.0,0.0008680555555555555
61003_t32,GDPO_R4,cross_series/SYMBOLIC_FRESH,384,0.359375,0.018229166666666668,0.0,0.775390625,377,True,0.1909814323607427,0.3925729442970822,0.23342175066312998,0.6525198938992043,0.5172413793103449,0.41909814323607425,0.09461805555555554
61003_t32,GDPO_R4,duplicate_encoding/IMAGE_CUE_FRESH,384,1.0,0.0,0.0,1.0,384,True,0.0,1.0,0.0,1.0,1.0,0.0,0.0
61003_t32,GDPO_R4,duplicate_encoding/SYMBOLIC_FRESH,384,0.9973958333333334,0.0,0.0,0.9986979166666666,384,True,0.0026041666666666665,0.9973958333333334,0.0026041666666666665,1.0,1.0,0.0,0.0008680555555555555
61003_t32,GDPO_R4,trend/IMAGE_CUE_FRESH,384,0.9505208333333334,0.0,0.0,0.9869791666666666,384,True,0.0026041666666666665,0.9505208333333334,0.0026041666666666665,0.9583333333333334,0.9583333333333334,0.041666666666666664,0.0008680555555555555
61003_t32,GDPO_R4,trend/SYMBOLIC_FRESH,384,0.3307291666666667,0.0703125,0.0859375,0.6119791666666666,357,True,0.45938375350140054,0.3557422969187675,0.7226890756302521,1.123249299719888,0.5266106442577031,0.17647058823529413,0.2942708333333333
61003_t32,R7,cross_series/IMAGE_CUE_FRESH,384,0.9973958333333334,0.0,0.0,0.9993489583333334,384,True,0.0026041666666666665,1.0,0.0026041666666666665,1.0026041666666667,0.9973958333333334,0.0,0.0008680555555555555
61003_t32,R7,cross_series/SYMBOLIC_FRESH,384,0.3541666666666667,0.036458333333333336,0.0,0.75390625,370,True,0.20540540540540542,0.3918918918918919,0.26216216216216215,0.6918918918918919,0.5243243243243243,0.4,0.12065972222222221
61003_t32,R7,duplicate_encoding/IMAGE_CUE_FRESH,384,1.0,0.0,0.0,1.0,384,True,0.0,1.0,0.0,1.0,1.0,0.0,0.0
61003_t32,R7,duplicate_encoding/SYMBOLIC_FRESH,384,0.9895833333333334,0.0,0.0,0.99609375,384,True,0.005208333333333333,0.9895833333333334,0.005208333333333333,0.9947916666666666,0.9947916666666666,0.005208333333333333,0.001736111111111111
61003_t32,R7,trend/IMAGE_CUE_FRESH,384,0.9505208333333334,0.0,0.0,0.9876302083333334,384,True,0.0,0.9505208333333334,0.0,0.9505208333333334,0.9505208333333334,0.049479166666666664,0.0
61003_t32,R7,trend/SYMBOLIC_FRESH,384,0.3229166666666667,0.08854166666666667,0.1171875,0.5813802083333334,350,True,0.4685714285714286,0.35428571428571426,0.8028571428571428,1.2314285714285715,0.49714285714285716,0.15428571428571428,0.33246527777777773
61002_t96,R5,cross_series/IMAGE_CUE_FRESH,384,1.0,0.0,0.0,1.0,384,True,0.0,1.0,0.0,1.0,1.0,0.0,0.0
61002_t96,R5,cross_series/SYMBOLIC_FRESH,384,0.3802083333333333,0.0,0.0,0.8001302083333334,384,True,0.1484375,0.3880208333333333,0.1875,0.5807291666666666,0.4869791666666667,0.4661458333333333,0.0625
61002_t96,R5,duplicate_encoding/IMAGE_CUE_FRESH,384,1.0,0.0,0.0,1.0,384,True,0.0,1.0,0.0,1.0,1.0,0.0,0.0
61002_t96,R5,duplicate_encoding/SYMBOLIC_FRESH,384,1.0,0.0,0.0,1.0,384,True,0.0,1.0,0.0,1.0,1.0,0.0,0.0
61002_t96,R5,trend/IMAGE_CUE_FRESH,384,1.0,0.0,0.0,1.0,384,True,0.0,1.0,0.0,1.0,1.0,0.0,0.0
61002_t96,R5,trend/SYMBOLIC_FRESH,384,0.3333333333333333,0.0859375,0.11458333333333333,0.5885416666666666,351,True,0.47293447293447294,0.3646723646723647,0.7891737891737892,1.1994301994301995,0.47863247863247865,0.1623931623931624,0.3263888888888889
61004_t32,R2,cross_series/IMAGE_CUE_FRESH,384,1.0,0.0,0.0,1.0,384,True,0.0,1.0,0.0,1.0,1.0,0.0,0.0
61004_t32,R2,cross_series/SYMBOLIC_FRESH,384,0.3307291666666667,0.033854166666666664,0.0026041666666666665,0.75,371,True,0.215633423180593,0.3638814016172507,0.2587601078167116,0.7008086253369272,0.5363881401617251,0.38544474393531,0.1171875
61004_t32,R2,duplicate_encoding/IMAGE_CUE_FRESH,384,1.0,0.0,0.0,1.0,384,True,0.0,1.0,0.0,1.0,1.0,0.0,0.0
61004_t32,R2,duplicate_encoding/SYMBOLIC_FRESH,384,0.9635416666666666,0.0,0.0026041666666666665,0.9876302083333334,384,True,0.015625,0.9661458333333334,0.015625,0.9895833333333334,0.984375,0.013020833333333334,0.005208333333333333
61004_t32,R2,trend/IMAGE_CUE_FRESH,384,0.9166666666666666,0.0,0.0,0.9772135416666666,384,True,0.0078125,0.9166666666666666,0.0078125,0.9270833333333334,0.9270833333333334,0.07291666666666667,0.0026041666666666665
61004_t32,R2,trend/SYMBOLIC_FRESH,384,0.3203125,0.07552083333333333,0.10677083333333333,0.5963541666666666,355,True,0.4563380281690141,0.3464788732394366,0.7661971830985915,1.1633802816901408,0.5098591549295775,0.17464788732394365,0.3116319444444444
