role,configuration_id,target,quantity,excluded_error_ss,excluded_truth_ss,excluded_error_fraction,excluded_signal_fraction,energy_equals_zero_prediction_all_seeds
fresh_calibration,C0|O_IND|16|0|0.01|0.01|8,joint_1_minus_joint_0,event,0.0,0.0,0.0,0.0,True
fresh_calibration,C0|O_IND|16|0|0.01|0.01|8,joint_1_minus_joint_0,pX,0.0,0.0,0.0,0.0,True
fresh_calibration,C0|O_IND|16|0|0.01|0.01|8,joint_1_minus_joint_0,v,0.0,0.0,0.0,0.0,True
fresh_calibration,C0|O_IND|16|0|0.01|0.01|8,joint_1_minus_no_x_off_1,event,0.03582236840862901,0.03582236840862901,0.045015236631855006,0.045015236631855006,True
fresh_calibration,C0|O_IND|16|0|0.01|0.01|8,joint_1_minus_no_x_off_1,pX,4.486622060931444e-05,4.486622060931444e-05,0.11870124933709318,0.11870124933709318,True
fresh_calibration,C0|O_IND|16|0|0.01|0.01|8,joint_1_minus_no_x_off_1,v,0.0002089709901792003,0.0002089709901792003,0.02132170552355459,0.02132170552355459,True
fresh_calibration,C0|O_IND|16|0|0.01|0.01|8,no_x_off_1_minus_joint_0,event,0.0009096462248593985,0.0009096462248593985,0.008320315039396028,0.008320315039396028,True
fresh_calibration,C0|O_IND|16|0|0.01|0.01|8,no_x_off_1_minus_joint_0,pX,2.4835820401831305e-06,2.4835820401831305e-06,0.06056172410802991,0.06056172410802991,True
fresh_calibration,C0|O_IND|16|0|0.01|0.01|8,no_x_off_1_minus_joint_0,v,3.5617490260000126e-06,3.5617490260000126e-06,0.0027485907989743884,0.0027485907989743884,True
fresh_calibration,C0|O_IND|256|0|0.01|0.01|8,joint_1_minus_joint_0,event,0.0,0.0,0.0,0.0,True
fresh_calibration,C0|O_IND|256|0|0.01|0.01|8,joint_1_minus_joint_0,pX,0.0,0.0,0.0,0.0,True
fresh_calibration,C0|O_IND|256|0|0.01|0.01|8,joint_1_minus_joint_0,v,0.0,0.0,0.0,0.0,True
fresh_calibration,C0|O_IND|256|0|0.01|0.01|8,joint_1_minus_no_x_off_1,event,0.03582236840862901,0.03582236840862901,0.045015236631855006,0.045015236631855006,True
fresh_calibration,C0|O_IND|256|0|0.01|0.01|8,joint_1_minus_no_x_off_1,pX,4.486622060931444e-05,4.486622060931444e-05,0.11870124933709318,0.11870124933709318,True
fresh_calibration,C0|O_IND|256|0|0.01|0.01|8,joint_1_minus_no_x_off_1,v,0.0002089709901792003,0.0002089709901792003,0.02132170552355459,0.02132170552355459,True
fresh_calibration,C0|O_IND|256|0|0.01|0.01|8,no_x_off_1_minus_joint_0,event,0.0009096462248593985,0.0009096462248593985,0.008320315039396028,0.008320315039396028,True
fresh_calibration,C0|O_IND|256|0|0.01|0.01|8,no_x_off_1_minus_joint_0,pX,2.4835820401831305e-06,2.4835820401831305e-06,0.06056172410802991,0.06056172410802991,True
fresh_calibration,C0|O_IND|256|0|0.01|0.01|8,no_x_off_1_minus_joint_0,v,3.5617490260000126e-06,3.5617490260000126e-06,0.0027485907989743884,0.0027485907989743884,True
fresh_calibration,C0|O_IND|64|0|0.01|0.01|8,joint_1_minus_joint_0,event,0.0,0.0,0.0,0.0,True
fresh_calibration,C0|O_IND|64|0|0.01|0.01|8,joint_1_minus_joint_0,pX,0.0,0.0,0.0,0.0,True
fresh_calibration,C0|O_IND|64|0|0.01|0.01|8,joint_1_minus_joint_0,v,0.0,0.0,0.0,0.0,True
fresh_calibration,C0|O_IND|64|0|0.01|0.01|8,joint_1_minus_no_x_off_1,event,0.03582236840862901,0.03582236840862901,0.045015236631855006,0.045015236631855006,True
fresh_calibration,C0|O_IND|64|0|0.01|0.01|8,joint_1_minus_no_x_off_1,pX,4.486622060931444e-05,4.486622060931444e-05,0.11870124933709318,0.11870124933709318,True
fresh_calibration,C0|O_IND|64|0|0.01|0.01|8,joint_1_minus_no_x_off_1,v,0.0002089709901792003,0.0002089709901792003,0.02132170552355459,0.02132170552355459,True
fresh_calibration,C0|O_IND|64|0|0.01|0.01|8,no_x_off_1_minus_joint_0,event,0.0009096462248593985,0.0009096462248593985,0.008320315039396028,0.008320315039396028,True
fresh_calibration,C0|O_IND|64|0|0.01|0.01|8,no_x_off_1_minus_joint_0,pX,2.4835820401831305e-06,2.4835820401831305e-06,0.06056172410802991,0.06056172410802991,True
fresh_calibration,C0|O_IND|64|0|0.01|0.01|8,no_x_off_1_minus_joint_0,v,3.5617490260000126e-06,3.5617490260000126e-06,0.0027485907989743884,0.0027485907989743884,True
fresh_calibration,C1_LEGACY_EXACT_RULE|O_IND|16|1|0.01|0.01|8,joint_1_minus_joint_0,event,0.0,0.0,0.0,0.0,True
fresh_calibration,C1_LEGACY_EXACT_RULE|O_IND|16|1|0.01|0.01|8,joint_1_minus_joint_0,pX,0.0,0.0,0.0,0.0,True
fresh_calibration,C1_LEGACY_EXACT_RULE|O_IND|16|1|0.01|0.01|8,joint_1_minus_joint_0,v,0.0,0.0,0.0,0.0,True
fresh_calibration,C1_LEGACY_EXACT_RULE|O_IND|16|1|0.01|0.01|8,joint_1_minus_no_x_off_1,event,25.19544334823297,0.03582236840862901,0.16658401989641425,0.045015236631855006,False
fresh_calibration,C1_LEGACY_EXACT_RULE|O_IND|16|1|0.01|0.01|8,joint_1_minus_no_x_off_1,pX,0.045638295473047596,4.486622060931444e-05,0.3063723021791139,0.11870124933709318,False
fresh_calibration,C1_LEGACY_EXACT_RULE|O_IND|16|1|0.01|0.01|8,joint_1_minus_no_x_off_1,v,0.0045222760924662035,0.0002089709901792003,0.03132987682724991,0.02132170552355459,False
fresh_calibration,C1_LEGACY_EXACT_RULE|O_IND|16|1|0.01|0.01|8,no_x_off_1_minus_joint_0,event,1.2763544530112667,0.0009096462248593985,0.041806110330528126,0.008320315039396028,False
fresh_calibration,C1_LEGACY_EXACT_RULE|O_IND|16|1|0.01|0.01|8,no_x_off_1_minus_joint_0,pX,0.0016150789660873987,2.4835820401831305e-06,0.060974643501047025,0.06056172410802991,False
fresh_calibration,C1_LEGACY_EXACT_RULE|O_IND|16|1|0.01|0.01|8,no_x_off_1_minus_joint_0,v,0.0004012775580896997,3.5617490260000126e-06,0.013521518960899183,0.0027485907989743884,False
fresh_calibration,C1_LEGACY_EXACT_RULE|O_IND|256|1|0.01|0.01|8,joint_1_minus_joint_0,event,0.0,0.0,0.0,0.0,True
fresh_calibration,C1_LEGACY_EXACT_RULE|O_IND|256|1|0.01|0.01|8,joint_1_minus_joint_0,pX,0.0,0.0,0.0,0.0,True
fresh_calibration,C1_LEGACY_EXACT_RULE|O_IND|256|1|0.01|0.01|8,joint_1_minus_joint_0,v,0.0,0.0,0.0,0.0,True
fresh_calibration,C1_LEGACY_EXACT_RULE|O_IND|256|1|0.01|0.01|8,joint_1_minus_no_x_off_1,event,2.242817436590431,0.03582236840862901,0.18465644243917753,0.045015236631855006,False
fresh_calibration,C1_LEGACY_EXACT_RULE|O_IND|256|1|0.01|0.01|8,joint_1_minus_no_x_off_1,pX,0.0025970123691648997,4.486622060931444e-05,0.22423630244840242,0.11870124933709318,False
fresh_calibration,C1_LEGACY_EXACT_RULE|O_IND|256|1|0.01|0.01|8,joint_1_minus_no_x_off_1,v,0.0007440706609764998,0.0002089709901792003,0.030661558928314354,0.02132170552355459,False
fresh_calibration,C1_LEGACY_EXACT_RULE|O_IND|256|1|0.01|0.01|8,no_x_off_1_minus_joint_0,event,0.06962285859954917,0.0009096462248593985,0.03649658900501182,0.008320315039396028,False
fresh_calibration,C1_LEGACY_EXACT_RULE|O_IND|256|1|0.01|0.01|8,no_x_off_1_minus_joint_0,pX,8.363586546830003e-05,2.4835820401831305e-06,0.04248158913202693,0.06056172410802991,False
fresh_calibration,C1_LEGACY_EXACT_RULE|O_IND|256|1|0.01|0.01|8,no_x_off_1_minus_joint_0,v,1.8007244095700093e-05,3.5617490260000126e-06,0.005327469750681205,0.0027485907989743884,False
fresh_calibration,C1_LEGACY_EXACT_RULE|O_IND|64|1|0.01|0.01|8,joint_1_minus_joint_0,event,0.0,0.0,0.0,0.0,True
fresh_calibration,C1_LEGACY_EXACT_RULE|O_IND|64|1|0.01|0.01|8,joint_1_minus_joint_0,pX,0.0,0.0,0.0,0.0,True
fresh_calibration,C1_LEGACY_EXACT_RULE|O_IND|64|1|0.01|0.01|8,joint_1_minus_joint_0,v,0.0,0.0,0.0,0.0,True
fresh_calibration,C1_LEGACY_EXACT_RULE|O_IND|64|1|0.01|0.01|8,joint_1_minus_no_x_off_1,event,6.664660452401291,0.03582236840862901,0.13774252333302545,0.045015236631855006,False
fresh_calibration,C1_LEGACY_EXACT_RULE|O_IND|64|1|0.01|0.01|8,joint_1_minus_no_x_off_1,pX,0.009826198128741201,4.486622060931444e-05,0.1938704196000232,0.11870124933709318,False
fresh_calibration,C1_LEGACY_EXACT_RULE|O_IND|64|1|0.01|0.01|8,joint_1_minus_no_x_off_1,v,0.002528572489829403,0.0002089709901792003,0.04572395639612727,0.02132170552355459,False
fresh_calibration,C1_LEGACY_EXACT_RULE|O_IND|64|1|0.01|0.01|8,no_x_off_1_minus_joint_0,event,0.26323794337471806,0.0009096462248593985,0.03812198834457669,0.008320315039396028,False
fresh_calibration,C1_LEGACY_EXACT_RULE|O_IND|64|1|0.01|0.01|8,no_x_off_1_minus_joint_0,pX,0.0003662629519913999,2.4835820401831305e-06,0.05781289427671468,0.06056172410802991,False
fresh_calibration,C1_LEGACY_EXACT_RULE|O_IND|64|1|0.01|0.01|8,no_x_off_1_minus_joint_0,v,5.550691728280015e-05,3.5617490260000126e-06,0.006236149678988927,0.0027485907989743884,False
fresh_calibration,C1_LEGACY_FROZEN|O_IND|16|0|0.01|0.01|8,joint_1_minus_joint_0,event,0.0,0.0,0.0,0.0,True
fresh_calibration,C1_LEGACY_FROZEN|O_IND|16|0|0.01|0.01|8,joint_1_minus_joint_0,pX,0.0,0.0,0.0,0.0,True
fresh_calibration,C1_LEGACY_FROZEN|O_IND|16|0|0.01|0.01|8,joint_1_minus_joint_0,v,0.0,0.0,0.0,0.0,True
fresh_calibration,C1_LEGACY_FROZEN|O_IND|16|0|0.01|0.01|8,joint_1_minus_no_x_off_1,event,0.03582236840862901,0.03582236840862901,0.045015236631855006,0.045015236631855006,True
fresh_calibration,C1_LEGACY_FROZEN|O_IND|16|0|0.01|0.01|8,joint_1_minus_no_x_off_1,pX,4.486622060931444e-05,4.486622060931444e-05,0.11870124933709318,0.11870124933709318,True
fresh_calibration,C1_LEGACY_FROZEN|O_IND|16|0|0.01|0.01|8,joint_1_minus_no_x_off_1,v,0.0002089709901792003,0.0002089709901792003,0.02132170552355459,0.02132170552355459,True
fresh_calibration,C1_LEGACY_FROZEN|O_IND|16|0|0.01|0.01|8,no_x_off_1_minus_joint_0,event,0.0009096462248593985,0.0009096462248593985,0.008320315039396028,0.008320315039396028,True
fresh_calibration,C1_LEGACY_FROZEN|O_IND|16|0|0.01|0.01|8,no_x_off_1_minus_joint_0,pX,2.4835820401831305e-06,2.4835820401831305e-06,0.06056172410802991,0.06056172410802991,True
fresh_calibration,C1_LEGACY_FROZEN|O_IND|16|0|0.01|0.01|8,no_x_off_1_minus_joint_0,v,3.5617490260000126e-06,3.5617490260000126e-06,0.0027485907989743884,0.0027485907989743884,True
fresh_calibration,C1_LEGACY_FROZEN|O_IND|256|0|0.01|0.01|8,joint_1_minus_joint_0,event,0.0,0.0,0.0,0.0,True
fresh_calibration,C1_LEGACY_FROZEN|O_IND|256|0|0.01|0.01|8,joint_1_minus_joint_0,pX,0.0,0.0,0.0,0.0,True
fresh_calibration,C1_LEGACY_FROZEN|O_IND|256|0|0.01|0.01|8,joint_1_minus_joint_0,v,0.0,0.0,0.0,0.0,True
fresh_calibration,C1_LEGACY_FROZEN|O_IND|256|0|0.01|0.01|8,joint_1_minus_no_x_off_1,event,0.03582236840862901,0.03582236840862901,0.045015236631855006,0.045015236631855006,True
fresh_calibration,C1_LEGACY_FROZEN|O_IND|256|0|0.01|0.01|8,joint_1_minus_no_x_off_1,pX,4.486622060931444e-05,4.486622060931444e-05,0.11870124933709318,0.11870124933709318,True
fresh_calibration,C1_LEGACY_FROZEN|O_IND|256|0|0.01|0.01|8,joint_1_minus_no_x_off_1,v,0.0002089709901792003,0.0002089709901792003,0.02132170552355459,0.02132170552355459,True
fresh_calibration,C1_LEGACY_FROZEN|O_IND|256|0|0.01|0.01|8,no_x_off_1_minus_joint_0,event,0.0009096462248593985,0.0009096462248593985,0.008320315039396028,0.008320315039396028,True
fresh_calibration,C1_LEGACY_FROZEN|O_IND|256|0|0.01|0.01|8,no_x_off_1_minus_joint_0,pX,2.4835820401831305e-06,2.4835820401831305e-06,0.06056172410802991,0.06056172410802991,True
fresh_calibration,C1_LEGACY_FROZEN|O_IND|256|0|0.01|0.01|8,no_x_off_1_minus_joint_0,v,3.5617490260000126e-06,3.5617490260000126e-06,0.0027485907989743884,0.0027485907989743884,True
fresh_calibration,C1_LEGACY_FROZEN|O_IND|64|0|0.01|0.01|8,joint_1_minus_joint_0,event,0.0,0.0,0.0,0.0,True
fresh_calibration,C1_LEGACY_FROZEN|O_IND|64|0|0.01|0.01|8,joint_1_minus_joint_0,pX,0.0,0.0,0.0,0.0,True
fresh_calibration,C1_LEGACY_FROZEN|O_IND|64|0|0.01|0.01|8,joint_1_minus_joint_0,v,0.0,0.0,0.0,0.0,True
fresh_calibration,C1_LEGACY_FROZEN|O_IND|64|0|0.01|0.01|8,joint_1_minus_no_x_off_1,event,0.03582236840862901,0.03582236840862901,0.045015236631855006,0.045015236631855006,True
fresh_calibration,C1_LEGACY_FROZEN|O_IND|64|0|0.01|0.01|8,joint_1_minus_no_x_off_1,pX,4.486622060931444e-05,4.486622060931444e-05,0.11870124933709318,0.11870124933709318,True
fresh_calibration,C1_LEGACY_FROZEN|O_IND|64|0|0.01|0.01|8,joint_1_minus_no_x_off_1,v,0.0002089709901792003,0.0002089709901792003,0.02132170552355459,0.02132170552355459,True
fresh_calibration,C1_LEGACY_FROZEN|O_IND|64|0|0.01|0.01|8,no_x_off_1_minus_joint_0,event,0.0009096462248593985,0.0009096462248593985,0.008320315039396028,0.008320315039396028,True
fresh_calibration,C1_LEGACY_FROZEN|O_IND|64|0|0.01|0.01|8,no_x_off_1_minus_joint_0,pX,2.4835820401831305e-06,2.4835820401831305e-06,0.06056172410802991,0.06056172410802991,True
fresh_calibration,C1_LEGACY_FROZEN|O_IND|64|0|0.01|0.01|8,no_x_off_1_minus_joint_0,v,3.5617490260000126e-06,3.5617490260000126e-06,0.0027485907989743884,0.0027485907989743884,True
fresh_calibration,C3|O_LR_MIX|16|FULL|1e-05|0.01|2,joint_1_minus_joint_0,event,0.03856676138731538,0.03856676138731546,0.09634151585959894,0.03529890533216118,True
fresh_calibration,C3|O_LR_MIX|16|FULL|1e-05|0.01|2,joint_1_minus_joint_0,pX,7.601194473057707e-05,7.601194473058725e-05,0.3247211448702934,0.1548332136627892,True
fresh_calibration,C3|O_LR_MIX|16|FULL|1e-05|0.01|2,joint_1_minus_joint_0,v,0.00018159129478790008,0.0001815912947877999,0.0685896653029078,0.012924379110460814,True
fresh_calibration,C3|O_LR_MIX|16|FULL|1e-05|0.01|2,joint_1_minus_no_x_off_1,event,0.17999457821289022,0.23189866008712223,0.6072344130579909,0.2914093490233142,False
fresh_calibration,C3|O_LR_MIX|16|FULL|1e-05|0.01|2,joint_1_minus_no_x_off_1,pX,0.00010452659529983491,0.00010550560528706751,0.5400663919294986,0.2791330981206197,False
fresh_calibration,C3|O_LR_MIX|16|FULL|1e-05|0.01|2,joint_1_minus_no_x_off_1,v,0.0008210949879449,0.0020461586068847002,0.41087833416446573,0.2087734342124235,False
fresh_calibration,C3|O_LR_MIX|16|FULL|1e-05|0.01|2,no_x_off_1_minus_joint_0,event,0.004355650499435801,0.0045492928323577955,0.0720783279697384,0.04161128638502702,False
fresh_calibration,C3|O_LR_MIX|16|FULL|1e-05|0.01|2,no_x_off_1_minus_joint_0,pX,9.085719686443231e-06,9.982832649882583e-06,0.3527501490308458,0.2434296701204373,False
fresh_calibration,C3|O_LR_MIX|16|FULL|1e-05|0.01|2,no_x_off_1_minus_joint_0,v,2.4264293950455113e-05,2.4747423644900016e-05,0.07368200264844844,0.019097510922908345,False
fresh_calibration,C3|O_LR_MIX|256|FULL|1e-05|0.01|2,joint_1_minus_joint_0,event,0.038566761387315504,0.03856676138731546,0.11191924784239553,0.03529890533216118,True
fresh_calibration,C3|O_LR_MIX|256|FULL|1e-05|0.01|2,joint_1_minus_joint_0,pX,7.601194473057705e-05,7.601194473058725e-05,0.4126741469709358,0.1548332136627892,True
fresh_calibration,C3|O_LR_MIX|256|FULL|1e-05|0.01|2,joint_1_minus_joint_0,v,0.00018159129478789995,0.0001815912947877999,0.07317391740357859,0.012924379110460814,True
fresh_calibration,C3|O_LR_MIX|256|FULL|1e-05|0.01|2,joint_1_minus_no_x_off_1,event,0.1735319471169781,0.23189866008712223,0.6790194690436049,0.2914093490233142,False
fresh_calibration,C3|O_LR_MIX|256|FULL|1e-05|0.01|2,joint_1_minus_no_x_off_1,pX,0.00010046471406330992,0.00010550560528706751,0.6396975931546595,0.2791330981206197,False
fresh_calibration,C3|O_LR_MIX|256|FULL|1e-05|0.01|2,joint_1_minus_no_x_off_1,v,0.0007753829302409496,0.0020461586068847002,0.41462537690393014,0.2087734342124235,False
fresh_calibration,C3|O_LR_MIX|256|FULL|1e-05|0.01|2,no_x_off_1_minus_joint_0,event,0.004294516262046802,0.0045492928323577955,0.07872320929749912,0.04161128638502702,False
fresh_calibration,C3|O_LR_MIX|256|FULL|1e-05|0.01|2,no_x_off_1_minus_joint_0,pX,9.023507503815587e-06,9.982832649882583e-06,0.4452306879494795,0.2434296701204373,False
fresh_calibration,C3|O_LR_MIX|256|FULL|1e-05|0.01|2,no_x_off_1_minus_joint_0,v,2.422053299820971e-05,2.4747423644900016e-05,0.07757842178543947,0.019097510922908345,False
fresh_calibration,C3|O_LR_MIX|64|FULL|1e-05|0.01|2,joint_1_minus_joint_0,event,0.038566761387315594,0.03856676138731546,0.10851159288295735,0.03529890533216118,True
fresh_calibration,C3|O_LR_MIX|64|FULL|1e-05|0.01|2,joint_1_minus_joint_0,pX,7.601194473057707e-05,7.601194473058725e-05,0.388152242175421,0.1548332136627892,True
fresh_calibration,C3|O_LR_MIX|64|FULL|1e-05|0.01|2,joint_1_minus_joint_0,v,0.0001815912947879999,0.0001815912947877999,0.07263282421706774,0.012924379110460814,True
fresh_calibration,C3|O_LR_MIX|64|FULL|1e-05|0.01|2,joint_1_minus_no_x_off_1,event,0.1748833107426351,0.23189866008712223,0.6635455124825261,0.2914093490233142,False
fresh_calibration,C3|O_LR_MIX|64|FULL|1e-05|0.01|2,joint_1_minus_no_x_off_1,pX,0.00010256765375038049,0.00010550560528706751,0.6201502461023897,0.2791330981206197,False
fresh_calibration,C3|O_LR_MIX|64|FULL|1e-05|0.01|2,joint_1_minus_no_x_off_1,v,0.0007810489950230582,0.0020461586068847002,0.41488851015428024,0.2087734342124235,False
fresh_calibration,C3|O_LR_MIX|64|FULL|1e-05|0.01|2,no_x_off_1_minus_joint_0,event,0.004307742414865601,0.0045492928323577955,0.07746011355241905,0.04161128638502702,False
fresh_calibration,C3|O_LR_MIX|64|FULL|1e-05|0.01|2,no_x_off_1_minus_joint_0,pX,9.026150798961452e-06,9.982832649882583e-06,0.42307586491791804,0.2434296701204373,False
fresh_calibration,C3|O_LR_MIX|64|FULL|1e-05|0.01|2,no_x_off_1_minus_joint_0,v,2.427339606038493e-05,2.4747423644900016e-05,0.07727494927755711,0.019097510922908345,False
fresh_calibration,C3|O_LR_ORIGIN|16|FULL|1e-05|0.01|2,joint_1_minus_joint_0,event,0.0385667613873154,0.03856676138731546,0.097226220665558,0.03529890533216118,True
fresh_calibration,C3|O_LR_ORIGIN|16|FULL|1e-05|0.01|2,joint_1_minus_joint_0,pX,7.601194473057704e-05,7.601194473058725e-05,0.320640561495314,0.1548332136627892,True
fresh_calibration,C3|O_LR_ORIGIN|16|FULL|1e-05|0.01|2,joint_1_minus_joint_0,v,0.00018159129478779995,0.0001815912947877999,0.06974872941411794,0.012924379110460814,True
fresh_calibration,C3|O_LR_ORIGIN|16|FULL|1e-05|0.01|2,joint_1_minus_no_x_off_1,event,0.1792881534786992,0.23189866008712223,0.6136555024529826,0.2914093490233142,False
fresh_calibration,C3|O_LR_ORIGIN|16|FULL|1e-05|0.01|2,joint_1_minus_no_x_off_1,pX,0.00010510024337618727,0.00010550560528706751,0.5373410507636303,0.2791330981206197,False
fresh_calibration,C3|O_LR_ORIGIN|16|FULL|1e-05|0.01|2,joint_1_minus_no_x_off_1,v,0.0008042433269853,0.0020461586068847002,0.4106716521183386,0.2087734342124235,False
fresh_calibration,C3|O_LR_ORIGIN|16|FULL|1e-05|0.01|2,no_x_off_1_minus_joint_0,event,0.004348338985429901,0.0045492928323577955,0.07365694678504785,0.04161128638502702,False
fresh_calibration,C3|O_LR_ORIGIN|16|FULL|1e-05|0.01|2,no_x_off_1_minus_joint_0,pX,9.020339892460394e-06,9.982832649882583e-06,0.37426726217305367,0.2434296701204373,False
fresh_calibration,C3|O_LR_ORIGIN|16|FULL|1e-05|0.01|2,no_x_off_1_minus_joint_0,v,2.4318851492657186e-05,2.4747423644900016e-05,0.07563318385426183,0.019097510922908345,False
fresh_calibration,C3|O_LR_ORIGIN|256|FULL|1e-05|0.01|2,joint_1_minus_joint_0,event,0.0385667613873154,0.03856676138731546,0.11198309505886614,0.03529890533216118,True
fresh_calibration,C3|O_LR_ORIGIN|256|FULL|1e-05|0.01|2,joint_1_minus_joint_0,pX,7.601194473057707e-05,7.601194473058725e-05,0.41036629771379035,0.1548332136627892,True
fresh_calibration,C3|O_LR_ORIGIN|256|FULL|1e-05|0.01|2,joint_1_minus_joint_0,v,0.00018159129478770007,0.0001815912947877999,0.07329274732933978,0.012924379110460814,True
fresh_calibration,C3|O_LR_ORIGIN|256|FULL|1e-05|0.01|2,joint_1_minus_no_x_off_1,event,0.17363825664424487,0.23189866008712223,0.6800142537072472,0.2914093490233142,False
fresh_calibration,C3|O_LR_ORIGIN|256|FULL|1e-05|0.01|2,joint_1_minus_no_x_off_1,pX,0.00010099400252395457,0.00010550560528706751,0.6398868238510915,0.2791330981206197,False
fresh_calibration,C3|O_LR_ORIGIN|256|FULL|1e-05|0.01|2,joint_1_minus_no_x_off_1,v,0.0007749363840813487,0.0020461586068847002,0.4151128738354285,0.2087734342124235,False
fresh_calibration,C3|O_LR_ORIGIN|256|FULL|1e-05|0.01|2,no_x_off_1_minus_joint_0,event,0.0042933471047955,0.0045492928323577955,0.07883362852476637,0.04161128638502702,False
fresh_calibration,C3|O_LR_ORIGIN|256|FULL|1e-05|0.01|2,no_x_off_1_minus_joint_0,pX,9.006026156105522e-06,9.982832649882583e-06,0.4448155543231483,0.2434296701204373,False
fresh_calibration,C3|O_LR_ORIGIN|256|FULL|1e-05|0.01|2,no_x_off_1_minus_joint_0,v,2.4219505389496176e-05,2.4747423644900016e-05,0.07757242743893435,0.019097510922908345,False
fresh_calibration,C3|O_LR_ORIGIN|64|FULL|1e-05|0.01|2,joint_1_minus_joint_0,event,0.038566761387315504,0.03856676138731546,0.10883576340296915,0.03529890533216118,True
fresh_calibration,C3|O_LR_ORIGIN|64|FULL|1e-05|0.01|2,joint_1_minus_joint_0,pX,7.601194473057707e-05,7.601194473058725e-05,0.3885657412001535,0.1548332136627892,True
fresh_calibration,C3|O_LR_ORIGIN|64|FULL|1e-05|0.01|2,joint_1_minus_joint_0,v,0.00018159129478780006,0.0001815912947877999,0.07214562248647827,0.012924379110460814,True
fresh_calibration,C3|O_LR_ORIGIN|64|FULL|1e-05|0.01|2,joint_1_minus_no_x_off_1,event,0.17466127286334493,0.23189866008712223,0.6654944239803934,0.2914093490233142,False
fresh_calibration,C3|O_LR_ORIGIN|64|FULL|1e-05|0.01|2,joint_1_minus_no_x_off_1,pX,0.00010204325206543231,0.00010550560528706751,0.6190968996415103,0.2791330981206197,False
fresh_calibration,C3|O_LR_ORIGIN|64|FULL|1e-05|0.01|2,joint_1_minus_no_x_off_1,v,0.0007837410497168406,0.0020461586068847002,0.4126721909431967,0.2087734342124235,False
fresh_calibration,C3|O_LR_ORIGIN|64|FULL|1e-05|0.01|2,no_x_off_1_minus_joint_0,event,0.004310568493794001,0.0045492928323577955,0.07785864200306457,0.04161128638502702,False
fresh_calibration,C3|O_LR_ORIGIN|64|FULL|1e-05|0.01|2,no_x_off_1_minus_joint_0,pX,9.071937758968783e-06,9.982832649882583e-06,0.4245727070859843,0.2434296701204373,False
fresh_calibration,C3|O_LR_ORIGIN|64|FULL|1e-05|0.01|2,no_x_off_1_minus_joint_0,v,2.4274336276054242e-05,2.4747423644900016e-05,0.07716670678578809,0.019097510922908345,False
fresh_calibration,C5|O_LR_ORIGIN|16|4|1e-05|0.01|2,joint_1_minus_joint_0,event,0.0385667613873154,0.03856676138731546,0.097226220665558,0.03529890533216118,True
fresh_calibration,C5|O_LR_ORIGIN|16|4|1e-05|0.01|2,joint_1_minus_joint_0,pX,7.601194473057707e-05,7.601194473058725e-05,0.3206405614953141,0.1548332136627892,True
fresh_calibration,C5|O_LR_ORIGIN|16|4|1e-05|0.01|2,joint_1_minus_joint_0,v,0.00018159129478779995,0.0001815912947877999,0.06974872941411794,0.012924379110460814,True
fresh_calibration,C5|O_LR_ORIGIN|16|4|1e-05|0.01|2,joint_1_minus_no_x_off_1,event,0.17928815347869909,0.23189866008712223,0.6136555024529822,0.2914093490233142,False
fresh_calibration,C5|O_LR_ORIGIN|16|4|1e-05|0.01|2,joint_1_minus_no_x_off_1,pX,0.00010510024337618728,0.00010550560528706751,0.5373410507636304,0.2791330981206197,False
fresh_calibration,C5|O_LR_ORIGIN|16|4|1e-05|0.01|2,joint_1_minus_no_x_off_1,v,0.0008042433269852,0.0020461586068847002,0.41067165211828754,0.2087734342124235,False
fresh_calibration,C5|O_LR_ORIGIN|16|4|1e-05|0.01|2,no_x_off_1_minus_joint_0,event,0.004348338985429901,0.0045492928323577955,0.07365694678504785,0.04161128638502702,False
fresh_calibration,C5|O_LR_ORIGIN|16|4|1e-05|0.01|2,no_x_off_1_minus_joint_0,pX,9.020339892460394e-06,9.982832649882583e-06,0.37426726217305367,0.2434296701204373,False
fresh_calibration,C5|O_LR_ORIGIN|16|4|1e-05|0.01|2,no_x_off_1_minus_joint_0,v,2.431885149265718e-05,2.4747423644900016e-05,0.07563318385426182,0.019097510922908345,False
fresh_calibration,C5|O_LR_ORIGIN|256|4|1e-05|0.01|2,joint_1_minus_joint_0,event,0.0385667613873156,0.03856676138731546,0.11198309505886668,0.03529890533216118,True
fresh_calibration,C5|O_LR_ORIGIN|256|4|1e-05|0.01|2,joint_1_minus_joint_0,pX,7.601194473057705e-05,7.601194473058725e-05,0.4103662977137903,0.1548332136627892,True
fresh_calibration,C5|O_LR_ORIGIN|256|4|1e-05|0.01|2,joint_1_minus_joint_0,v,0.00018159129478770007,0.0001815912947877999,0.07329274732933978,0.012924379110460814,True
fresh_calibration,C5|O_LR_ORIGIN|256|4|1e-05|0.01|2,joint_1_minus_no_x_off_1,event,0.1736382566442451,0.23189866008712223,0.6800142537072478,0.2914093490233142,False
fresh_calibration,C5|O_LR_ORIGIN|256|4|1e-05|0.01|2,joint_1_minus_no_x_off_1,pX,0.00010099400252395457,0.00010550560528706751,0.6398868238510914,0.2791330981206197,False
fresh_calibration,C5|O_LR_ORIGIN|256|4|1e-05|0.01|2,joint_1_minus_no_x_off_1,v,0.0007749363840813489,0.0020461586068847002,0.4151128738354286,0.2087734342124235,False
fresh_calibration,C5|O_LR_ORIGIN|256|4|1e-05|0.01|2,no_x_off_1_minus_joint_0,event,0.0042933471047955,0.0045492928323577955,0.07883362852476637,0.04161128638502702,False
fresh_calibration,C5|O_LR_ORIGIN|256|4|1e-05|0.01|2,no_x_off_1_minus_joint_0,pX,9.006026156105522e-06,9.982832649882583e-06,0.4448155543231483,0.2434296701204373,False
fresh_calibration,C5|O_LR_ORIGIN|256|4|1e-05|0.01|2,no_x_off_1_minus_joint_0,v,2.421950538949617e-05,2.4747423644900016e-05,0.07757242743893435,0.019097510922908345,False
fresh_calibration,C5|O_LR_ORIGIN|64|4|1e-05|0.01|2,joint_1_minus_joint_0,event,0.03856676138731552,0.03856676138731546,0.10883576340296924,0.03529890533216118,True
fresh_calibration,C5|O_LR_ORIGIN|64|4|1e-05|0.01|2,joint_1_minus_joint_0,pX,7.601194473057707e-05,7.601194473058725e-05,0.3885657412001535,0.1548332136627892,True
fresh_calibration,C5|O_LR_ORIGIN|64|4|1e-05|0.01|2,joint_1_minus_joint_0,v,0.00018159129478780006,0.0001815912947877999,0.07214562248647827,0.012924379110460814,True
fresh_calibration,C5|O_LR_ORIGIN|64|4|1e-05|0.01|2,joint_1_minus_no_x_off_1,event,0.1746612728633449,0.23189866008712223,0.6654944239803936,0.2914093490233142,False
fresh_calibration,C5|O_LR_ORIGIN|64|4|1e-05|0.01|2,joint_1_minus_no_x_off_1,pX,0.00010204325206543234,0.00010550560528706751,0.6190968996415104,0.2791330981206197,False
fresh_calibration,C5|O_LR_ORIGIN|64|4|1e-05|0.01|2,joint_1_minus_no_x_off_1,v,0.0007837410497168408,0.0020461586068847002,0.4126721909431968,0.2087734342124235,False
fresh_calibration,C5|O_LR_ORIGIN|64|4|1e-05|0.01|2,no_x_off_1_minus_joint_0,event,0.004310568493794001,0.0045492928323577955,0.07785864200306457,0.04161128638502702,False
fresh_calibration,C5|O_LR_ORIGIN|64|4|1e-05|0.01|2,no_x_off_1_minus_joint_0,pX,9.071937758968783e-06,9.982832649882583e-06,0.4245727070859844,0.2434296701204373,False
fresh_calibration,C5|O_LR_ORIGIN|64|4|1e-05|0.01|2,no_x_off_1_minus_joint_0,v,2.427433627605423e-05,2.4747423644900016e-05,0.07716670678578808,0.019097510922908345,False
fresh_calibration,C6|O_LR_MIX|16|4|1e-05|0.01|2,joint_1_minus_joint_0,event,0.038566761387315476,0.03856676138731546,0.09634151585959917,0.03529890533216118,True
fresh_calibration,C6|O_LR_MIX|16|4|1e-05|0.01|2,joint_1_minus_joint_0,pX,7.601194473057707e-05,7.601194473058725e-05,0.32472114487029347,0.1548332136627892,True
fresh_calibration,C6|O_LR_MIX|16|4|1e-05|0.01|2,joint_1_minus_joint_0,v,0.00018159129478790008,0.0001815912947877999,0.0685896653029078,0.012924379110460814,True
fresh_calibration,C6|O_LR_MIX|16|4|1e-05|0.01|2,joint_1_minus_no_x_off_1,event,0.17999457821289022,0.23189866008712223,0.6072344130579909,0.2914093490233142,False
fresh_calibration,C6|O_LR_MIX|16|4|1e-05|0.01|2,joint_1_minus_no_x_off_1,pX,0.0001045265952998349,0.00010550560528706751,0.5400663919294985,0.2791330981206197,False
fresh_calibration,C6|O_LR_MIX|16|4|1e-05|0.01|2,joint_1_minus_no_x_off_1,v,0.0008210949879449,0.0020461586068847002,0.41087833416446573,0.2087734342124235,False
fresh_calibration,C6|O_LR_MIX|16|4|1e-05|0.01|2,no_x_off_1_minus_joint_0,event,0.004355650499435801,0.0045492928323577955,0.0720783279697384,0.04161128638502702,False
fresh_calibration,C6|O_LR_MIX|16|4|1e-05|0.01|2,no_x_off_1_minus_joint_0,pX,9.08571968644323e-06,9.982832649882583e-06,0.35275014903084567,0.2434296701204373,False
fresh_calibration,C6|O_LR_MIX|16|4|1e-05|0.01|2,no_x_off_1_minus_joint_0,v,2.4264293950455133e-05,2.4747423644900016e-05,0.07368200264844851,0.019097510922908345,False
fresh_calibration,C6|O_LR_MIX|256|4|1e-05|0.01|2,joint_1_minus_joint_0,event,0.03856676138731541,0.03856676138731546,0.11191924784239525,0.03529890533216118,True
fresh_calibration,C6|O_LR_MIX|256|4|1e-05|0.01|2,joint_1_minus_joint_0,pX,7.601194473057705e-05,7.601194473058725e-05,0.4126741469709359,0.1548332136627892,True
fresh_calibration,C6|O_LR_MIX|256|4|1e-05|0.01|2,joint_1_minus_joint_0,v,0.00018159129478789995,0.0001815912947877999,0.07317391740357859,0.012924379110460814,True
fresh_calibration,C6|O_LR_MIX|256|4|1e-05|0.01|2,joint_1_minus_no_x_off_1,event,0.17353194711697803,0.23189866008712223,0.6790194690436048,0.2914093490233142,False
fresh_calibration,C6|O_LR_MIX|256|4|1e-05|0.01|2,joint_1_minus_no_x_off_1,pX,0.00010046471406330991,0.00010550560528706751,0.6396975931546597,0.2791330981206197,False
fresh_calibration,C6|O_LR_MIX|256|4|1e-05|0.01|2,joint_1_minus_no_x_off_1,v,0.0007753829302409496,0.0020461586068847002,0.41462537690393014,0.2087734342124235,False
fresh_calibration,C6|O_LR_MIX|256|4|1e-05|0.01|2,no_x_off_1_minus_joint_0,event,0.004294516262046802,0.0045492928323577955,0.07872320929749912,0.04161128638502702,False
fresh_calibration,C6|O_LR_MIX|256|4|1e-05|0.01|2,no_x_off_1_minus_joint_0,pX,9.023507503815587e-06,9.982832649882583e-06,0.44523068794947956,0.2434296701204373,False
fresh_calibration,C6|O_LR_MIX|256|4|1e-05|0.01|2,no_x_off_1_minus_joint_0,v,2.4220532998209704e-05,2.4747423644900016e-05,0.07757842178543949,0.019097510922908345,False
fresh_calibration,C6|O_LR_MIX|64|4|1e-05|0.01|2,joint_1_minus_joint_0,event,0.03856676138731548,0.03856676138731546,0.10851159288295704,0.03529890533216118,True
fresh_calibration,C6|O_LR_MIX|64|4|1e-05|0.01|2,joint_1_minus_joint_0,pX,7.601194473057707e-05,7.601194473058725e-05,0.388152242175421,0.1548332136627892,True
fresh_calibration,C6|O_LR_MIX|64|4|1e-05|0.01|2,joint_1_minus_joint_0,v,0.0001815912947879999,0.0001815912947877999,0.07263282421706774,0.012924379110460814,True
fresh_calibration,C6|O_LR_MIX|64|4|1e-05|0.01|2,joint_1_minus_no_x_off_1,event,0.1748833107426351,0.23189866008712223,0.6635455124825261,0.2914093490233142,False
fresh_calibration,C6|O_LR_MIX|64|4|1e-05|0.01|2,joint_1_minus_no_x_off_1,pX,0.00010256765375038049,0.00010550560528706751,0.6201502461023897,0.2791330981206197,False
fresh_calibration,C6|O_LR_MIX|64|4|1e-05|0.01|2,joint_1_minus_no_x_off_1,v,0.0007810489950230584,0.0020461586068847002,0.41488851015428035,0.2087734342124235,False
fresh_calibration,C6|O_LR_MIX|64|4|1e-05|0.01|2,no_x_off_1_minus_joint_0,event,0.004307742414865601,0.0045492928323577955,0.07746011355241905,0.04161128638502702,False
fresh_calibration,C6|O_LR_MIX|64|4|1e-05|0.01|2,no_x_off_1_minus_joint_0,pX,9.026150798961454e-06,9.982832649882583e-06,0.42307586491791804,0.2434296701204373,False
fresh_calibration,C6|O_LR_MIX|64|4|1e-05|0.01|2,no_x_off_1_minus_joint_0,v,2.4273396060384938e-05,2.4747423644900016e-05,0.07727494927755714,0.019097510922908345,False
fresh_locked_test,C0|O_IND|16|0|0.01|0.01|8,joint_1_minus_joint_0,event,0.0,0.0,0.0,0.0,True
fresh_locked_test,C0|O_IND|16|0|0.01|0.01|8,joint_1_minus_joint_0,pX,0.0,0.0,0.0,0.0,True
fresh_locked_test,C0|O_IND|16|0|0.01|0.01|8,joint_1_minus_joint_0,v,0.0,0.0,0.0,0.0,True
fresh_locked_test,C0|O_IND|16|0|0.01|0.01|8,joint_1_minus_no_x_off_1,event,0.023606019425929187,0.023606019425929187,0.021578530898097237,0.021578530898097237,True
fresh_locked_test,C0|O_IND|16|0|0.01|0.01|8,joint_1_minus_no_x_off_1,pX,2.592827589919932e-05,2.592827589919932e-05,0.05001367216468174,0.05001367216468174,True
fresh_locked_test,C0|O_IND|16|0|0.01|0.01|8,joint_1_minus_no_x_off_1,v,0.0003184752056919998,0.0003184752056919998,0.02130187151703536,0.02130187151703536,True
fresh_locked_test,C0|O_IND|16|0|0.01|0.01|8,no_x_off_1_minus_joint_0,event,0.002308815065316095,0.002308815065316095,0.009063185401363003,0.009063185401363003,True
fresh_locked_test,C0|O_IND|16|0|0.01|0.01|8,no_x_off_1_minus_joint_0,pX,6.967561092191196e-06,6.967561092191196e-06,0.060108757314510146,0.060108757314510146,True
fresh_locked_test,C0|O_IND|16|0|0.01|0.01|8,no_x_off_1_minus_joint_0,v,3.552252432200071e-06,3.552252432200071e-06,0.0011476676174742326,0.0011476676174742326,True
fresh_locked_test,C0|O_IND|256|0|0.01|0.01|8,joint_1_minus_joint_0,event,0.0,0.0,0.0,0.0,True
fresh_locked_test,C0|O_IND|256|0|0.01|0.01|8,joint_1_minus_joint_0,pX,0.0,0.0,0.0,0.0,True
fresh_locked_test,C0|O_IND|256|0|0.01|0.01|8,joint_1_minus_joint_0,v,0.0,0.0,0.0,0.0,True
fresh_locked_test,C0|O_IND|256|0|0.01|0.01|8,joint_1_minus_no_x_off_1,event,0.023606019425929187,0.023606019425929187,0.021578530898097237,0.021578530898097237,True
fresh_locked_test,C0|O_IND|256|0|0.01|0.01|8,joint_1_minus_no_x_off_1,pX,2.592827589919932e-05,2.592827589919932e-05,0.05001367216468174,0.05001367216468174,True
fresh_locked_test,C0|O_IND|256|0|0.01|0.01|8,joint_1_minus_no_x_off_1,v,0.0003184752056919998,0.0003184752056919998,0.02130187151703536,0.02130187151703536,True
fresh_locked_test,C0|O_IND|256|0|0.01|0.01|8,no_x_off_1_minus_joint_0,event,0.002308815065316095,0.002308815065316095,0.009063185401363003,0.009063185401363003,True
fresh_locked_test,C0|O_IND|256|0|0.01|0.01|8,no_x_off_1_minus_joint_0,pX,6.967561092191196e-06,6.967561092191196e-06,0.060108757314510146,0.060108757314510146,True
fresh_locked_test,C0|O_IND|256|0|0.01|0.01|8,no_x_off_1_minus_joint_0,v,3.552252432200071e-06,3.552252432200071e-06,0.0011476676174742326,0.0011476676174742326,True
fresh_locked_test,C0|O_IND|64|0|0.01|0.01|8,joint_1_minus_joint_0,event,0.0,0.0,0.0,0.0,True
fresh_locked_test,C0|O_IND|64|0|0.01|0.01|8,joint_1_minus_joint_0,pX,0.0,0.0,0.0,0.0,True
fresh_locked_test,C0|O_IND|64|0|0.01|0.01|8,joint_1_minus_joint_0,v,0.0,0.0,0.0,0.0,True
fresh_locked_test,C0|O_IND|64|0|0.01|0.01|8,joint_1_minus_no_x_off_1,event,0.023606019425929187,0.023606019425929187,0.021578530898097237,0.021578530898097237,True
fresh_locked_test,C0|O_IND|64|0|0.01|0.01|8,joint_1_minus_no_x_off_1,pX,2.592827589919932e-05,2.592827589919932e-05,0.05001367216468174,0.05001367216468174,True
fresh_locked_test,C0|O_IND|64|0|0.01|0.01|8,joint_1_minus_no_x_off_1,v,0.0003184752056919998,0.0003184752056919998,0.02130187151703536,0.02130187151703536,True
fresh_locked_test,C0|O_IND|64|0|0.01|0.01|8,no_x_off_1_minus_joint_0,event,0.002308815065316095,0.002308815065316095,0.009063185401363003,0.009063185401363003,True
fresh_locked_test,C0|O_IND|64|0|0.01|0.01|8,no_x_off_1_minus_joint_0,pX,6.967561092191196e-06,6.967561092191196e-06,0.060108757314510146,0.060108757314510146,True
fresh_locked_test,C0|O_IND|64|0|0.01|0.01|8,no_x_off_1_minus_joint_0,v,3.552252432200071e-06,3.552252432200071e-06,0.0011476676174742326,0.0011476676174742326,True
fresh_locked_test,C1_LEGACY_EXACT_RULE|O_IND|16|1|0.01|0.01|8,joint_1_minus_joint_0,event,0.0,0.0,0.0,0.0,True
fresh_locked_test,C1_LEGACY_EXACT_RULE|O_IND|16|1|0.01|0.01|8,joint_1_minus_joint_0,pX,0.0,0.0,0.0,0.0,True
fresh_locked_test,C1_LEGACY_EXACT_RULE|O_IND|16|1|0.01|0.01|8,joint_1_minus_joint_0,v,0.0,0.0,0.0,0.0,True
fresh_locked_test,C1_LEGACY_EXACT_RULE|O_IND|16|1|0.01|0.01|8,joint_1_minus_no_x_off_1,event,30.981842997378024,0.023606019425929187,0.07490248266870547,0.021578530898097237,False
fresh_locked_test,C1_LEGACY_EXACT_RULE|O_IND|16|1|0.01|0.01|8,joint_1_minus_no_x_off_1,pX,0.036772360463515494,2.592827589919932e-05,0.0805959158482398,0.05001367216468174,False
fresh_locked_test,C1_LEGACY_EXACT_RULE|O_IND|16|1|0.01|0.01|8,joint_1_minus_no_x_off_1,v,0.008948740948547399,0.0003184752056919998,0.021506759596026798,0.02130187151703536,False
fresh_locked_test,C1_LEGACY_EXACT_RULE|O_IND|16|1|0.01|0.01|8,no_x_off_1_minus_joint_0,event,1.7687943611268615,0.002308815065316095,0.023074701608877406,0.009063185401363003,False
fresh_locked_test,C1_LEGACY_EXACT_RULE|O_IND|16|1|0.01|0.01|8,no_x_off_1_minus_joint_0,pX,0.002793478441919699,6.967561092191196e-06,0.03670557509043571,0.060108757314510146,False
fresh_locked_test,C1_LEGACY_EXACT_RULE|O_IND|16|1|0.01|0.01|8,no_x_off_1_minus_joint_0,v,0.00029883772958280014,3.552252432200071e-06,0.004272610517765535,0.0011476676174742326,False
fresh_locked_test,C1_LEGACY_EXACT_RULE|O_IND|256|1|0.01|0.01|8,joint_1_minus_joint_0,event,0.0,0.0,0.0,0.0,True
fresh_locked_test,C1_LEGACY_EXACT_RULE|O_IND|256|1|0.01|0.01|8,joint_1_minus_joint_0,pX,0.0,0.0,0.0,0.0,True
fresh_locked_test,C1_LEGACY_EXACT_RULE|O_IND|256|1|0.01|0.01|8,joint_1_minus_joint_0,v,0.0,0.0,0.0,0.0,True
fresh_locked_test,C1_LEGACY_EXACT_RULE|O_IND|256|1|0.01|0.01|8,joint_1_minus_no_x_off_1,event,1.5904343186663987,0.023606019425929187,0.061516724845614504,0.021578530898097237,False
fresh_locked_test,C1_LEGACY_EXACT_RULE|O_IND|256|1|0.01|0.01|8,joint_1_minus_no_x_off_1,pX,0.0022168364553791006,2.592827589919932e-05,0.07474266432425848,0.05001367216468174,False
fresh_locked_test,C1_LEGACY_EXACT_RULE|O_IND|256|1|0.01|0.01|8,joint_1_minus_no_x_off_1,v,0.0007941025149760994,0.0003184752056919998,0.017000950528550645,0.02130187151703536,False
fresh_locked_test,C1_LEGACY_EXACT_RULE|O_IND|256|1|0.01|0.01|8,no_x_off_1_minus_joint_0,event,0.16986276359789587,0.002308815065316095,0.034408922770017066,0.009063185401363003,False
fresh_locked_test,C1_LEGACY_EXACT_RULE|O_IND|256|1|0.01|0.01|8,no_x_off_1_minus_joint_0,pX,0.00017823117748439995,6.967561092191196e-06,0.03232946145476705,0.060108757314510146,False
fresh_locked_test,C1_LEGACY_EXACT_RULE|O_IND|256|1|0.01|0.01|8,no_x_off_1_minus_joint_0,v,2.091967858110005e-05,3.552252432200071e-06,0.0023092214987551134,0.0011476676174742326,False
fresh_locked_test,C1_LEGACY_EXACT_RULE|O_IND|64|1|0.01|0.01|8,joint_1_minus_joint_0,event,0.0,0.0,0.0,0.0,True
fresh_locked_test,C1_LEGACY_EXACT_RULE|O_IND|64|1|0.01|0.01|8,joint_1_minus_joint_0,pX,0.0,0.0,0.0,0.0,True
fresh_locked_test,C1_LEGACY_EXACT_RULE|O_IND|64|1|0.01|0.01|8,joint_1_minus_joint_0,v,0.0,0.0,0.0,0.0,True
fresh_locked_test,C1_LEGACY_EXACT_RULE|O_IND|64|1|0.01|0.01|8,joint_1_minus_no_x_off_1,event,8.886867311101621,0.023606019425929187,0.08973478066897143,0.021578530898097237,False
fresh_locked_test,C1_LEGACY_EXACT_RULE|O_IND|64|1|0.01|0.01|8,joint_1_minus_no_x_off_1,pX,0.012446150417578399,2.592827589919932e-05,0.12049084145907887,0.05001367216468174,False
fresh_locked_test,C1_LEGACY_EXACT_RULE|O_IND|64|1|0.01|0.01|8,joint_1_minus_no_x_off_1,v,0.0029382549846915,0.0003184752056919998,0.027436214575139325,0.02130187151703536,False
fresh_locked_test,C1_LEGACY_EXACT_RULE|O_IND|64|1|0.01|0.01|8,no_x_off_1_minus_joint_0,event,0.4575477280819862,0.002308815065316095,0.023812193500527996,0.009063185401363003,False
fresh_locked_test,C1_LEGACY_EXACT_RULE|O_IND|64|1|0.01|0.01|8,no_x_off_1_minus_joint_0,pX,0.0004341583753896005,6.967561092191196e-06,0.021042936517268608,0.060108757314510146,False
fresh_locked_test,C1_LEGACY_EXACT_RULE|O_IND|64|1|0.01|0.01|8,no_x_off_1_minus_joint_0,v,0.00010782990546989984,3.552252432200071e-06,0.004866112531770967,0.0011476676174742326,False
fresh_locked_test,C1_LEGACY_FROZEN|O_IND|16|0|0.01|0.01|8,joint_1_minus_joint_0,event,0.0,0.0,0.0,0.0,True
fresh_locked_test,C1_LEGACY_FROZEN|O_IND|16|0|0.01|0.01|8,joint_1_minus_joint_0,pX,0.0,0.0,0.0,0.0,True
fresh_locked_test,C1_LEGACY_FROZEN|O_IND|16|0|0.01|0.01|8,joint_1_minus_joint_0,v,0.0,0.0,0.0,0.0,True
fresh_locked_test,C1_LEGACY_FROZEN|O_IND|16|0|0.01|0.01|8,joint_1_minus_no_x_off_1,event,0.023606019425929187,0.023606019425929187,0.021578530898097237,0.021578530898097237,True
fresh_locked_test,C1_LEGACY_FROZEN|O_IND|16|0|0.01|0.01|8,joint_1_minus_no_x_off_1,pX,2.592827589919932e-05,2.592827589919932e-05,0.05001367216468174,0.05001367216468174,True
fresh_locked_test,C1_LEGACY_FROZEN|O_IND|16|0|0.01|0.01|8,joint_1_minus_no_x_off_1,v,0.0003184752056919998,0.0003184752056919998,0.02130187151703536,0.02130187151703536,True
fresh_locked_test,C1_LEGACY_FROZEN|O_IND|16|0|0.01|0.01|8,no_x_off_1_minus_joint_0,event,0.002308815065316095,0.002308815065316095,0.009063185401363003,0.009063185401363003,True
fresh_locked_test,C1_LEGACY_FROZEN|O_IND|16|0|0.01|0.01|8,no_x_off_1_minus_joint_0,pX,6.967561092191196e-06,6.967561092191196e-06,0.060108757314510146,0.060108757314510146,True
fresh_locked_test,C1_LEGACY_FROZEN|O_IND|16|0|0.01|0.01|8,no_x_off_1_minus_joint_0,v,3.552252432200071e-06,3.552252432200071e-06,0.0011476676174742326,0.0011476676174742326,True
fresh_locked_test,C1_LEGACY_FROZEN|O_IND|256|0|0.01|0.01|8,joint_1_minus_joint_0,event,0.0,0.0,0.0,0.0,True
fresh_locked_test,C1_LEGACY_FROZEN|O_IND|256|0|0.01|0.01|8,joint_1_minus_joint_0,pX,0.0,0.0,0.0,0.0,True
fresh_locked_test,C1_LEGACY_FROZEN|O_IND|256|0|0.01|0.01|8,joint_1_minus_joint_0,v,0.0,0.0,0.0,0.0,True
fresh_locked_test,C1_LEGACY_FROZEN|O_IND|256|0|0.01|0.01|8,joint_1_minus_no_x_off_1,event,0.023606019425929187,0.023606019425929187,0.021578530898097237,0.021578530898097237,True
fresh_locked_test,C1_LEGACY_FROZEN|O_IND|256|0|0.01|0.01|8,joint_1_minus_no_x_off_1,pX,2.592827589919932e-05,2.592827589919932e-05,0.05001367216468174,0.05001367216468174,True
fresh_locked_test,C1_LEGACY_FROZEN|O_IND|256|0|0.01|0.01|8,joint_1_minus_no_x_off_1,v,0.0003184752056919998,0.0003184752056919998,0.02130187151703536,0.02130187151703536,True
fresh_locked_test,C1_LEGACY_FROZEN|O_IND|256|0|0.01|0.01|8,no_x_off_1_minus_joint_0,event,0.002308815065316095,0.002308815065316095,0.009063185401363003,0.009063185401363003,True
fresh_locked_test,C1_LEGACY_FROZEN|O_IND|256|0|0.01|0.01|8,no_x_off_1_minus_joint_0,pX,6.967561092191196e-06,6.967561092191196e-06,0.060108757314510146,0.060108757314510146,True
fresh_locked_test,C1_LEGACY_FROZEN|O_IND|256|0|0.01|0.01|8,no_x_off_1_minus_joint_0,v,3.552252432200071e-06,3.552252432200071e-06,0.0011476676174742326,0.0011476676174742326,True
fresh_locked_test,C1_LEGACY_FROZEN|O_IND|64|0|0.01|0.01|8,joint_1_minus_joint_0,event,0.0,0.0,0.0,0.0,True
fresh_locked_test,C1_LEGACY_FROZEN|O_IND|64|0|0.01|0.01|8,joint_1_minus_joint_0,pX,0.0,0.0,0.0,0.0,True
fresh_locked_test,C1_LEGACY_FROZEN|O_IND|64|0|0.01|0.01|8,joint_1_minus_joint_0,v,0.0,0.0,0.0,0.0,True
fresh_locked_test,C1_LEGACY_FROZEN|O_IND|64|0|0.01|0.01|8,joint_1_minus_no_x_off_1,event,0.023606019425929187,0.023606019425929187,0.021578530898097237,0.021578530898097237,True
fresh_locked_test,C1_LEGACY_FROZEN|O_IND|64|0|0.01|0.01|8,joint_1_minus_no_x_off_1,pX,2.592827589919932e-05,2.592827589919932e-05,0.05001367216468174,0.05001367216468174,True
fresh_locked_test,C1_LEGACY_FROZEN|O_IND|64|0|0.01|0.01|8,joint_1_minus_no_x_off_1,v,0.0003184752056919998,0.0003184752056919998,0.02130187151703536,0.02130187151703536,True
fresh_locked_test,C1_LEGACY_FROZEN|O_IND|64|0|0.01|0.01|8,no_x_off_1_minus_joint_0,event,0.002308815065316095,0.002308815065316095,0.009063185401363003,0.009063185401363003,True
fresh_locked_test,C1_LEGACY_FROZEN|O_IND|64|0|0.01|0.01|8,no_x_off_1_minus_joint_0,pX,6.967561092191196e-06,6.967561092191196e-06,0.060108757314510146,0.060108757314510146,True
fresh_locked_test,C1_LEGACY_FROZEN|O_IND|64|0|0.01|0.01|8,no_x_off_1_minus_joint_0,v,3.552252432200071e-06,3.552252432200071e-06,0.0011476676174742326,0.0011476676174742326,True
fresh_locked_test,C3|O_LR_MIX|16|FULL|1e-05|0.01|2,joint_1_minus_joint_0,event,0.0546519285395007,0.054651928539500905,0.09755402780578058,0.032141026517107034,True
fresh_locked_test,C3|O_LR_MIX|16|FULL|1e-05|0.01|2,joint_1_minus_joint_0,pX,7.919094282195846e-05,7.919094282184683e-05,0.22776467149230598,0.10047780997128351,True
fresh_locked_test,C3|O_LR_MIX|16|FULL|1e-05|0.01|2,joint_1_minus_joint_0,v,0.0005438364907393001,0.0005438364907393999,0.09746772862051728,0.023509118334268407,True
fresh_locked_test,C3|O_LR_MIX|16|FULL|1e-05|0.01|2,joint_1_minus_no_x_off_1,event,0.0668229505969361,0.08021015401288231,0.17557406181812607,0.07332101424973686,False
fresh_locked_test,C3|O_LR_MIX|16|FULL|1e-05|0.01|2,joint_1_minus_no_x_off_1,pX,8.314828515058112e-05,0.00010277972891784356,0.3367358899223122,0.19825427989335095,False
fresh_locked_test,C3|O_LR_MIX|16|FULL|1e-05|0.01|2,joint_1_minus_no_x_off_1,v,0.0007131789297942999,0.0009405404577434998,0.18000283304254555,0.06290998994377586,False
fresh_locked_test,C3|O_LR_MIX|16|FULL|1e-05|0.01|2,no_x_off_1_minus_joint_0,event,0.0179094592943956,0.0235613397768597,0.17274502487266574,0.09248934395399608,False
fresh_locked_test,C3|O_LR_MIX|16|FULL|1e-05|0.01|2,no_x_off_1_minus_joint_0,pX,1.1909498710894e-05,1.4623147888351874e-05,0.2097314031704443,0.12615307364584702,False
fresh_locked_test,C3|O_LR_MIX|16|FULL|1e-05|0.01|2,no_x_off_1_minus_joint_0,v,0.00014117066436308313,0.00022010430948698527,0.1718646651222002,0.0711116659883005,False
fresh_locked_test,C3|O_LR_MIX|256|FULL|1e-05|0.01|2,joint_1_minus_joint_0,event,0.05465192853950091,0.054651928539500905,0.11096808728791432,0.032141026517107034,True
fresh_locked_test,C3|O_LR_MIX|256|FULL|1e-05|0.01|2,joint_1_minus_joint_0,pX,7.919094282195844e-05,7.919094282184683e-05,0.27279857400011154,0.10047780997128351,True
fresh_locked_test,C3|O_LR_MIX|256|FULL|1e-05|0.01|2,joint_1_minus_joint_0,v,0.0005438364907391999,0.0005438364907393999,0.10036012361151034,0.023509118334268407,True
fresh_locked_test,C3|O_LR_MIX|256|FULL|1e-05|0.01|2,joint_1_minus_no_x_off_1,event,0.06391629935272551,0.08021015401288231,0.1908615301025829,0.07332101424973686,False
fresh_locked_test,C3|O_LR_MIX|256|FULL|1e-05|0.01|2,joint_1_minus_no_x_off_1,pX,8.143703366284259e-05,0.00010277972891784356,0.3919850655979437,0.19825427989335095,False
fresh_locked_test,C3|O_LR_MIX|256|FULL|1e-05|0.01|2,joint_1_minus_no_x_off_1,v,0.0007004736811439,0.0009405404577434998,0.18172652806486633,0.06290998994377586,False
fresh_locked_test,C3|O_LR_MIX|256|FULL|1e-05|0.01|2,no_x_off_1_minus_joint_0,event,0.017001955595871504,0.0235613397768597,0.18536875569796202,0.09248934395399608,False
fresh_locked_test,C3|O_LR_MIX|256|FULL|1e-05|0.01|2,no_x_off_1_minus_joint_0,pX,1.1235574126966593e-05,1.4623147888351874e-05,0.24254309447416142,0.12615307364584702,False
fresh_locked_test,C3|O_LR_MIX|256|FULL|1e-05|0.01|2,no_x_off_1_minus_joint_0,v,0.00013730238216098394,0.00022010430948698527,0.17473265807933305,0.0711116659883005,False
fresh_locked_test,C3|O_LR_MIX|64|FULL|1e-05|0.01|2,joint_1_minus_joint_0,event,0.05465192853950121,0.054651928539500905,0.10823121398390552,0.032141026517107034,True
fresh_locked_test,C3|O_LR_MIX|64|FULL|1e-05|0.01|2,joint_1_minus_joint_0,pX,7.919094282195845e-05,7.919094282184683e-05,0.26834361306366655,0.10047780997128351,True
fresh_locked_test,C3|O_LR_MIX|64|FULL|1e-05|0.01|2,joint_1_minus_joint_0,v,0.0005438364907392999,0.0005438364907393999,0.09934106632381742,0.023509118334268407,True
fresh_locked_test,C3|O_LR_MIX|64|FULL|1e-05|0.01|2,joint_1_minus_no_x_off_1,event,0.0644583251123297,0.08021015401288231,0.18774799847704093,0.07332101424973686,False
fresh_locked_test,C3|O_LR_MIX|64|FULL|1e-05|0.01|2,joint_1_minus_no_x_off_1,pX,8.122861042602692e-05,0.00010277972891784356,0.3848332315713992,0.19825427989335095,False
fresh_locked_test,C3|O_LR_MIX|64|FULL|1e-05|0.01|2,joint_1_minus_no_x_off_1,v,0.0007035647295982,0.0009405404577434998,0.180920278229859,0.06290998994377586,False
fresh_locked_test,C3|O_LR_MIX|64|FULL|1e-05|0.01|2,no_x_off_1_minus_joint_0,event,0.017186844169313202,0.0235613397768597,0.18272671517824524,0.09248934395399608,False
fresh_locked_test,C3|O_LR_MIX|64|FULL|1e-05|0.01|2,no_x_off_1_minus_joint_0,pX,1.1384224960402335e-05,1.4623147888351874e-05,0.23760283275033725,0.12615307364584702,False
fresh_locked_test,C3|O_LR_MIX|64|FULL|1e-05|0.01|2,no_x_off_1_minus_joint_0,v,0.00013833912443776927,0.00022010430948698527,0.17318755235247157,0.0711116659883005,False
fresh_locked_test,C3|O_LR_ORIGIN|16|FULL|1e-05|0.01|2,joint_1_minus_joint_0,event,0.054651928539501,0.054651928539500905,0.09721198617391717,0.032141026517107034,True
fresh_locked_test,C3|O_LR_ORIGIN|16|FULL|1e-05|0.01|2,joint_1_minus_joint_0,pX,7.919094282195846e-05,7.919094282184683e-05,0.22168170454343372,0.10047780997128351,True
fresh_locked_test,C3|O_LR_ORIGIN|16|FULL|1e-05|0.01|2,joint_1_minus_joint_0,v,0.0005438364907393001,0.0005438364907393999,0.09684807254840704,0.023509118334268407,True
fresh_locked_test,C3|O_LR_ORIGIN|16|FULL|1e-05|0.01|2,joint_1_minus_no_x_off_1,event,0.0669013631985998,0.08021015401288231,0.1763329352687455,0.07332101424973686,False
fresh_locked_test,C3|O_LR_ORIGIN|16|FULL|1e-05|0.01|2,joint_1_minus_no_x_off_1,pX,8.309805916317703e-05,0.00010277972891784356,0.33124978059787086,0.19825427989335095,False
fresh_locked_test,C3|O_LR_ORIGIN|16|FULL|1e-05|0.01|2,joint_1_minus_no_x_off_1,v,0.0007093825885258001,0.0009405404577434998,0.1778699784393487,0.06290998994377586,False
fresh_locked_test,C3|O_LR_ORIGIN|16|FULL|1e-05|0.01|2,no_x_off_1_minus_joint_0,event,0.017852015401296203,0.0235613397768597,0.17117495485851636,0.09248934395399608,False
fresh_locked_test,C3|O_LR_ORIGIN|16|FULL|1e-05|0.01|2,no_x_off_1_minus_joint_0,pX,1.1922015173509337e-05,1.4623147888351874e-05,0.2034483402545933,0.12615307364584702,False
fresh_locked_test,C3|O_LR_ORIGIN|16|FULL|1e-05|0.01|2,no_x_off_1_minus_joint_0,v,0.00013976045060888135,0.00022010430948698527,0.1711336233727988,0.0711116659883005,False
fresh_locked_test,C3|O_LR_ORIGIN|256|FULL|1e-05|0.01|2,joint_1_minus_joint_0,event,0.054651928539500974,0.054651928539500905,0.11109253134402726,0.032141026517107034,True
fresh_locked_test,C3|O_LR_ORIGIN|256|FULL|1e-05|0.01|2,joint_1_minus_joint_0,pX,7.919094282195845e-05,7.919094282184683e-05,0.27530271806529905,0.10047780997128351,True
fresh_locked_test,C3|O_LR_ORIGIN|256|FULL|1e-05|0.01|2,joint_1_minus_joint_0,v,0.0005438364907394,0.0005438364907393999,0.10042505062549277,0.023509118334268407,True
fresh_locked_test,C3|O_LR_ORIGIN|256|FULL|1e-05|0.01|2,joint_1_minus_no_x_off_1,event,0.06389312927855761,0.08021015401288231,0.1911451742647335,0.07332101424973686,False
fresh_locked_test,C3|O_LR_ORIGIN|256|FULL|1e-05|0.01|2,joint_1_minus_no_x_off_1,pX,8.114092675519992e-05,0.00010277972891784356,0.39332991267800876,0.19825427989335095,False
fresh_locked_test,C3|O_LR_ORIGIN|256|FULL|1e-05|0.01|2,joint_1_minus_no_x_off_1,v,0.0007003918653468002,0.0009405404577434998,0.18212755830716387,0.06290998994377586,False
fresh_locked_test,C3|O_LR_ORIGIN|256|FULL|1e-05|0.01|2,no_x_off_1_minus_joint_0,event,0.016997428917817796,0.0235613397768597,0.18530611493597057,0.09248934395399608,False
fresh_locked_test,C3|O_LR_ORIGIN|256|FULL|1e-05|0.01|2,no_x_off_1_minus_joint_0,pX,1.1209714286199945e-05,1.4623147888351874e-05,0.2458366073899096,0.12615307364584702,False
fresh_locked_test,C3|O_LR_ORIGIN|256|FULL|1e-05|0.01|2,no_x_off_1_minus_joint_0,v,0.00013732855187061847,0.00022010430948698527,0.1743020318259372,0.0711116659883005,False
fresh_locked_test,C3|O_LR_ORIGIN|64|FULL|1e-05|0.01|2,joint_1_minus_joint_0,event,0.054651928539500905,0.054651928539500905,0.10787667057315542,0.032141026517107034,True
fresh_locked_test,C3|O_LR_ORIGIN|64|FULL|1e-05|0.01|2,joint_1_minus_joint_0,pX,7.919094282195845e-05,7.919094282184683e-05,0.2635339126228037,0.10047780997128351,True
fresh_locked_test,C3|O_LR_ORIGIN|64|FULL|1e-05|0.01|2,joint_1_minus_joint_0,v,0.0005438364907392002,0.0005438364907393999,0.09956099212369715,0.023509118334268407,True
fresh_locked_test,C3|O_LR_ORIGIN|64|FULL|1e-05|0.01|2,joint_1_minus_no_x_off_1,event,0.0645320920932034,0.08021015401288231,0.18785157627204216,0.07332101424973686,False
fresh_locked_test,C3|O_LR_ORIGIN|64|FULL|1e-05|0.01|2,joint_1_minus_no_x_off_1,pX,8.165772562066026e-05,0.00010277972891784356,0.3818506739106186,0.19825427989335095,False
fresh_locked_test,C3|O_LR_ORIGIN|64|FULL|1e-05|0.01|2,joint_1_minus_no_x_off_1,v,0.0007031623805586002,0.0009405404577434998,0.18140682960867321,0.06290998994377586,False
fresh_locked_test,C3|O_LR_ORIGIN|64|FULL|1e-05|0.01|2,no_x_off_1_minus_joint_0,event,0.017165245492486603,0.0235613397768597,0.18196029814143905,0.09248934395399608,False
fresh_locked_test,C3|O_LR_ORIGIN|64|FULL|1e-05|0.01|2,no_x_off_1_minus_joint_0,pX,1.138828283310188e-05,1.4623147888351874e-05,0.2372232202332103,0.12615307364584702,False
fresh_locked_test,C3|O_LR_ORIGIN|64|FULL|1e-05|0.01|2,no_x_off_1_minus_joint_0,v,0.00013751516148345592,0.00022010430948698527,0.17272139616001617,0.0711116659883005,False
fresh_locked_test,C5|O_LR_ORIGIN|16|4|1e-05|0.01|2,joint_1_minus_joint_0,event,0.054651928539500995,0.054651928539500905,0.09721198617391713,0.032141026517107034,True
fresh_locked_test,C5|O_LR_ORIGIN|16|4|1e-05|0.01|2,joint_1_minus_joint_0,pX,7.919094282195846e-05,7.919094282184683e-05,0.22168170454343372,0.10047780997128351,True
fresh_locked_test,C5|O_LR_ORIGIN|16|4|1e-05|0.01|2,joint_1_minus_joint_0,v,0.0005438364907393001,0.0005438364907393999,0.09684807254840704,0.023509118334268407,True
fresh_locked_test,C5|O_LR_ORIGIN|16|4|1e-05|0.01|2,joint_1_minus_no_x_off_1,event,0.0669013631985998,0.08021015401288231,0.1763329352687455,0.07332101424973686,False
fresh_locked_test,C5|O_LR_ORIGIN|16|4|1e-05|0.01|2,joint_1_minus_no_x_off_1,pX,8.309805916317704e-05,0.00010277972891784356,0.3312497805978709,0.19825427989335095,False
fresh_locked_test,C5|O_LR_ORIGIN|16|4|1e-05|0.01|2,joint_1_minus_no_x_off_1,v,0.0007093825885258001,0.0009405404577434998,0.1778699784393487,0.06290998994377586,False
fresh_locked_test,C5|O_LR_ORIGIN|16|4|1e-05|0.01|2,no_x_off_1_minus_joint_0,event,0.017852015401296203,0.0235613397768597,0.17117495485851636,0.09248934395399608,False
fresh_locked_test,C5|O_LR_ORIGIN|16|4|1e-05|0.01|2,no_x_off_1_minus_joint_0,pX,1.1922015173509339e-05,1.4623147888351874e-05,0.20344834025459332,0.12615307364584702,False
fresh_locked_test,C5|O_LR_ORIGIN|16|4|1e-05|0.01|2,no_x_off_1_minus_joint_0,v,0.00013976045060888143,0.00022010430948698527,0.1711336233727989,0.0711116659883005,False
fresh_locked_test,C5|O_LR_ORIGIN|256|4|1e-05|0.01|2,joint_1_minus_joint_0,event,0.05465192853950078,0.054651928539500905,0.11109253134402688,0.032141026517107034,True
fresh_locked_test,C5|O_LR_ORIGIN|256|4|1e-05|0.01|2,joint_1_minus_joint_0,pX,7.919094282195845e-05,7.919094282184683e-05,0.27530271806529905,0.10047780997128351,True
fresh_locked_test,C5|O_LR_ORIGIN|256|4|1e-05|0.01|2,joint_1_minus_joint_0,v,0.0005438364907394,0.0005438364907393999,0.10042505062549277,0.023509118334268407,True
fresh_locked_test,C5|O_LR_ORIGIN|256|4|1e-05|0.01|2,joint_1_minus_no_x_off_1,event,0.0638931292785575,0.08021015401288231,0.19114517426473315,0.07332101424973686,False
fresh_locked_test,C5|O_LR_ORIGIN|256|4|1e-05|0.01|2,joint_1_minus_no_x_off_1,pX,8.114092675519992e-05,0.00010277972891784356,0.39332991267800876,0.19825427989335095,False
fresh_locked_test,C5|O_LR_ORIGIN|256|4|1e-05|0.01|2,joint_1_minus_no_x_off_1,v,0.0007003918653468002,0.0009405404577434998,0.18212755830716387,0.06290998994377586,False
fresh_locked_test,C5|O_LR_ORIGIN|256|4|1e-05|0.01|2,no_x_off_1_minus_joint_0,event,0.016997428917817796,0.0235613397768597,0.18530611493597057,0.09248934395399608,False
fresh_locked_test,C5|O_LR_ORIGIN|256|4|1e-05|0.01|2,no_x_off_1_minus_joint_0,pX,1.1209714286199941e-05,1.4623147888351874e-05,0.24583660738990953,0.12615307364584702,False
fresh_locked_test,C5|O_LR_ORIGIN|256|4|1e-05|0.01|2,no_x_off_1_minus_joint_0,v,0.00013732855187061858,0.00022010430948698527,0.17430203182593734,0.0711116659883005,False
fresh_locked_test,C5|O_LR_ORIGIN|64|4|1e-05|0.01|2,joint_1_minus_joint_0,event,0.054651928539500905,0.054651928539500905,0.10787667057315539,0.032141026517107034,True
fresh_locked_test,C5|O_LR_ORIGIN|64|4|1e-05|0.01|2,joint_1_minus_joint_0,pX,7.919094282195845e-05,7.919094282184683e-05,0.26353391262280373,0.10047780997128351,True
fresh_locked_test,C5|O_LR_ORIGIN|64|4|1e-05|0.01|2,joint_1_minus_joint_0,v,0.0005438364907392002,0.0005438364907393999,0.09956099212369715,0.023509118334268407,True
fresh_locked_test,C5|O_LR_ORIGIN|64|4|1e-05|0.01|2,joint_1_minus_no_x_off_1,event,0.06453209209320329,0.08021015401288231,0.18785157627204183,0.07332101424973686,False
fresh_locked_test,C5|O_LR_ORIGIN|64|4|1e-05|0.01|2,joint_1_minus_no_x_off_1,pX,8.165772562066026e-05,0.00010277972891784356,0.38185067391061867,0.19825427989335095,False
fresh_locked_test,C5|O_LR_ORIGIN|64|4|1e-05|0.01|2,joint_1_minus_no_x_off_1,v,0.0007031623805586002,0.0009405404577434998,0.18140682960867321,0.06290998994377586,False
fresh_locked_test,C5|O_LR_ORIGIN|64|4|1e-05|0.01|2,no_x_off_1_minus_joint_0,event,0.017165245492486603,0.0235613397768597,0.18196029814143905,0.09248934395399608,False
fresh_locked_test,C5|O_LR_ORIGIN|64|4|1e-05|0.01|2,no_x_off_1_minus_joint_0,pX,1.138828283310188e-05,1.4623147888351874e-05,0.2372232202332103,0.12615307364584702,False
fresh_locked_test,C5|O_LR_ORIGIN|64|4|1e-05|0.01|2,no_x_off_1_minus_joint_0,v,0.000137515161483456,0.00022010430948698527,0.17272139616001625,0.0711116659883005,False
fresh_locked_test,C6|O_LR_MIX|16|4|1e-05|0.01|2,joint_1_minus_joint_0,event,0.05465192853950091,0.054651928539500905,0.09755402780578093,0.032141026517107034,True
fresh_locked_test,C6|O_LR_MIX|16|4|1e-05|0.01|2,joint_1_minus_joint_0,pX,7.919094282195845e-05,7.919094282184683e-05,0.22776467149230595,0.10047780997128351,True
fresh_locked_test,C6|O_LR_MIX|16|4|1e-05|0.01|2,joint_1_minus_joint_0,v,0.0005438364907393001,0.0005438364907393999,0.09746772862051728,0.023509118334268407,True
fresh_locked_test,C6|O_LR_MIX|16|4|1e-05|0.01|2,joint_1_minus_no_x_off_1,event,0.0668229505969361,0.08021015401288231,0.17557406181812607,0.07332101424973686,False
fresh_locked_test,C6|O_LR_MIX|16|4|1e-05|0.01|2,joint_1_minus_no_x_off_1,pX,8.314828515058114e-05,0.00010277972891784356,0.33673588992231224,0.19825427989335095,False
fresh_locked_test,C6|O_LR_MIX|16|4|1e-05|0.01|2,joint_1_minus_no_x_off_1,v,0.0007131789297942999,0.0009405404577434998,0.18000283304254555,0.06290998994377586,False
fresh_locked_test,C6|O_LR_MIX|16|4|1e-05|0.01|2,no_x_off_1_minus_joint_0,event,0.0179094592943956,0.0235613397768597,0.17274502487266574,0.09248934395399608,False
fresh_locked_test,C6|O_LR_MIX|16|4|1e-05|0.01|2,no_x_off_1_minus_joint_0,pX,1.1909498710894e-05,1.4623147888351874e-05,0.20973140317044434,0.12615307364584702,False
fresh_locked_test,C6|O_LR_MIX|16|4|1e-05|0.01|2,no_x_off_1_minus_joint_0,v,0.0001411706643630832,0.00022010430948698527,0.17186466512220028,0.0711116659883005,False
fresh_locked_test,C6|O_LR_MIX|256|4|1e-05|0.01|2,joint_1_minus_joint_0,event,0.054651928539500995,0.054651928539500905,0.11096808728791449,0.032141026517107034,True
fresh_locked_test,C6|O_LR_MIX|256|4|1e-05|0.01|2,joint_1_minus_joint_0,pX,7.919094282195846e-05,7.919094282184683e-05,0.2727985740001116,0.10047780997128351,True
fresh_locked_test,C6|O_LR_MIX|256|4|1e-05|0.01|2,joint_1_minus_joint_0,v,0.0005438364907391999,0.0005438364907393999,0.10036012361151034,0.023509118334268407,True
fresh_locked_test,C6|O_LR_MIX|256|4|1e-05|0.01|2,joint_1_minus_no_x_off_1,event,0.06391629935272541,0.08021015401288231,0.19086153010258258,0.07332101424973686,False
fresh_locked_test,C6|O_LR_MIX|256|4|1e-05|0.01|2,joint_1_minus_no_x_off_1,pX,8.143703366284257e-05,0.00010277972891784356,0.39198506559794366,0.19825427989335095,False
fresh_locked_test,C6|O_LR_MIX|256|4|1e-05|0.01|2,joint_1_minus_no_x_off_1,v,0.0007004736811439,0.0009405404577434998,0.18172652806486633,0.06290998994377586,False
fresh_locked_test,C6|O_LR_MIX|256|4|1e-05|0.01|2,no_x_off_1_minus_joint_0,event,0.017001955595871504,0.0235613397768597,0.18536875569796202,0.09248934395399608,False
fresh_locked_test,C6|O_LR_MIX|256|4|1e-05|0.01|2,no_x_off_1_minus_joint_0,pX,1.1235574126966592e-05,1.4623147888351874e-05,0.24254309447416142,0.12615307364584702,False
fresh_locked_test,C6|O_LR_MIX|256|4|1e-05|0.01|2,no_x_off_1_minus_joint_0,v,0.00013730238216098407,0.00022010430948698527,0.17473265807933325,0.0711116659883005,False
fresh_locked_test,C6|O_LR_MIX|64|4|1e-05|0.01|2,joint_1_minus_joint_0,event,0.05465192853950101,0.054651928539500905,0.10823121398390512,0.032141026517107034,True
fresh_locked_test,C6|O_LR_MIX|64|4|1e-05|0.01|2,joint_1_minus_joint_0,pX,7.919094282195845e-05,7.919094282184683e-05,0.26834361306366655,0.10047780997128351,True
fresh_locked_test,C6|O_LR_MIX|64|4|1e-05|0.01|2,joint_1_minus_joint_0,v,0.0005438364907392999,0.0005438364907393999,0.09934106632381742,0.023509118334268407,True
fresh_locked_test,C6|O_LR_MIX|64|4|1e-05|0.01|2,joint_1_minus_no_x_off_1,event,0.0644583251123298,0.08021015401288231,0.18774799847704118,0.07332101424973686,False
fresh_locked_test,C6|O_LR_MIX|64|4|1e-05|0.01|2,joint_1_minus_no_x_off_1,pX,8.122861042602692e-05,0.00010277972891784356,0.38483323157139926,0.19825427989335095,False
fresh_locked_test,C6|O_LR_MIX|64|4|1e-05|0.01|2,joint_1_minus_no_x_off_1,v,0.0007035647295982,0.0009405404577434998,0.180920278229859,0.06290998994377586,False
fresh_locked_test,C6|O_LR_MIX|64|4|1e-05|0.01|2,no_x_off_1_minus_joint_0,event,0.017186844169313202,0.0235613397768597,0.18272671517824524,0.09248934395399608,False
fresh_locked_test,C6|O_LR_MIX|64|4|1e-05|0.01|2,no_x_off_1_minus_joint_0,pX,1.1384224960402333e-05,1.4623147888351874e-05,0.23760283275033725,0.12615307364584702,False
fresh_locked_test,C6|O_LR_MIX|64|4|1e-05|0.01|2,no_x_off_1_minus_joint_0,v,0.00013833912443776927,0.00022010430948698527,0.17318755235247157,0.0711116659883005,False
